id_solotodo,categoria_solotodo,marca,modelo,nombre_completo,tipo,combustible,consumo_bruto,rendimiento_n,cop_calor,poder_calorifico_bruto,rango_calefaccion,precio_max_c_iva_clp,tienda_precio_max,url_tienda_precio_max,precio_oferta_tienda_max_clp,precio_min_c_iva_clp,tienda_precio_min,num_tiendas_activas,tiendas_detalle,costo_instalacion_c_iva,mantencion_c_iva,otros,url_solotodo
269451,Aire Acondicionado Portátil,Airolite,CLIMATE PRO 12.000 BTU/H WIFI,Airolite CLIMATE PRO 12.000 BTU/H WIFI,Aire Acondicionado Portátil,Electricidad,Capacidad 12000 BTU/h,-,-,12000 BTU/h,24 m2,579990,ABC,https://www.abc.cl/aire-acondicionado-portatil-airolite-climate-pro-12000-btu-wifi/27976891.html,579990,279990,Falabella Marketplace (AIROLITE),6,"Ripley: $419,990 | Falabella: $399,990 | Travel Tienda: $399,990 | Easy: $419,990 | ABC: $579,990 (+1 más)",$ 0 (Portátil / Enchufable),$ 25.000 / año (Limpieza filtros),Certificación SEC QR: 519278 | Control Wi-Fi | Enchufable 220V directo. No requiere obras ni ductos.,https://www.solotodo.cl/products/269451
269429,Aire Acondicionado Portátil,LG,LP1419IVSM,LG LP1419IVSM,Aire Acondicionado Portátil,Electricidad,Capacidad 14000 BTU/h,-,-,14000 BTU/h,No especificado,559990,Paris Marketplace (LG Electronics),https://www.paris.cl/aire-acondicionado-portatil-lg-inverter-14000-btu-MKB4AVBM66.html,559990,399990,Falabella Marketplace (LG ELECTRONICS INC CHILE LIMITADA),3,"Paris Marketplace (LG Electronics): $559,990 | Tienda Oficial LG: $399,990 | Falabella Marketplace (LG ELECTRONICS INC CHILE LIMITADA): $399,990",$ 0 (Portátil / Enchufable),$ 25.000 / año (Limpieza filtros),Control Wi-Fi | Enchufable 220V directo. No requiere obras ni ductos.,https://www.solotodo.cl/products/269429
269456,Aire Acondicionado Portátil,Splendid,SPAC-HM14K-W,Splendid SPAC-HM14K-W,Aire Acondicionado Portátil,Electricidad,Capacidad 14000 BTU/h,-,-,14000 BTU/h,27 m2,549990,Mercado Libre (RHEEM_CHILE),https://www.mercadolibre.cl/p/MLC41827934?pdp_filters=official_store:all,549990,399990,Falabella Marketplace (Rheem Chile),4,"Easy: $399,990 | Travel Tienda: $399,990 | Falabella Marketplace (Rheem Chile): $399,990 | Mercado Libre (RHEEM_CHILE): $549,990",$ 0 (Portátil / Enchufable),$ 25.000 / año (Limpieza filtros),Certificación SEC QR: 516646 | Peso: 32.0 kg | Control Wi-Fi | Enchufable 220V directo. No requiere obras ni ductos.,https://www.solotodo.cl/products/269456
280209,Aire Acondicionado Portátil,Thorben,Thor Smart Pac 4En1 Wifi 14000 BTU,Thorben Thor Smart Pac 4En1 Wifi 14000 BTU,Aire Acondicionado Portátil,Electricidad,Capacidad 14000 BTU/h,-,-,14000 BTU/h,No especificado,519990,Falabella Marketplace (Thorben Store),https://www.falabella.com/falabella-cl/product/125359009/aire-acondicionado-portatil-frio-calor-smart-pac-4-en1-wifi-14000-btu/125359010,519990,519990,Falabella Marketplace (Thorben Store),1,"Falabella Marketplace (Thorben Store): $519,990",$ 0 (Portátil / Enchufable),$ 25.000 / año (Limpieza filtros),Certificación SEC QR: 486552 | Control Wi-Fi | Enchufable 220V directo. No requiere obras ni ductos.,https://www.solotodo.cl/products/280209
269458,Aire Acondicionado Portátil,Airolite,CLIMATE PRO 9.000 BTU/H WIFI,Airolite CLIMATE PRO 9.000 BTU/H WIFI,Aire Acondicionado Portátil,Electricidad,Capacidad 9000 BTU/h,-,-,9000 BTU/h,18 m2,509990,ABC,https://www.abc.cl/aire-acondicionado-portatil-airolite-climate-pro-9000-btu-wifi/27976832.html,509990,269990,Falabella Marketplace (AIROLITE),4,"Sodimac: $291,690 | Travel Tienda: $361,990 | ABC: $509,990 | Falabella Marketplace (AIROLITE): $269,990",$ 0 (Portátil / Enchufable),$ 25.000 / año (Limpieza filtros),Certificación SEC QR: 519283 | Peso: 26.9 kg | Control Wi-Fi | Enchufable 220V directo. No requiere obras ni ductos.,https://www.solotodo.cl/products/269458
357020,Aire Acondicionado Portátil,TCL,Aire Acondicionado Portátil Frio-Calor,TCL Aire Acondicionado Portátil Frio-Calor,Aire Acondicionado Portátil,Electricidad,Capacidad 12000 BTU/h,-,2.60 (Portátil Calor),12000 BTU/h,No especificado,499990,Falabella,https://www.falabella.com/falabella-cl/product/80600247/aire-acondicionado-portatil-frio-calor-tcl-12000-btu/80600247,499990,499990,Falabella,1,"Falabella: $499,990",$ 0 (Portátil / Enchufable),$ 25.000 / año (Limpieza filtros),Enchufable 220V directo. No requiere obras ni ductos.,https://www.solotodo.cl/products/357020
269441,Aire Acondicionado Portátil,Midea,MPPD-12KHRN1W,Midea MPPD-12KHRN1W,Aire Acondicionado Portátil,Electricidad,Capacidad 12000 BTU/h,-,-,12000 BTU/h,25 m2,489990,Ripley,https://simple.ripley.cl/aire-acondicionado-portatil-midea-12000-btu-mppd-12khrn1w-friocalor-wifi-2000398201490p,449990,399990,Easy,2,"Ripley: $489,990 | Easy: $399,990",$ 0 (Portátil / Enchufable),$ 25.000 / año (Limpieza filtros),Certificación SEC QR: 478725 | Control Wi-Fi | Enchufable 220V directo. No requiere obras ni ductos.,https://www.solotodo.cl/products/269441
269443,Aire Acondicionado Portátil,Ursus Trotter,BLIZZARD 12K,Ursus Trotter BLIZZARD 12K,Aire Acondicionado Portátil,Electricidad,Capacidad 12000 BTU/h,-,-,12000 BTU/h,No especificado,479990,Hites,https://www.hites.com/aire-acondicionado-ursus-trotter-ut-blizzard-12k-wifi-12000-btu-924627001.html,479990,419990,Mercado Libre (URSUS TROTTER),3,"Hites: $479,990 | Falabella: $449,990 | Mercado Libre (URSUS TROTTER): $419,990",$ 0 (Portátil / Enchufable),$ 25.000 / año (Limpieza filtros),Certificación SEC QR: 491612 | Control Wi-Fi | Enchufable 220V directo. No requiere obras ni ductos.,https://www.solotodo.cl/products/269443
269424,Aire Acondicionado Portátil,Midea,MPPD-12KHRN1,Midea MPPD-12KHRN1,Aire Acondicionado Portátil,Electricidad,Capacidad 12000 BTU/h,-,-,12000 BTU/h,20 m2,459990,Ripley,https://simple.ripley.cl/aire-acondicionado-portatil-midea-mppd-12khrn1-12000-btu-frio-calor-2000377376249p,429990,459990,Ripley,1,"Ripley: $459,990",$ 0 (Portátil / Enchufable),$ 25.000 / año (Limpieza filtros),Certificación SEC QR: 317145 | Peso: 29.5 kg | Enchufable 220V directo. No requiere obras ni ductos.,https://www.solotodo.cl/products/269424
277735,Aire Acondicionado Portátil,TCL,TAC-09CPA/RS2,TCL TAC-09CPA/RS2,Aire Acondicionado Portátil,Electricidad,Capacidad 9000 BTU/h,-,-,9000 BTU/h,No especificado,449990,Mercado Libre (TCLELECTRONICSCHILE),https://www.mercadolibre.cl/p/MLC28875656?pdp_filters=official_store:all,449990,239990,Ripley Marketplace (TCL),5,"Falabella Marketplace (TCL): $299,990 | Mercado Libre (TCLELECTRONICSCHILE): $449,990 | Falabella: $449,990 | Paris Marketplace (TCL): $449,990 | Ripley Marketplace (TCL): $239,990",$ 0 (Portátil / Enchufable),$ 25.000 / año (Limpieza filtros),Certificación SEC QR: 481472 | Enchufable 220V directo. No requiere obras ni ductos.,https://www.solotodo.cl/products/277735
280210,Aire Acondicionado Portátil,Thorben,Thor Smart Pac 4En1 Wifi 12000 BTU,Thorben Thor Smart Pac 4En1 Wifi 12000 BTU,Aire Acondicionado Portátil,Electricidad,Capacidad 12000 BTU/h,-,-,12000 BTU/h,No especificado,439990,Falabella Marketplace (Thorben Store),https://www.falabella.com/falabella-cl/product/124599059/Aire-Acondicionado-Frio-Calor-Smart-Pac-4En1-Wifi-12000-Btu/124599060,439990,439990,Falabella Marketplace (Thorben Store),1,"Falabella Marketplace (Thorben Store): $439,990",$ 0 (Portátil / Enchufable),$ 25.000 / año (Limpieza filtros),Certificación SEC QR: 486461 | Control Wi-Fi | Enchufable 220V directo. No requiere obras ni ductos.,https://www.solotodo.cl/products/280210
269545,Aire Acondicionado Portátil,Kendal,EVA III PRO WIF,Kendal EVA III PRO WIF,Aire Acondicionado Portátil,Electricidad,Capacidad 14000 BTU/h,-,-,14000 BTU/h,26 m2,439990,Falabella,https://www.falabella.com/falabella-cl/product/16847105/Aire-Acondicionado-Portatil-Frio-Calor-Eva-III-PRO-14.000-BTU-Wifi-Kendal/16847105,439990,439990,Falabella,1,"Falabella: $439,990",$ 0 (Portátil / Enchufable),$ 25.000 / año (Limpieza filtros),Certificación SEC QR: 486595 | Peso: 28.0 kg | Control Wi-Fi | Enchufable 220V directo. No requiere obras ni ductos.,https://www.solotodo.cl/products/269545
269446,Aire Acondicionado Portátil,Kendal,EVA III PRO 14000 BTU,Kendal EVA III PRO 14000 BTU,Aire Acondicionado Portátil,Electricidad,Capacidad 14000 BTU/h,-,-,14000 BTU/h,28 m2,439990,Sodimac,https://www.sodimac.cl/sodimac-cl/articulo/125123243/product/125123244,439990,439990,Sodimac,1,"Sodimac: $439,990",$ 0 (Portátil / Enchufable),$ 25.000 / año (Limpieza filtros),Certificación SEC QR: 486595 | Enchufable 220V directo. No requiere obras ni ductos.,https://www.solotodo.cl/products/269446
269442,Aire Acondicionado Portátil,Ursus Trotter,UT-BLIZZARD 9K WIFI,Ursus Trotter UT-BLIZZARD 9K WIFI,Aire Acondicionado Portátil,Electricidad,Capacidad 9000 BTU/h,-,-,9000 BTU/h,12 m2,429990,Hites,https://www.hites.com/aire-acondicionado-portatil-ursus-trotter-ut-blizzard-9k-9000-btu-924626001.html,429990,336990,Falabella,4,"Hites: $429,990 | Travel Tienda: $357,990 | Falabella: $336,990 | Mercado Libre (URSUS TROTTER): $379,990",$ 0 (Portátil / Enchufable),$ 25.000 / año (Limpieza filtros),Certificación SEC QR: 491634 | Control Wi-Fi | Enchufable 220V directo. No requiere obras ni ductos.,https://www.solotodo.cl/products/269442
269450,Aire Acondicionado Portátil,Toyotomi,AC-M09FW,Toyotomi AC-M09FW,Aire Acondicionado Portátil,Electricidad,Capacidad 9000 BTU/h,-,-,9000 BTU/h,20 m2,429990,Sodimac,https://www.sodimac.cl/sodimac-cl/articulo/137345278/product/137345280,429990,429990,Sodimac,1,"Sodimac: $429,990",$ 0 (Portátil / Enchufable),$ 25.000 / año (Limpieza filtros),Certificación SEC QR: 525398 | Control Wi-Fi | Enchufable 220V directo. No requiere obras ni ductos.,https://www.solotodo.cl/products/269450
403677,Aire Acondicionado Portátil,Electrolux,SP12FC,Electrolux SP12FC,Aire Acondicionado Portátil,Electricidad,Capacidad 12000 BTU/h,-,-,12000 BTU/h,No especificado,399990,Falabella Marketplace (Electrolux Group),https://www.falabella.com/falabella-cl/product/156772005/aire-acondicionado-portatil-12-000-btu-frio-inteligente-wi-ficontrol-voz-sp12fc/156772006,399990,399990,Lider Marketplace (ELECTROLUX DE CHILE S.A.),4,"Falabella Marketplace (Electrolux Group): $399,990 | Mercado Libre (Electrolux): $399,990 | Paris Marketplace (Electrolux): $399,990 | Lider Marketplace (ELECTROLUX DE CHILE S.A.): $399,990",$ 0 (Portátil / Enchufable),$ 25.000 / año (Limpieza filtros),Certificación SEC QR: 597029 | Peso: 31.5 kg | Control Wi-Fi | Enchufable 220V directo. No requiere obras ni ductos.,https://www.solotodo.cl/products/403677
269439,Aire Acondicionado Portátil,Kendal,EVA III PRO 12000,Kendal EVA III PRO 12000,Aire Acondicionado Portátil,Electricidad,Capacidad 12000 BTU/h,-,-,12000 BTU/h,26 m2,399990,Falabella,https://www.falabella.com/falabella-cl/product/16847013/Aire-Acondicionado-Portatil-Frio-Calor-Eva-III-PRO-12.000-BTU-Wifi-Kendal/16847013,399990,399990,Falabella,1,"Falabella: $399,990",$ 0 (Portátil / Enchufable),$ 25.000 / año (Limpieza filtros),Certificación SEC QR: 485492 | Peso: 26.8 kg | Control Wi-Fi | Enchufable 220V directo. No requiere obras ni ductos.,https://www.solotodo.cl/products/269439
357206,Aire Acondicionado Portátil,Thomas,TH-AC9000,Thomas TH-AC9000,Aire Acondicionado Portátil,Electricidad,Capacidad 800 BTU/h,-,-,800 BTU/h,25 m2,399990,Easy,https://www.easy.cl/aire-acondicionado-portatil-9000-btu-friocalor-th-ac9000-wifi-thomas-1303333/p,399990,369990,Falabella Marketplace (Thomas/Siegen),5,"Travel Tienda: $369,990 | Easy: $399,990 | ABC: $399,990 | Mercado Libre (COMERCIALIZADORALOSROBLESLT): $369,990 | Falabella Marketplace (Thomas/Siegen): $369,990",$ 0 (Portátil / Enchufable),$ 25.000 / año (Limpieza filtros),Certificación SEC QR: 358110 | Control Wi-Fi | Enchufable 220V directo. No requiere obras ni ductos.,https://www.solotodo.cl/products/357206
356425,Aire Acondicionado Portátil,Nex,Aire acondicionado portátil 1400 BTU Frío,Nex Aire acondicionado portátil 1400 BTU Frío,Aire Acondicionado Portátil,Electricidad,Capacidad 1400 BTU/h,-,-,1400 BTU/h,No especificado,399990,Easy,https://www.easy.cl/aire-acondicionado-portatil-14000-btu-frio-1471949/p,399990,399990,Easy,1,"Easy: $399,990",$ 0 (Portátil / Enchufable),$ 25.000 / año (Limpieza filtros),Certificación SEC QR: 492306 | Peso: 30.5 kg | Enchufable 220V directo. No requiere obras ni ductos.,https://www.solotodo.cl/products/356425
269455,Aire Acondicionado Portátil,Splendid,SPAC-HM12K-W,Splendid SPAC-HM12K-W,Aire Acondicionado Portátil,Electricidad,Capacidad 12000 BTU/h,-,-,12000 BTU/h,23 m2,389990,Easy,https://www.easy.cl/aire-acondicionado-portatil-12000-btu-friocalor-wifi-1439458/p,389990,329990,Falabella Marketplace (Rheem Chile),4,"Sodimac: $329,990 | Easy: $389,990 | Travel Tienda: $351,990 | Falabella Marketplace (Rheem Chile): $329,990",$ 0 (Portátil / Enchufable),$ 25.000 / año (Limpieza filtros),Certificación SEC QR: 516574 | Peso: 28.0 kg | Control Wi-Fi | Enchufable 220V directo. No requiere obras ni ductos.,https://www.solotodo.cl/products/269455
269426,Aire Acondicionado Portátil,Electrolux,EAP12B5TSCRW,Electrolux EAP12B5TSCRW,Aire Acondicionado Portátil,Electricidad,Capacidad 12000 BTU/h,-,-,12000 BTU/h,No especificado,389990,Ripley,https://simple.ripley.cl/aire-acondicionado-portatil-electrolux-12000-btu-eap12b5tscrw-2000371956027p,389990,299990,Lider Marketplace (ELECTROLUX DE CHILE S.A.),6,"Ripley: $389,990 | Travel Tienda: $299,990 | Falabella Marketplace (Electrolux Group): $319,990 | Paris Marketplace (Electrolux): $319,990 | Lider Marketplace (ELECTROLUX DE CHILE S.A.): $299,990 (+1 más)",$ 0 (Portátil / Enchufable),$ 25.000 / año (Limpieza filtros),Certificación SEC QR: 278559 | Peso: 30.0 kg | Enchufable 220V directo. No requiere obras ni ductos.,https://www.solotodo.cl/products/269426
269440,Aire Acondicionado Portátil,Thorben,Thor Smart Pac 4en1 Wifi 9000 BTU,Thorben Thor Smart Pac 4en1 Wifi 9000 BTU,Aire Acondicionado Portátil,Electricidad,Capacidad 9000 BTU/h,-,-,9000 BTU/h,No especificado,384990,Precio referencia SoloTodo,,384990,384990,Precio referencia SoloTodo,0,,$ 0 (Portátil / Enchufable),$ 25.000 / año (Limpieza filtros),Certificación SEC QR: 486450 | Peso: 28.0 kg | Control Wi-Fi | Enchufable 220V directo. No requiere obras ni ductos.,https://www.solotodo.cl/products/269440
269457,Aire Acondicionado Portátil,Splendid,SPAC-HM09K-W,Splendid SPAC-HM09K-W,Aire Acondicionado Portátil,Electricidad,Capacidad 9000 BTU/h,-,-,9000 BTU/h,18 m2,379990,Easy,https://www.easy.cl/aire-acondicionado-portatil-9000-btu-friocalor-wifi-1439457/p,379990,290890,Sodimac,5,"Sodimac: $290,890 | Easy: $379,990 | Travel Tienda: $329,990 | Falabella Marketplace (Rheem Chile): $314,990 | Mercado Libre (Splendid): $349,990",$ 0 (Portátil / Enchufable),$ 25.000 / año (Limpieza filtros),Certificación SEC QR: 516555 | Peso: 32.0 kg | Control Wi-Fi | Enchufable 220V directo. No requiere obras ni ductos.,https://www.solotodo.cl/products/269457
358525,Aire Acondicionado Portátil,Klyma,KÖLD 12WF ES WHITE,Klyma KÖLD 12WF ES WHITE,Aire Acondicionado Portátil,Electricidad,Capacidad 12000 BTU/h,-,-,12000 BTU/h,25 m2,369990,Easy,https://www.easy.cl/aire-acondicionado-portatil-kold-12-wf-es-white-1330-w-12000-btu-wifi-1502173/p,369990,259990,Travel Tienda,3,"Travel Tienda: $259,990 | Falabella Marketplace (A2 Brands): $299,990 | Easy: $369,990",$ 0 (Portátil / Enchufable),$ 25.000 / año (Limpieza filtros),Certificación SEC QR: 569313 | Peso: 28.0 kg | Control Wi-Fi | Enchufable 220V directo. No requiere obras ni ductos.,https://www.solotodo.cl/products/358525
269437,Aire Acondicionado Portátil,Kendal,EVA III PRO 9000,Kendal EVA III PRO 9000,Aire Acondicionado Portátil,Electricidad,Capacidad 9000 BTU/h,-,-,9000 BTU/h,23 m2,369990,Falabella,https://www.falabella.com/falabella-cl/product/16847106/Aire-Acondicionado-Portatil-Frio-Calor-Eva-III-PRO-9.000-BTU-Wifi-Kendal/16847106,369990,295990,Sodimac,3,"Falabella: $369,990 | Falabella: $369,990 | Sodimac: $295,990",$ 0 (Portátil / Enchufable),$ 25.000 / año (Limpieza filtros),Certificación SEC QR: 485488 | Peso: 26.8 kg | Control Wi-Fi | Enchufable 220V directo. No requiere obras ni ductos.,https://www.solotodo.cl/products/269437
352732,Aire Acondicionado Portátil,Thorben,Thor Pac 3En1 12000 BTU (AIAACTHO1633157),Thorben Thor Pac 3En1 12000 BTU (AIAACTHO1633157),Aire Acondicionado Portátil,Electricidad,Capacidad 12000 BTU/h,-,-,12000 BTU/h,No especificado,364990,Travel Tienda,https://tienda.travel.cl/aire-acondicionado/aire-acondicionado-port%C3%A1til-thorben-frio-pac-3-en-1-12000-btu/SKU136547,364990,364990,Travel Tienda,1,"Travel Tienda: $364,990",$ 0 (Portátil / Enchufable),$ 25.000 / año (Limpieza filtros),Certificación SEC QR: 535581 | Peso: 19.2 kg | Enchufable 220V directo. No requiere obras ni ductos.,https://www.solotodo.cl/products/352732
278865,Aire Acondicionado Portátil,Splendid,SPAC-FM12K-W,Splendid SPAC-FM12K-W,Aire Acondicionado Portátil,Electricidad,Capacidad 12000 BTU/h,-,-,12000 BTU/h,23 m2,349990,Mercado Libre (RHEEM_CHILE),https://www.mercadolibre.cl/p/MLC41825795?pdp_filters=official_store:all,349990,264990,Falabella Marketplace (Rheem Chile),3,"Travel Tienda: $314,990 | Mercado Libre (RHEEM_CHILE): $349,990 | Falabella Marketplace (Rheem Chile): $264,990",$ 0 (Portátil / Enchufable),$ 25.000 / año (Limpieza filtros),Certificación SEC QR: 516531 | Control Wi-Fi | Enchufable 220V directo. No requiere obras ni ductos.,https://www.solotodo.cl/products/278865
357918,Aire Acondicionado Portátil,Kendal,ECO III 14000,Kendal ECO III 14000,Aire Acondicionado Portátil,Electricidad,Capacidad 14000 BTU/h,-,-,14000 BTU/h,28 m2,349990,Falabella Marketplace (Mar del Sur),https://www.falabella.com/falabella-cl/product/124596218/Aire-Acondicionado-Portatil-kendal-Eco-14000-BTU/124596220,349990,349990,Falabella Marketplace (Mar del Sur),1,"Falabella Marketplace (Mar del Sur): $349,990",$ 0 (Portátil / Enchufable),$ 25.000 / año (Limpieza filtros),Certificación SEC QR: 404866 | Peso: 32.0 kg | Enchufable 220V directo. No requiere obras ni ductos.,https://www.solotodo.cl/products/357918
269423,Aire Acondicionado Portátil,Airolite,Y7 Cold-G,Airolite Y7 Cold-G,Aire Acondicionado Portátil,Electricidad,Capacidad 7000 BTU/h,-,-,7000 BTU/h,12 m2,329990,Falabella Marketplace (AIROLITE),https://www.falabella.com/falabella-cl/product/127649983/aire-acondicionado-portatil-solo-frio-7000-btu-h/127649984,329990,329990,Falabella Marketplace (AIROLITE),1,"Falabella Marketplace (AIROLITE): $329,990",$ 0 (Portátil / Enchufable),$ 25.000 / año (Limpieza filtros),Certificación SEC QR: 351992 | Enchufable 220V directo. No requiere obras ni ductos.,https://www.solotodo.cl/products/269423
358516,Aire Acondicionado Portátil,Klyma,KÖLD 12WF PRO WHITE (KYPAC0454),Klyma KÖLD 12WF PRO WHITE (KYPAC0454),Aire Acondicionado Portátil,Electricidad,Capacidad 12000 BTU/h,-,-,12000 BTU/h,25 m2,329990,Falabella Marketplace (A2 Brands),https://www.falabella.com/falabella-cl/product/147022627/Aire-Acondicionado-Portatil-FRIO-CALOR-Calefactor-4en1-WiFi-12000-BTU-KÖLD-12wf-PRO-White/147022628,329990,269990,Travel Tienda,2,"Travel Tienda: $269,990 | Falabella Marketplace (A2 Brands): $329,990",$ 0 (Portátil / Enchufable),$ 25.000 / año (Limpieza filtros),Certificación SEC QR: 569314 | Peso: 28.5 kg | Control Wi-Fi | Enchufable 220V directo. No requiere obras ni ductos.,https://www.solotodo.cl/products/358516
269464,Aire Acondicionado Portátil,Splendid,SPAP-12K,Splendid SPAP-12K,Aire Acondicionado Portátil,Electricidad,Capacidad 12000 BTU/h,-,-,12000 BTU/h,No especificado,329990,Mercado Libre (RHEEM_CHILE),https://www.mercadolibre.cl/p/MLC17481544?pdp_filters=official_store:all,329990,329990,Mercado Libre (RHEEM_CHILE),1,"Mercado Libre (RHEEM_CHILE): $329,990",$ 0 (Portátil / Enchufable),$ 25.000 / año (Limpieza filtros),Certificación SEC QR: 516574 | Control Wi-Fi | Enchufable 220V directo. No requiere obras ni ductos.,https://www.solotodo.cl/products/269464
357021,Aire Acondicionado Portátil,Verken,4en1 - 9.000 BTU Frio Calor Zermatt,Verken 4en1 - 9.000 BTU Frio Calor Zermatt,Aire Acondicionado Portátil,Electricidad,Capacidad 9000 BTU/h,-,2.60 (Portátil Calor),9000 BTU/h,20 m2,319990,Precio referencia SoloTodo,,319990,319990,Precio referencia SoloTodo,0,,$ 0 (Portátil / Enchufable),$ 25.000 / año (Limpieza filtros),Certificación SEC QR: 530918 | Enchufable 220V directo. No requiere obras ni ductos.,https://www.solotodo.cl/products/357021
363512,Aire Acondicionado Portátil,Midea,MPPXA-12HRN8,Midea MPPXA-12HRN8,Aire Acondicionado Portátil,Electricidad,Capacidad 12000 BTU/h,-,-,12000 BTU/h,No especificado,316990,Hites,https://www.hites.com/aire-acondicionado-portatil-midea-mppxa-12hrn8-968021001.html,316990,239990,Easy,4,"Easy: $239,990 | Paris: $279,990 | Hites: $316,990 | AirHome: $283,990",$ 0 (Portátil / Enchufable),$ 25.000 / año (Limpieza filtros),Certificación SEC QR: 566949 | Peso: 28.3 kg | Control Wi-Fi | Enchufable 220V directo. No requiere obras ni ductos.,https://www.solotodo.cl/products/363512
271071,Aire Acondicionado Portátil,Nex,ACP09288-FCWIFI,Nex ACP09288-FCWIFI,Aire Acondicionado Portátil,Electricidad,Capacidad 9000 BTU/h,-,-,9000 BTU/h,No especificado,299990,Easy,https://www.easy.cl/aire-acondicionado-9000btu-acp09288-fcwifi-1419514/p,299990,269990,Easy,2,"Easy: $299,990 | Easy: $269,990",$ 0 (Portátil / Enchufable),$ 25.000 / año (Limpieza filtros),Certificación SEC QR: 492301 | Peso: 22.5 kg | Control Wi-Fi | Enchufable 220V directo. No requiere obras ni ductos.,https://www.solotodo.cl/products/271071
397492,Aire Acondicionado Portátil,Hisense,12HW4RNPS01-N,Hisense 12HW4RNPS01-N,Aire Acondicionado Portátil,Electricidad,Capacidad 12000 BTU/h,-,-,12000 BTU/h,No especificado,299990,Cero Grado,https://cerogradoclimatizacion.cl/producto/13386/,299990,269990,Acondiparts,6,"Falabella Marketplace (Emma House): $288,990 | Cero Grado: $299,990 | Acondiparts: $269,990 | Thermo Quality: $279,990 | Portal del Aire: $289,990 (+1 más)",$ 0 (Portátil / Enchufable),$ 25.000 / año (Limpieza filtros),Control Wi-Fi | Enchufable 220V directo. No requiere obras ni ductos.,https://www.solotodo.cl/products/397492
360842,Aire Acondicionado Portátil,Noblex,NP3500H1,Noblex NP3500H1,Aire Acondicionado Portátil,Electricidad,Capacidad 12000 BTU/h,-,-,12000 BTU/h,27 m2,299990,Travel Tienda,https://tienda.travel.cl/port%C3%A1tiles/aire-acondicionado-noblex-port%C3%A1til-fr%C3%ADo-calor-12000-10000-btu/SKU112340,299990,259990,Falabella Marketplace (BOSCH CHILE),2,"Travel Tienda: $299,990 | Falabella Marketplace (BOSCH CHILE): $259,990",$ 0 (Portátil / Enchufable),$ 25.000 / año (Limpieza filtros),Enchufable 220V directo. No requiere obras ni ductos.,https://www.solotodo.cl/products/360842
274081,Aire Acondicionado Portátil,Recco,R07CPA/RS-F,Recco R07CPA/RS-F,Aire Acondicionado Portátil,Electricidad,Capacidad 7000 BTU/h,-,-,7000 BTU/h,14 m2,299990,Sodimac,https://www.sodimac.cl/sodimac-cl/articulo/110010239/product/110010241,299990,299990,Sodimac,1,"Sodimac: $299,990",$ 0 (Portátil / Enchufable),$ 25.000 / año (Limpieza filtros),"Certificación SEC QR: 343183,360591 | Enchufable 220V directo. No requiere obras ni ductos.",https://www.solotodo.cl/products/274081
269447,Aire Acondicionado Portátil,Thorben,AC Thor Pac 3en1 8000 BTU,Thorben AC Thor Pac 3en1 8000 BTU,Aire Acondicionado Portátil,Electricidad,Capacidad 8000 BTU/h,-,-,8000 BTU/h,No especificado,279990,Travel Tienda,https://tienda.travel.cl/aire-acondicionado/aire-acondicionado-thorben-pac-3-en-1-8000-btu/SKU93243,279990,279990,Travel Tienda,1,"Travel Tienda: $279,990",$ 0 (Portátil / Enchufable),$ 25.000 / año (Limpieza filtros),Certificación SEC QR: 486482 | Enchufable 220V directo. No requiere obras ni ductos.,https://www.solotodo.cl/products/269447
363509,Aire Acondicionado Portátil,Master G,MGAC12PORWF,Master G MGAC12PORWF,Aire Acondicionado Portátil,Electricidad,Capacidad 12000 BTU/h,-,-,12000 BTU/h,23 m2,269990,Ripley Marketplace (GASEI S.A.),https://simple.ripley.cl/aire-acondicionado-portatil-wifi-12000-btu-4en1-mgac12porwf-mpm10003111317,269990,249990,Tienda Oficial Master-G,2,"Ripley Marketplace (GASEI S.A.): $269,990 | Tienda Oficial Master-G: $249,990",$ 0 (Portátil / Enchufable),$ 25.000 / año (Limpieza filtros),Certificación SEC QR: 563513 | Peso: 22.5 kg | Control Wi-Fi | Enchufable 220V directo. No requiere obras ni ductos.,https://www.solotodo.cl/products/363509
269459,Aire Acondicionado Portátil,Loven,PAC12000-DGL,Loven PAC12000-DGL,Aire Acondicionado Portátil,Electricidad,Capacidad 12000 BTU/h,-,-,12000 BTU/h,23 m2,264990,Ripley,https://simple.ripley.cl/aire-acondicionado-portatil-loven-12000-btu-frio-calor-2000401782985p,249990,264990,Ripley,1,"Ripley: $264,990",$ 0 (Portátil / Enchufable),$ 25.000 / año (Limpieza filtros),Certificación SEC QR: 517138 | Peso: 23.0 kg | Enchufable 220V directo. No requiere obras ni ductos.,https://www.solotodo.cl/products/269459
358367,Aire Acondicionado Portátil,Klyma,KÖLD 9WF ES WHITE,Klyma KÖLD 9WF ES WHITE,Aire Acondicionado Portátil,Electricidad,Capacidad 9000 BTU/h,-,-,9000 BTU/h,15 m2,259990,Easy,https://www.easy.cl/aire-acondicionado-portatil-kold-9wf-es-1005w-9000-btu-wifi-1503802/p,259990,189990,Travel Tienda,3,"Travel Tienda: $189,990 | Falabella Marketplace (A2 Brands): $209,990 | Easy: $259,990",$ 0 (Portátil / Enchufable),$ 25.000 / año (Limpieza filtros),Certificación SEC QR: 569307 | Peso: 22.0 kg | Control Wi-Fi | Enchufable 220V directo. No requiere obras ni ductos.,https://www.solotodo.cl/products/358367
269460,Aire Acondicionado Portátil,Kioto,GMS2309,Kioto GMS2309,Aire Acondicionado Portátil,Electricidad,Capacidad 12000 BTU/h,-,-,12000 BTU/h,No especificado,239990,ABC,https://www.abc.cl/aire-acondicionado-portatil-kioto-gms2309-12000-btu/27376770.html,239990,239990,ABC,1,"ABC: $239,990",$ 0 (Portátil / Enchufable),$ 25.000 / año (Limpieza filtros),Certificación SEC QR: 487763 | Peso: 28.4 kg | Enchufable 220V directo. No requiere obras ni ductos.,https://www.solotodo.cl/products/269460
269436,Aire Acondicionado Portátil,Loven,Frío/Calor 9000BTU,Loven Frío/Calor 9000BTU,Aire Acondicionado Portátil,Electricidad,Capacidad 9000 BTU/h,-,2.60 (Portátil Calor),9000 BTU/h,18 m2,234990,Ripley,https://simple.ripley.cl/aire-acondicionado-portatil-loven-9000-btu-frio-calor-2000395805820p,214990,234990,Ripley,1,"Ripley: $234,990",$ 0 (Portátil / Enchufable),$ 25.000 / año (Limpieza filtros),Certificación SEC QR: 471468 | Peso: 25.5 kg | Enchufable 220V directo. No requiere obras ni ductos.,https://www.solotodo.cl/products/269436
363508,Aire Acondicionado Portátil,Master G,MGAC9PORWF,Master G MGAC9PORWF,Aire Acondicionado Portátil,Electricidad,Capacidad 9000 BTU/h,-,-,9000 BTU/h,20 m2,229990,Falabella Marketplace (Gasei),https://www.falabella.com/falabella-cl/product/149485688/Aire-Acondicionado-Portatil-Wifi-9000-BTU-4-en-1-MGAC9PORWF-Master-G/149485690,229990,229990,Tienda Oficial Master-G,3,"Falabella Marketplace (Gasei): $229,990 | Ripley Marketplace (GASEI S.A.): $229,990 | Tienda Oficial Master-G: $229,990",$ 0 (Portátil / Enchufable),$ 25.000 / año (Limpieza filtros),Certificación SEC QR: 563500 | Peso: 22.0 kg | Enchufable 220V directo. No requiere obras ni ductos.,https://www.solotodo.cl/products/363508
363511,Aire Acondicionado Portátil,Midea,MPPA-09CRN7,Midea MPPA-09CRN7,Aire Acondicionado Portátil,Electricidad,Capacidad 9000 BTU/h,-,-,9000 BTU/h,No especificado,199990,Easy,https://www.easy.cl/aire-acondicionado-portatil-9000-btuh-solo-frio-mppa-09crn7-1500397/p,199990,199990,Easy,1,"Easy: $199,990",$ 0 (Portátil / Enchufable),$ 25.000 / año (Limpieza filtros),Certificación SEC QR: 566967 | Peso: 23.5 kg | Control Wi-Fi | Enchufable 220V directo. No requiere obras ni ductos.,https://www.solotodo.cl/products/363511
357019,Aire Acondicionado Portátil,Verken,3en1 - 7.000 BTU Frio Zermatt,Verken 3en1 - 7.000 BTU Frio Zermatt,Aire Acondicionado Portátil,Electricidad,Capacidad 7000 BTU/h,-,-,7000 BTU/h,20 m2,189990,Precio referencia SoloTodo,,189990,189990,Precio referencia SoloTodo,0,,$ 0 (Portátil / Enchufable),$ 25.000 / año (Limpieza filtros),Certificación SEC QR: 530918 | Enchufable 220V directo. No requiere obras ni ductos.,https://www.solotodo.cl/products/357019
363514,Aire Acondicionado Portátil,Nex,portátil Wi-Fi frio/calor 12000 BTU,Nex portátil Wi-Fi frio/calor 12000 BTU,Aire Acondicionado Portátil,Electricidad,Capacidad 12000 BTU/h,-,2.60 (Portátil Calor),12000 BTU/h,No especificado,179990,Easy,https://www.easy.cl/aire-portatil-wi-fi-friocalor-12000-btu-1471948/p,179990,179990,Easy,1,"Easy: $179,990",$ 0 (Portátil / Enchufable),$ 25.000 / año (Limpieza filtros),Certificación SEC QR: 576305 | Control Wi-Fi | Enchufable 220V directo. No requiere obras ni ductos.,https://www.solotodo.cl/products/363514
363941,Aire Acondicionado Portátil,Kendal,Chiller,Kendal Chiller,Aire Acondicionado Portátil,Electricidad,Según potencia eléctrica conectada,-,-,-,20 m2,149990,Falabella Marketplace (Mar del Sur),https://www.falabella.com/falabella-cl/product/149679563/enfriador-climatizador-mini-chiller-4-en-1-kmc-chiller/149679565,149990,149990,Falabella Marketplace (Mar del Sur),1,"Falabella Marketplace (Mar del Sur): $149,990",$ 0 (Portátil / Enchufable),$ 25.000 / año (Limpieza filtros),Certificación SEC QR: 576032 | Enchufable 220V directo. No requiere obras ni ductos.,https://www.solotodo.cl/products/363941
397953,Aire Acondicionado Split,LG,ATNW60GYLS3,LG ATNW60GYLS3,Aire Acondicionado Split (Bomba de Calor Inverter),Electricidad,Capacidad 60000 BTU/h,-,3.00 (Inverter Modo Calor),60000 BTU/h,No especificado,2848021,SoyTechno (USD conv),https://soytechno.com/lg-cassette-redondo-60000-btu/,2848021,2848021,SoyTechno (USD conv),1,"SoyTechno (USD conv): $2,848,021",$ 100.000 (Técnico SEC / vacío cañerías),$ 40.000 / año (Filtros y presiones),Tecnología Inverter | Apto zonas templadas/frías. En Zona H/I verificar curvas de descongelamiento (defrost) en subcero.,https://www.solotodo.cl/products/397953
397945,Aire Acondicionado Split,LG,AVNQ60GM2A5,LG AVNQ60GM2A5,Aire Acondicionado Split (Bomba de Calor Inverter),Electricidad,Capacidad 60000 BTU/h,-,3.00 (Inverter Modo Calor),60000 BTU/h,No especificado,2819989,Omnisport (USD conv),https://www.omnisport.com/productos/aac-tipo-piso-techo-inverter-avnq60gm2a5-auuq60gh5,2819989,2455577,SoyTechno (USD conv),2,"SoyTechno (USD conv): $2,455,577 | Omnisport (USD conv): $2,819,989",$ 100.000 (Técnico SEC / vacío cañerías),$ 40.000 / año (Filtros y presiones),Tecnología Inverter | Apto zonas templadas/frías. En Zona H/I verificar curvas de descongelamiento (defrost) en subcero.,https://www.solotodo.cl/products/397945
157062,Aire Acondicionado Split,LG,AVNQ36GM1A0,LG AVNQ36GM1A0,Aire Acondicionado Split (Bomba de Calor Inverter),Electricidad,Capacidad 36000 BTU/h,-,3.03,36000 BTU/h,No especificado,2577048,Omnisport (USD conv),https://www.omnisport.com/productos/aac-tipo-techo-inverter-avnq36gm1a0-avuq36gm1a0,2577048,2577048,Omnisport (USD conv),1,"Omnisport (USD conv): $2,577,048",$ 100.000 (Técnico SEC / vacío cañerías),$ 40.000 / año (Filtros y presiones),Tecnología Inverter | Apto zonas templadas/frías. En Zona H/I verificar curvas de descongelamiento (defrost) en subcero.,https://www.solotodo.cl/products/157062
397949,Aire Acondicionado Split,LG,AVNQ40GM1A5,LG AVNQ40GM1A5,Aire Acondicionado Split (Bomba de Calor Inverter),Electricidad,Capacidad 40000 BTU/h,-,3.00 (Inverter Modo Calor),40000 BTU/h,No especificado,2343450,SoyTechno (USD conv),https://soytechno.com/lg-suspendido-en-techo-inverter-40000-btu/,2343450,2343450,SoyTechno (USD conv),1,"SoyTechno (USD conv): $2,343,450",$ 100.000 (Técnico SEC / vacío cañerías),$ 40.000 / año (Filtros y presiones),Tecnología Inverter | Apto zonas templadas/frías. En Zona H/I verificar curvas de descongelamiento (defrost) en subcero.,https://www.solotodo.cl/products/397949
397948,Aire Acondicionado Split,LG,ABNQ40GM3A5,LG ABNQ40GM3A5,Aire Acondicionado Split (Bomba de Calor),Electricidad,Capacidad 36000 BTU/h,-,3.00 (Inverter Modo Calor),36000 BTU/h,No especificado,2044445,SoyTechno (USD conv),https://soytechno.com/lg-fan-coil-36000-btu/,2044445,2044445,SoyTechno (USD conv),1,"SoyTechno (USD conv): $2,044,445",$ 100.000 (Técnico SEC / vacío cañerías),$ 40.000 / año (Filtros y presiones),Apto zonas templadas/frías. En Zona H/I verificar curvas de descongelamiento (defrost) en subcero.,https://www.solotodo.cl/products/397948
54401,Aire Acondicionado Split,LG,VR182C7,LG VR182C7,Aire Acondicionado Split (Bomba de Calor Inverter),Electricidad,1620.0 kWh/mes (Norma SEC),-,11.11 (Clase No Aplica),18300 BTU/h,No especificado,1591402,TecnoFacil (GTQ conv),https://www.tecnofacil.com.gt/aire-acondicionado-18-000-btus-inverter-art-cool,1591402,597982,Multimax (USD conv),7,"Raenco (USD conv): $635,338 | Multimax (USD conv): $597,982 | Photura (USD conv): $635,338 | Rodelag (USD conv): $635,367 | Max (GTQ conv): $1,285,735 (+2 más)",$ 100.000 (Técnico SEC / vacío cañerías),$ 40.000 / año (Filtros y presiones),Tecnología Inverter | Apto zonas templadas/frías. En Zona H/I verificar curvas de descongelamiento (defrost) en subcero.,https://www.solotodo.cl/products/54401
63434,Aire Acondicionado Split,LG,SW362H8,LG SW362H8,Aire Acondicionado Split (Bomba de Calor Inverter),Electricidad,Capacidad 33000 BTU/h,-,3.10,33000 BTU/h / 8499 W (Calefacción),No especificado,1588416,Raenco (USD conv),https://www.raenco.com/aire-acondicionado-lg-evaporador-sw362h8-nrp0-36-000-btu-inveter.html,1588416,1401538,LG Shop Panamá (USD conv),6,"Panafoto (USD conv): $1,401,538 | Raenco (USD conv): $1,588,416 | LG Store (USD conv): $1,401,538 | Photura (USD conv): $1,401,538 | Multimax (USD conv): $1,401,557 (+1 más)",$ 100.000 (Técnico SEC / vacío cañerías),$ 40.000 / año (Filtros y presiones),Tecnología Inverter | Apto zonas templadas/frías. En Zona H/I verificar curvas de descongelamiento (defrost) en subcero.,https://www.solotodo.cl/products/63434
354770,Aire Acondicionado Split,Airolite,AASMI 24 ATI R32,Airolite AASMI 24 ATI R32,Aire Acondicionado Split (Bomba de Calor Inverter),Electricidad,65.7 kWh/mes (Norma SEC),-,3.21 (Clase A),24000 BTU/h / 1030 W (Calefacción),No especificado,1529990,ABC,https://www.abc.cl/aire-acondicionado-split-airolite-aasmi-24-ati-inverter-r35-24000-btu/27977502.html,1529990,599990,Falabella Marketplace (AIROLITE),3,"Falabella Marketplace (AIROLITE): $599,990 | ABC: $1,529,990 | Sodimac: $874,990",$ 100.000 (Técnico SEC / vacío cañerías),$ 40.000 / año (Filtros y presiones),Certificación SEC QR: 518126 | Tecnología Inverter | Apto zonas templadas/frías. En Zona H/I verificar curvas de descongelamiento (defrost) en subcero.,https://www.solotodo.cl/products/354770
277747,Aire Acondicionado Split,LG,VG122H31,LG VG122H31,Aire Acondicionado Split (Bomba de Calor Inverter),Electricidad,Capacidad 12000 BTU/h,-,3.00 (Inverter Modo Calor),12000 BTU/h,No especificado,1407953,Electrónica Panamericana (GTQ conv),https://electronicapanamericana.com/product/aire-acondicionado-artcool-gallery-de-12300-btus-thinq-vg122h31/,1407953,1064270,SoyTechno (USD conv),4,"LG Store (USD conv): $1,121,221 | Electrónica Panamericana (GTQ conv): $1,407,953 | SoyTechno (USD conv): $1,064,270 | LG Shop Panamá (USD conv): $1,121,221",$ 100.000 (Técnico SEC / vacío cañerías),$ 40.000 / año (Filtros y presiones),Tecnología Inverter | Apto zonas templadas/frías. En Zona H/I verificar curvas de descongelamiento (defrost) en subcero.,https://www.solotodo.cl/products/277747
376339,Aire Acondicionado Split,LG,VM242C31,LG VM242C31,Aire Acondicionado Split (Bomba de Calor Inverter),Electricidad,Capacidad 24000 BTU/h,-,3.00 (Inverter Modo Calor),24000 BTU/h,No especificado,1346967,Max (GTQ conv),https://www.max.com.gt/aire-acondicionado-lg-22-000-btu-inverter-blanco,1346967,644682,LG Shop Panamá (USD conv),13,"Panafoto (USD conv): $644,682 | LG Store (USD conv): $663,370 | Rodelag (USD conv): $644,710 | Photura (USD conv): $644,682 | Raenco (USD conv): $644,682 (+8 más)",$ 100.000 (Técnico SEC / vacío cañerías),$ 40.000 / año (Filtros y presiones),Tecnología Inverter | Apto zonas templadas/frías. En Zona H/I verificar curvas de descongelamiento (defrost) en subcero.,https://www.solotodo.cl/products/376339
381358,Aire Acondicionado Split,LG,VR182C31,LG VR182C31,Aire Acondicionado Split (Bomba de Calor Inverter),Electricidad,1620.0 kWh/mes (Norma SEC),-,3.00 (Inverter Modo Calor),18000 BTU/h,No especificado,1346967,Max (GTQ conv),https://www.max.com.gt/aire-acondicionado-lg-18-000-btu-inverter-art-cool-gris,1346967,672751,Venelectronics (USD conv),6,"LG Store (USD conv): $691,402 | Photura (USD conv): $738,121 | Max (GTQ conv): $1,346,967 | SoyTechno (USD conv): $811,985 | LG Shop Panamá (USD conv): $738,121 (+1 más)",$ 100.000 (Técnico SEC / vacío cañerías),$ 40.000 / año (Filtros y presiones),Tecnología Inverter | Apto zonas templadas/frías. En Zona H/I verificar curvas de descongelamiento (defrost) en subcero.,https://www.solotodo.cl/products/381358
376326,Aire Acondicionado Split,LG,VR242C31,LG VR242C31,Aire Acondicionado Split (Bomba de Calor Inverter),Electricidad,Capacidad 24000 BTU/h,-,3.00 (Inverter Modo Calor),24000 BTU/h,No especificado,1341775,Sukasa (USD conv),https://www.sukasa.com/productos/lg-aire-acondicionado-artcool-vr242c31/ups3-24000btu-con-dual-inverter/2b5e47e5-9fa8-4d0a-b490-ab900b678268,1207596,784841,LG Store (USD conv),6,"LG Store (USD conv): $784,841 | Photura (USD conv): $822,216 | Sukasa (USD conv): $1,341,775 | SoyTechno (USD conv): $896,080 | LG Shop Panamá (USD conv): $822,216 (+1 más)",$ 100.000 (Técnico SEC / vacío cañerías),$ 40.000 / año (Filtros y presiones),Tecnología Inverter | Apto zonas templadas/frías. En Zona H/I verificar curvas de descongelamiento (defrost) en subcero.,https://www.solotodo.cl/products/376326
54350,Aire Acondicionado Split,LG,VR242C7,LG VR242C7,Aire Acondicionado Split (Bomba de Calor Inverter),Electricidad,1980.0 kWh/mes (Norma SEC),-,11.11 (Clase No Aplica),24500 BTU/h,No especificado,1307212,De Prati (USD conv),https://www.deprati.com.ec/aire-acondicionado-split-lg-vr242c7-inverter-24000-btu-barra-de-sonido/p/995X30286723422,1307212,794185,Photura (USD conv),4,"Raenco (USD conv): $822,216 | Multimax (USD conv): $794,203 | Photura (USD conv): $794,185 | De Prati (USD conv): $1,307,212",$ 100.000 (Técnico SEC / vacío cañerías),$ 40.000 / año (Filtros y presiones),Tecnología Inverter | Apto zonas templadas/frías. En Zona H/I verificar curvas de descongelamiento (defrost) en subcero.,https://www.solotodo.cl/products/54350
91837,Aire Acondicionado Split,LG,VM182C9,LG VM182C9,Aire Acondicionado Split (Bomba de Calor Inverter),Electricidad,Capacidad 18000 BTU/h,-,11.08 (Clase No Aplica),18000 BTU/h,No especificado,1224014,TecnoFacil (GTQ conv),https://www.tecnofacil.com.gt/aire-acondicionado-18-000-btu-inverter-blanco,1224014,467148,LG Shop Panamá (USD conv),8,"Siman Nicaragua (NIO conv): $761,913 | LG Store (USD conv): $467,148 | Omnisport (USD conv): $924,112 | Max (GTQ conv): $857,116 | TecnoFacil (GTQ conv): $1,224,014 (+3 más)",$ 100.000 (Técnico SEC / vacío cañerías),$ 40.000 / año (Filtros y presiones),Tecnología Inverter | Apto zonas templadas/frías. En Zona H/I verificar curvas de descongelamiento (defrost) en subcero.,https://www.solotodo.cl/products/91837
376334,Aire Acondicionado Split,LG,VR122C31,LG VR122C31,Aire Acondicionado Split (Bomba de Calor Inverter),Electricidad,Capacidad 12000 BTU/h,-,3.00 (Inverter Modo Calor),12000 BTU/h,No especificado,1215670,Plaza Lama (DOP conv),https://plazalama.com.do/p/aire-acondicionado-inverter-lg-vr122c31njp3-12k-btu-S65512,1215670,513868,LG Store (USD conv),8,"LG Store (USD conv): $513,868 | Photura (USD conv): $541,899 | Rodelag (USD conv): $541,928 | Sukasa (USD conv): $910,087 | Plaza Lama (DOP conv): $1,215,670 (+3 más)",$ 100.000 (Técnico SEC / vacío cañerías),$ 40.000 / año (Filtros y presiones),Tecnología Inverter | Apto zonas templadas/frías. En Zona H/I verificar curvas de descongelamiento (defrost) en subcero.,https://www.solotodo.cl/products/376334
211060,Aire Acondicionado Split,LG,VX242C1,LG VX242C1,Aire Acondicionado Split (Bomba de Calor Inverter),Electricidad,Capacidad 24000 BTU/h,-,3.00 (Inverter Modo Calor),24000 BTU/h,No especificado,1191987,Plaza Lama (DOP conv),https://plazalama.com.do/p/aire-acondicionado-lg-mvx242c1-24000-btu-S66542,1191987,467148,E Visión (USD conv),8,"E Visión (USD conv): $467,148 | Siman Nicaragua (NIO conv): $660,321 | La Curacao Online Nicaragua (NIO conv): $660,321 | Plaza Lama (DOP conv): $1,191,987 | Marcimex (USD conv): $769,003 (+3 más)",$ 100.000 (Técnico SEC / vacío cañerías),$ 40.000 / año (Filtros y presiones),Tecnología Inverter | Apto zonas templadas/frías. En Zona H/I verificar curvas de descongelamiento (defrost) en subcero.,https://www.solotodo.cl/products/211060
91828,Aire Acondicionado Split,LG,VM242C9,LG VM242C9,Aire Acondicionado Split (Bomba de Calor Inverter),Electricidad,Capacidad 22000 BTU/h,-,3.43,22000 BTU/h,No especificado,1139021,Omnisport (USD conv),https://www.omnisport.com/productos/aire-acondicionado-inverter-vm242c9-24000-btu-wifi,1139021,939698,Siman Nicaragua (NIO conv),4,"Siman Nicaragua (NIO conv): $939,698 | Omnisport (USD conv): $1,139,021 | Sukasa (USD conv): $1,092,293 | Electrónica Panamericana (GTQ conv): $1,102,041",$ 100.000 (Técnico SEC / vacío cañerías),$ 40.000 / año (Filtros y presiones),Tecnología Inverter | Apto zonas templadas/frías. En Zona H/I verificar curvas de descongelamiento (defrost) en subcero.,https://www.solotodo.cl/products/91828
131701,Aire Acondicionado Split,Ursus Trotter,Polar 24000BTU INV. F/C WIFI,Ursus Trotter Polar 24000BTU INV. F/C WIFI,Aire Acondicionado Split (Bomba de Calor Inverter),Electricidad,65.7 kWh/mes (Norma SEC),-,3.21 (Clase A),24000 BTU/h / 7030 W (Calefacción),No especificado,1119990,Paris,https://www.paris.cl/aire-acondicionado-split-polar-inverter-wifi-24000-btu-frio-calor-379111999.html,1099990,1119990,Paris,1,"Paris: $1,119,990",$ 100.000 (Técnico SEC / vacío cañerías),$ 40.000 / año (Filtros y presiones),Certificación SEC QR: 408879 | Tecnología Inverter | Apto zonas templadas/frías. En Zona H/I verificar curvas de descongelamiento (defrost) en subcero.,https://www.solotodo.cl/products/131701
277539,Aire Acondicionado Split,Samsung,AR70F24C1DW/ZS,Samsung AR70F24C1DW/ZS,Aire Acondicionado Split (Bomba de Calor Inverter),Electricidad,58.7 kWh/mes (Norma SEC),-,3.32 (Clase B),24000 BTU/h / 6910 W (Calefacción),No especificado,1108990,Mercado Libre Samsung,https://www.mercadolibre.cl/p/MLC51701822?pdp_filters=official_store:462,1108990,749990,Portal del Aire,9,"Samsung Shop: $779,990 | Falabella Marketplace (SAMSUNG): $779,990 | Mercado Libre Samsung: $1,108,990 | Mercado Libre (SAMSUNG_CHILE): $1,108,990 | Enel X: $779,990 (+4 más)",$ 100.000 (Técnico SEC / vacío cañerías),$ 40.000 / año (Filtros y presiones),Certificación SEC QR: 539343 | Tecnología Inverter | Apto zonas templadas/frías. En Zona H/I verificar curvas de descongelamiento (defrost) en subcero.,https://www.solotodo.cl/products/277539
376340,Aire Acondicionado Split,LG,VM182C31,LG VM182C31,Aire Acondicionado Split (Bomba de Calor Inverter),Electricidad,Capacidad 18000 BTU/h,-,3.00 (Inverter Modo Calor),18000 BTU/h,No especificado,1105147,Plaza Lama (DOP conv),https://plazalama.com.do/p/aire-acondicionado-inverter-lg-vm182c31nkp3-18k-btu-S52161,1105147,476492,LG Shop Panamá (USD conv),9,"Panafoto (USD conv): $476,492 | LG Store (USD conv): $495,180 | Rodelag (USD conv): $476,520 | Photura (USD conv): $476,492 | Raenco (USD conv): $476,492 (+4 más)",$ 100.000 (Técnico SEC / vacío cañerías),$ 40.000 / año (Filtros y presiones),Tecnología Inverter | Apto zonas templadas/frías. En Zona H/I verificar curvas de descongelamiento (defrost) en subcero.,https://www.solotodo.cl/products/376340
278315,Aire Acondicionado Split,Samsung,AR40F24C0AM/ZS,Samsung AR40F24C0AM/ZS,Aire Acondicionado Split (Bomba de Calor Inverter),Electricidad,1917.0 kWh/mes (Norma SEC),-,3.21 (Clase A),24000 BTU/h / 6450 W (Calefacción),No especificado,1059990,ABC,https://www.abc.cl/aire-acondicionado-samsung-ar40f24c0amzs-24000-btu/28584180.html,1059990,529990,Falabella,13,"Samsung Shop: $559,990 | Easy: $599,990 | Ripley: $679,990 | ABC: $1,059,990 | Sodimac: $529,990 (+8 más)",$ 100.000 (Técnico SEC / vacío cañerías),$ 40.000 / año (Filtros y presiones),Certificación SEC QR: 545459 | Tecnología Inverter | Apto zonas templadas/frías. En Zona H/I verificar curvas de descongelamiento (defrost) en subcero.,https://www.solotodo.cl/products/278315
142054,Aire Acondicionado Split,Airolite,AASMI 24 ATI,Airolite AASMI 24 ATI,Aire Acondicionado Split (Bomba de Calor Inverter),Electricidad,64.92 kWh/mes (Norma SEC),-,3.25 (Clase B),24000 BTU/h / 7180 W (Calefacción),No especificado,1049990,Easy,https://www.easy.cl/aire-acondicionado-split-aasmi-24-ati-r32-2700-w-24000-btu-frio-calor-wifi-1324251/p,1049990,1049990,Easy,1,"Easy: $1,049,990",$ 100.000 (Técnico SEC / vacío cañerías),$ 40.000 / año (Filtros y presiones),Certificación SEC QR: 401023 | Tecnología Inverter | Apto zonas templadas/frías. En Zona H/I verificar curvas de descongelamiento (defrost) en subcero.,https://www.solotodo.cl/products/142054
154308,Aire Acondicionado Split,Midea,Breezeless MSFAAU-12HRFN8 / MOX230-12HFN8,Midea Breezeless MSFAAU-12HRFN8 / MOX230-12HFN8,Aire Acondicionado Split (Bomba de Calor Inverter),Electricidad,26.37 kWh/mes (Norma SEC),-,4.00 (Clase A),12000 BTU/h / 3810 W (Calefacción),No especificado,1039990,Hites,https://www.hites.com/aire-acondicionado-split-midea-breezeless18k-18000-btu-944112001.html,1039990,349990,Mercado Libre (MIDEA CARRIER),13,"Easy: $629,990 | Hites: $1,039,990 | Ripley: $1,039,990 | Paris: $669,990 | Paris: $959,990 (+8 más)",$ 100.000 (Técnico SEC / vacío cañerías),$ 40.000 / año (Filtros y presiones),Certificación SEC QR: 408612 | Tecnología Inverter | Apto zonas templadas/frías. En Zona H/I verificar curvas de descongelamiento (defrost) en subcero.,https://www.solotodo.cl/products/154308
401312,Aire Acondicionado Split,LG,VL242C31,LG VL242C31,Aire Acondicionado Split (Bomba de Calor Inverter),Electricidad,Capacidad 24000 BTU/h,-,3.00 (Inverter Modo Calor),24000 BTU/h,No especificado,1027782,LG Shop Panamá (USD conv),https://www.lgshop.com.pa/aire-acondicionado-inverter-lg-artcool-ai-air-22500-btu-vl242c31/p,1027782,1027782,LG Shop Panamá (USD conv),1,"LG Shop Panamá (USD conv): $1,027,782",$ 100.000 (Técnico SEC / vacío cañerías),$ 40.000 / año (Filtros y presiones),Tecnología Inverter | Apto zonas templadas/frías. En Zona H/I verificar curvas de descongelamiento (defrost) en subcero.,https://www.solotodo.cl/products/401312
277750,Aire Acondicionado Split,LG,VF242C31,LG VF242C31,Aire Acondicionado Split (Bomba de Calor Inverter),Electricidad,Capacidad 24000 BTU/h,-,3.00 (Inverter Modo Calor),24000 BTU/h,No especificado,1008207,Almacenes Japón (USD conv),https://www.almacenesjapon.com/aire-acondicionado-split-lg-vf242c31ssp1-22500-btu-dual-inverter-color-blanco/p,1008207,794185,LG Store (USD conv),12,"LG Store (USD conv): $794,185 | Panafoto (USD conv): $803,529 | Multimax (USD conv): $803,547 | Rodelag (USD conv): $803,557 | E Visión (USD conv): $840,904 (+7 más)",$ 100.000 (Técnico SEC / vacío cañerías),$ 40.000 / año (Filtros y presiones),Tecnología Inverter | Apto zonas templadas/frías. En Zona H/I verificar curvas de descongelamiento (defrost) en subcero.,https://www.solotodo.cl/products/277750
367077,Aire Acondicionado Split,LG,Z2MW18SJA1,LG Z2MW18SJA1,Aire Acondicionado Split (Bomba de Calor Inverter),Electricidad,Capacidad 18000 BTU/h,-,3.00 (Inverter Modo Calor),18000 BTU/h,No especificado,999999,Tienda Oficial LG,https://www.lg.com/cl/aire-acondicionado/todos-los-aires-acondicionados/ac-multi-split-de-muro/z2mw18sja1/,999999,999999,Tienda Oficial LG,1,"Tienda Oficial LG: $999,999",$ 100.000 (Técnico SEC / vacío cañerías),$ 40.000 / año (Filtros y presiones),Tecnología Inverter | Apto zonas templadas/frías. En Zona H/I verificar curvas de descongelamiento (defrost) en subcero.,https://www.solotodo.cl/products/367077
253323,Aire Acondicionado Split,LG,W24TI,LG W24TI,Aire Acondicionado Split (Bomba de Calor Inverter),Electricidad,Capacidad 24000 BTU/h,-,3.00 (Inverter Modo Calor),24000 BTU/h,No especificado,999990,Sodimac,https://www.sodimac.cl/sodimac-cl/articulo/139806456/product/139806457,999990,999990,Sodimac,1,"Sodimac: $999,990",$ 100.000 (Técnico SEC / vacío cañerías),$ 40.000 / año (Filtros y presiones),Certificación SEC QR: 513944 | Tecnología Inverter | Apto zonas templadas/frías. En Zona H/I verificar curvas de descongelamiento (defrost) en subcero.,https://www.solotodo.cl/products/253323
365902,Aire Acondicionado Split,Midea,MSCB1CU-18HRFN8 / MOX301-18HFN8,Midea MSCB1CU-18HRFN8 / MOX301-18HFN8,Aire Acondicionado Split (Bomba de Calor Inverter),Electricidad,Capacidad 18000 BTU/h,-,3.00 (Inverter Modo Calor),18000 BTU/h,No especificado,999990,Falabella Marketplace (Midea),https://www.falabella.com/falabella-cl/product/147121296/Aire-acondicionado-Split-Electrico-BREEZELESS18K-18000-Btu-Midea/147121297,999990,449990,Enel X,5,"Sodimac: $866,690 | Enel X: $449,990 | Falabella Marketplace (Midea): $999,990 | Cero Grado: $592,990 | AirHome: $628,846",$ 100.000 (Técnico SEC / vacío cañerías),$ 40.000 / año (Filtros y presiones),Certificación SEC QR: 503378 | Tecnología Inverter | Apto zonas templadas/frías. En Zona H/I verificar curvas de descongelamiento (defrost) en subcero.,https://www.solotodo.cl/products/365902
251212,Aire Acondicionado Split,Midea,MSCB1BU-12HRFN8-BL / MOX103-12HFN8-BL,Midea MSCB1BU-12HRFN8-BL / MOX103-12HFN8-BL,Aire Acondicionado Split (Bomba de Calor Inverter),Electricidad,33.75 kWh/mes (Norma SEC),-,3.25 (Clase A),12000 BTU/h / 3990 W (Calefacción),No especificado,989990,ABC,https://www.abc.cl/aire-acondicionado-split-midea-breezeless12k-12000-btu/27886531.html,989990,429990,Easy,7,"Hites: $689,990 | Sodimac: $599,990 | Easy: $429,990 | ABC: $989,990 | Falabella Marketplace (Midea): $699,990 (+2 más)",$ 100.000 (Técnico SEC / vacío cañerías),$ 40.000 / año (Filtros y presiones),Certificación SEC QR: 503386 | Tecnología Inverter | Apto zonas templadas/frías. En Zona H/I verificar curvas de descongelamiento (defrost) en subcero.,https://www.solotodo.cl/products/251212
211062,Aire Acondicionado Split,LG,VX182C1,LG VX182C1,Aire Acondicionado Split (Bomba de Calor Inverter),Electricidad,Capacidad 18000 BTU/h,-,3.00 (Inverter Modo Calor),18000 BTU/h,No especificado,970941,Plaza Lama (DOP conv),https://plazalama.com.do/p/aire-acondicionado-lg-mvx182c1-18000-btu-S91514,970941,373709,E Visión (USD conv),5,"E Visión (USD conv): $373,709 | La Curacao Online Nicaragua (NIO conv): $533,331 | Gollotienda (CRC conv): $741,079 | Plaza Lama (DOP conv): $970,941 | El Gallo más Gallo (NIO conv): $558,729",$ 100.000 (Técnico SEC / vacío cañerías),$ 40.000 / año (Filtros y presiones),Tecnología Inverter | Apto zonas templadas/frías. En Zona H/I verificar curvas de descongelamiento (defrost) en subcero.,https://www.solotodo.cl/products/211062
58028,Aire Acondicionado Split,LG,VR122C7,LG VR122C7,Aire Acondicionado Split (Bomba de Calor Inverter),Electricidad,1080.0 kWh/mes (Norma SEC),-,11.11 (Clase No Aplica),12000 BTU/h,No especificado,960544,Sukasa (USD conv),https://www.sukasa.com/productos/lg-aire-acondicionado-artcool-12000btu-vr122c7.njp8/7d6a429a-16e6-4f2e-baee-20b3859fba4b,864488,467148,LG Shop Panamá (USD conv),9,"Raenco (USD conv): $541,899 | Omnisport (USD conv): $877,392 | Siman Nicaragua (NIO conv): $736,515 | Multimax (USD conv): $467,167 | Photura (USD conv): $467,148 (+4 más)",$ 100.000 (Técnico SEC / vacío cañerías),$ 40.000 / año (Filtros y presiones),Tecnología Inverter | Apto zonas templadas/frías. En Zona H/I verificar curvas de descongelamiento (defrost) en subcero.,https://www.solotodo.cl/products/58028
148937,Aire Acondicionado Split,Samsung,AR24BSEAMWK/ZS,Samsung AR24BSEAMWK/ZS,Aire Acondicionado Split (Bomba de Calor Inverter),Electricidad,Capacidad 24000 BTU/h,-,3.22 (Clase No ingresado),24000 BTU/h / 6450 W (Calefacción),No especificado,959990,Falabella Marketplace (MIAIRECHILE),https://www.falabella.com/falabella-cl/product/131762359/Aire-Acondicionado-Samsung-24.000-BTU-Wind-Free-Wifi/131762360,959990,959990,Falabella Marketplace (MIAIRECHILE),1,"Falabella Marketplace (MIAIRECHILE): $959,990",$ 100.000 (Técnico SEC / vacío cañerías),$ 40.000 / año (Filtros y presiones),"Certificación SEC QR: 437302,403792 | Tecnología Inverter | Apto zonas templadas/frías. En Zona H/I verificar curvas de descongelamiento (defrost) en subcero.",https://www.solotodo.cl/products/148937
80271,Aire Acondicionado Split,Samsung,AR09TSFZAWK/ZS,Samsung AR09TSFZAWK/ZS,Aire Acondicionado Split (Bomba de Calor Inverter),Electricidad,25.2 kWh/mes (Norma SEC),-,3.21 (Clase A),9000 BTU/h / 3190 W (Calefacción),No especificado,949990,Enel X,https://www.enelxstore.com/cl/es/e-shop/aire-acondicionado/split-muro/aire-acondicionado-multi-split-samsung-new-wind-free-9y9,949990,949990,Enel X,1,"Enel X: $949,990",$ 100.000 (Técnico SEC / vacío cañerías),$ 40.000 / año (Filtros y presiones),Certificación SEC QR: 330261 | Tecnología Inverter | Apto zonas templadas/frías. En Zona H/I verificar curvas de descongelamiento (defrost) en subcero.,https://www.solotodo.cl/products/80271
384859,Aire Acondicionado Split,Midea,MSCOM-24HRFN8 / MOM301-24HFN8,Midea MSCOM-24HRFN8 / MOM301-24HFN8,Aire Acondicionado Split (Bomba de Calor Inverter),Electricidad,Capacidad 24000 BTU/h,-,3.21 (Clase A Inverter),24000 BTU/h / 1850 W (Calefacción),No especificado,949990,Falabella Marketplace (Midea),https://www.falabella.com/falabella-cl/product/153104077/aire-acondicionado-split-inverter-comfee-24000-btuh-midea/153104078,949990,499990,Mercado Libre (MIDEA CARRIER),9,"Mercado Libre (MIDEA CARRIER): $499,990 | Sodimac: $619,980 | Easy: $579,990 | ABC: $669,990 | Falabella Marketplace (Midea): $949,990 (+4 más)",$ 100.000 (Técnico SEC / vacío cañerías),$ 40.000 / año (Filtros y presiones),Certificación SEC QR: 569464 | Tecnología Inverter | Apto zonas templadas/frías. En Zona H/I verificar curvas de descongelamiento (defrost) en subcero.,https://www.solotodo.cl/products/384859
277748,Aire Acondicionado Split,LG,VF122C31,LG VF122C31,Aire Acondicionado Split (Bomba de Calor Inverter),Electricidad,Capacidad 12000 BTU/h,-,3.00 (Inverter Modo Calor),12000 BTU/h,No especificado,915680,Plaza Lama (DOP conv),https://plazalama.com.do/p/aire-acondicionado-inverter-lg-vf122c31nsp1-ia-12k-btu-S22110,915680,504524,LG Store (USD conv),13,"LG Store (USD conv): $504,524 | Panafoto (USD conv): $513,868 | Multimax (USD conv): $513,886 | Rodelag (USD conv): $513,896 | E Visión (USD conv): $541,899 (+8 más)",$ 100.000 (Técnico SEC / vacío cañerías),$ 40.000 / año (Filtros y presiones),Tecnología Inverter | Apto zonas templadas/frías. En Zona H/I verificar curvas de descongelamiento (defrost) en subcero.,https://www.solotodo.cl/products/277748
397950,Aire Acondicionado Split,LG,VX242CL31,LG VX242CL31,Aire Acondicionado Split (Bomba de Calor Inverter),Electricidad,Capacidad 24000 BTU/h,-,3.00 (Inverter Modo Calor),24000 BTU/h,No especificado,905310,Jetstereo (HNL conv),https://www.jetstereo.com/product/combo-aa-lg-de-24-000btu-inverter-con-soporte-combo-vx242cl31,905310,644720,Venelectronics (USD conv),8,"SoyTechno (USD conv): $671,826 | Comandato (USD conv): $671,789 | Venelectronics (USD conv): $644,720 | Créditos Económicos (USD conv): $742,083 | LG Shop Ecuador (USD conv): $645,290 (+3 más)",$ 100.000 (Técnico SEC / vacío cañerías),$ 40.000 / año (Filtros y presiones),Tecnología Inverter | Apto zonas templadas/frías. En Zona H/I verificar curvas de descongelamiento (defrost) en subcero.,https://www.solotodo.cl/products/397950
397517,Aire Acondicionado Split,Hisense,AS-36UW5RKZHB-I / AS-36UW5RKZHB-O,Hisense AS-36UW5RKZHB-I / AS-36UW5RKZHB-O,Aire Acondicionado Split (Bomba de Calor Inverter),Electricidad,98.6 kWh/mes (Norma SEC),-,3.21 (Clase A),36000 BTU/h / 10550 W (Calefacción),No especificado,901990,Moreto,https://www.moretoclima.cl/aire-acondicionado/aire-acondicionado-hisense-36000-btu-hi-vida-inverter-expert,901990,849990,Cero Grado,2,"Cero Grado: $849,990 | Moreto: $901,990",$ 100.000 (Técnico SEC / vacío cañerías),$ 40.000 / año (Filtros y presiones),Certificación SEC QR: 560738 | Tecnología Inverter | Apto zonas templadas/frías. En Zona H/I verificar curvas de descongelamiento (defrost) en subcero.,https://www.solotodo.cl/products/397517
404276,Aire Acondicionado Split,Midea,ECOMASTER24K,Midea ECOMASTER24K,Aire Acondicionado Split (Bomba de Calor Inverter),Electricidad,Capacidad 24000 BTU/h,-,3.00 (Inverter Modo Calor),24000 BTU/h,No especificado,899990,Falabella Marketplace (Midea),https://www.falabella.com/falabella-cl/product/156890899/aire-acondicionado-split-inverter-ecomaster-24000-btu/156890900,899990,879990,Mercado Libre (MIDEA CARRIER),2,"Falabella Marketplace (Midea): $899,990 | Mercado Libre (MIDEA CARRIER): $879,990",$ 100.000 (Técnico SEC / vacío cañerías),$ 40.000 / año (Filtros y presiones),Tecnología Inverter | Apto zonas templadas/frías. En Zona H/I verificar curvas de descongelamiento (defrost) en subcero.,https://www.solotodo.cl/products/404276
394976,Aire Acondicionado Split,Samsung,AR70H24CAEB/ZS,Samsung AR70H24CAEB/ZS,Aire Acondicionado Split (Bomba de Calor Inverter),Electricidad,Capacidad 22000 BTU/h,-,3.21 (Clase A Inverter),22000 BTU/h / 1960 W (Calefacción),No especificado,899990,Portal del Aire,https://portaldelaire.cl/collections/equipos-de-aire-acondicionado/products/aire-acondicionado-windfree-pro-black-inverter-split-samsung-24000btu-40-53m2,899990,899990,Portal del Aire,1,"Portal del Aire: $899,990",$ 100.000 (Técnico SEC / vacío cañerías),$ 40.000 / año (Filtros y presiones),Tecnología Inverter | Apto zonas templadas/frías. En Zona H/I verificar curvas de descongelamiento (defrost) en subcero.,https://www.solotodo.cl/products/394976
397960,Aire Acondicionado Split,Midea,MSEZ2D-24HRFN8 / MOX301-24HFN8,Midea MSEZ2D-24HRFN8 / MOX301-24HFN8,Aire Acondicionado Split (Bomba de Calor Inverter),Electricidad,Capacidad 24000 BTU/h,-,3.00 (Inverter Modo Calor),24000 BTU/h,No especificado,899990,Paris Marketplace (Midea),https://www.paris.cl/aire-acondicionado-split-inverter-ecomaster-24000-btu-MKJ7F9THM8.html,899990,567990,AirHome,4,"Cero Grado: $595,990 | AirHome: $567,990 | Moreto: $599,990 | Paris Marketplace (Midea): $899,990",$ 100.000 (Técnico SEC / vacío cañerías),$ 40.000 / año (Filtros y presiones),Certificación SEC QR: 566439 | Tecnología Inverter | Apto zonas templadas/frías. En Zona H/I verificar curvas de descongelamiento (defrost) en subcero.,https://www.solotodo.cl/products/397960
174671,Aire Acondicionado Split,LG,VR182HW,LG VR182HW,Aire Acondicionado Split (Bomba de Calor Inverter),Electricidad,Capacidad 18000 BTU/h,-,3.21 (Clase No Aplica),18000 BTU/h,No especificado,889990,Easy,https://www.easy.cl/aire-acondicionado-split-vr182hw-852a-18000-btu-friocalor-1452401/p,889990,599990,Portal del Aire,8,"Tienda Oficial LG: $659,989 | Portal del Aire: $599,990 | Sodimac: $619,990 | Easy: $889,990 | Paris Marketplace (LG Electronics): $659,990 (+3 más)",$ 100.000 (Técnico SEC / vacío cañerías),$ 40.000 / año (Filtros y presiones),Certificación SEC QR: 513756 | Tecnología Inverter | Apto zonas templadas/frías. En Zona H/I verificar curvas de descongelamiento (defrost) en subcero.,https://www.solotodo.cl/products/174671
276479,Aire Acondicionado Split,Alcazar,KWSM-24IR410AHF,Alcazar KWSM-24IR410AHF,Aire Acondicionado Split (Bomba de Calor Inverter),Electricidad,65.73 kWh/mes (Norma SEC),-,3.21 (Clase A),24000 BTU/h / 7030 W (Calefacción),No especificado,889990,Easy,https://www.easy.cl/aire-acondicionado-split-2700w-24000-btu-wifi-1474123/p,889990,836990,Travel Tienda,2,"Travel Tienda: $836,990 | Easy: $889,990",$ 100.000 (Técnico SEC / vacío cañerías),$ 40.000 / año (Filtros y presiones),Certificación SEC QR: 492665 | Tecnología Inverter | Apto zonas templadas/frías. En Zona H/I verificar curvas de descongelamiento (defrost) en subcero.,https://www.solotodo.cl/products/276479
144422,Aire Acondicionado Split,Würden,24-CHL-IN2,Würden 24-CHL-IN2,Aire Acondicionado Split (Bomba de Calor Inverter),Electricidad,Capacidad 24000 BTU/h,-,3.00 (Inverter Modo Calor),24000 BTU/h,No especificado,889990,Sodimac,https://www.sodimac.cl/sodimac-cl/articulo/147990132/product/147990133,889990,889990,Sodimac,1,"Sodimac: $889,990",$ 100.000 (Técnico SEC / vacío cañerías),$ 40.000 / año (Filtros y presiones),Certificación SEC QR: 518910 | Tecnología Inverter | Apto zonas templadas/frías. En Zona H/I verificar curvas de descongelamiento (defrost) en subcero.,https://www.solotodo.cl/products/144422
401311,Aire Acondicionado Split,LG,VL182C31,LG VL182C31,Aire Acondicionado Split (Bomba de Calor Inverter),Electricidad,Capacidad 18000 BTU/h,-,3.00 (Inverter Modo Calor),18000 BTU/h,No especificado,878280,LG Shop Panamá (USD conv),https://www.lgshop.com.pa/aire-acondicionado-single-split-lg-artcool-18400-btu-vl182c31/p,878280,878280,LG Shop Panamá (USD conv),1,"LG Shop Panamá (USD conv): $878,280",$ 100.000 (Técnico SEC / vacío cañerías),$ 40.000 / año (Filtros y presiones),Tecnología Inverter | Apto zonas templadas/frías. En Zona H/I verificar curvas de descongelamiento (defrost) en subcero.,https://www.solotodo.cl/products/401311
277749,Aire Acondicionado Split,LG,VF182C31,LG VF182C31,Aire Acondicionado Split (Bomba de Calor Inverter),Electricidad,Capacidad 18000 BTU/h,-,3.00 (Inverter Modo Calor),18000 BTU/h,No especificado,850295,SoyTechno (USD conv),https://soytechno.com/lg-dualcool-ai-air-fit-18000-btu-vf182c31-2/,850295,654026,LG Store (USD conv),9,"LG Store (USD conv): $654,026 | Panafoto (USD conv): $700,746 | Multimax (USD conv): $700,764 | Rodelag (USD conv): $700,774 | E Visión (USD conv): $700,746 (+4 más)",$ 100.000 (Técnico SEC / vacío cañerías),$ 40.000 / año (Filtros y presiones),Tecnología Inverter | Apto zonas templadas/frías. En Zona H/I verificar curvas de descongelamiento (defrost) en subcero.,https://www.solotodo.cl/products/277749
217350,Aire Acondicionado Split,LG,VM242H9,LG VM242H9,Aire Acondicionado Split (Bomba de Calor Inverter),Electricidad,Capacidad 22000 BTU/h,-,3.21,22000 BTU/h,No especificado,819900,DeAires,https://deaires.cl/producto/aire-acondicionado-24000btu-lg/,819900,549990,Portal del Aire,6,"Portal del Aire: $549,990 | DeAires: $819,900 | Paris: $669,990 | Falabella: $599,990 | Easy: $649,990 (+1 más)",$ 100.000 (Técnico SEC / vacío cañerías),$ 40.000 / año (Filtros y presiones),"Certificación SEC QR: 472907,513749 | Tecnología Inverter | Apto zonas templadas/frías. En Zona H/I verificar curvas de descongelamiento (defrost) en subcero.",https://www.solotodo.cl/products/217350
277741,Aire Acondicionado Split,Samsung,AR50F24C1FH/ZS,Samsung AR50F24C1FH/ZS,Aire Acondicionado Split (Bomba de Calor Inverter),Electricidad,Capacidad 24000 BTU/h,-,3.00 (Inverter Modo Calor),24000 BTU/h,No especificado,800990,AirHome,https://airhome.cl/producto/split-wind-free-inverter-----samsung-24-000-btu,800990,800990,AirHome,1,"AirHome: $800,990",$ 100.000 (Técnico SEC / vacío cañerías),$ 40.000 / año (Filtros y presiones),Certificación SEC QR: 539343 | Tecnología Inverter | Apto zonas templadas/frías. En Zona H/I verificar curvas de descongelamiento (defrost) en subcero.,https://www.solotodo.cl/products/277741
138621,Aire Acondicionado Split,Airolite,AASMI 18 ATI R32,Airolite AASMI 18 ATI R32,Aire Acondicionado Split (Bomba de Calor Inverter),Electricidad,48.84 kWh/mes (Norma SEC),-,3.24 (Clase A),18000 BTU/h / 5280 W (Calefacción),No especificado,799990,Sodimac,https://www.sodimac.cl/sodimac-cl/articulo/142237354/product/142237355,769990,799990,Sodimac,1,"Sodimac: $799,990",$ 100.000 (Técnico SEC / vacío cañerías),$ 40.000 / año (Filtros y presiones),Certificación SEC QR: 518050 | Tecnología Inverter | Apto zonas templadas/frías. En Zona H/I verificar curvas de descongelamiento (defrost) en subcero.,https://www.solotodo.cl/products/138621
260419,Aire Acondicionado Split,Kendal,R2-ASM-24MDS,Kendal R2-ASM-24MDS,Aire Acondicionado Split (Bomba de Calor Inverter),Electricidad,60.0 kWh/mes (Norma SEC),-,3.24 (Clase A),24000 BTU/h / 6800 W (Calefacción),No especificado,799990,Easy,https://www.easy.cl/aire-acondicionado-split-r2-asm-24-16a-24000-btu-frio-y-calor-wifi-1446199/p,799990,579990,Portal del Aire,6,"Falabella: $700,990 | Travel Tienda: $715,990 | Easy: $799,990 | Sodimac: $700,990 | Thermo Quality: $734,990 (+1 más)",$ 100.000 (Técnico SEC / vacío cañerías),$ 40.000 / año (Filtros y presiones),Certificación SEC QR: 524381 | Tecnología Inverter | Apto zonas templadas/frías. En Zona H/I verificar curvas de descongelamiento (defrost) en subcero.,https://www.solotodo.cl/products/260419
396731,Aire Acondicionado Split,Midea,MSCOM-18HRFN8 / MOM201-18HFN8,Midea MSCOM-18HRFN8 / MOM201-18HFN8,Aire Acondicionado Split (Bomba de Calor Inverter),Electricidad,48.7 kWh/mes (Norma SEC),-,3.25 (Clase A),18000 BTU/h / 5569 W (Calefacción),No especificado,799990,Falabella Marketplace (Midea),https://www.falabella.com/falabella-cl/product/153104075/aire-acondicionado-split-inverter-comfee-18000-btuh-midea/153104076,799990,360990,AirHome,9,"Mercado Libre (MIDEA CARRIER): $459,990 | Sodimac: $503,790 | Easy: $459,990 | ABC: $569,990 | Falabella Marketplace (Midea): $799,990 (+4 más)",$ 100.000 (Técnico SEC / vacío cañerías),$ 40.000 / año (Filtros y presiones),Certificación SEC QR: 569439 | Tecnología Inverter | Apto zonas templadas/frías. En Zona H/I verificar curvas de descongelamiento (defrost) en subcero.,https://www.solotodo.cl/products/396731
276477,Aire Acondicionado Split,Alcazar,KWSM-18IR410AHF,Alcazar KWSM-18IR410AHF,Aire Acondicionado Split (Bomba de Calor Inverter),Electricidad,48.84 kWh/mes (Norma SEC),-,3.24 (Clase A),18000 BTU/h / 5280 W (Calefacción),No especificado,799990,Easy,https://www.easy.cl/aire-acondicionado-split-2550w-18000-btu-wifi-1474122/p,799990,749990,Travel Tienda,2,"Travel Tienda: $749,990 | Easy: $799,990",$ 100.000 (Técnico SEC / vacío cañerías),$ 40.000 / año (Filtros y presiones),Certificación SEC QR: 492675 | Tecnología Inverter | Apto zonas templadas/frías. En Zona H/I verificar curvas de descongelamiento (defrost) en subcero.,https://www.solotodo.cl/products/276477
394975,Aire Acondicionado Split,Samsung,AR70H18CAEB/ZS,Samsung AR70H18CAEB/ZS,Aire Acondicionado Split (Bomba de Calor Inverter),Electricidad,Capacidad 18000 BTU/h,-,3.21 (Clase A Inverter),18000 BTU/h / 1580 W (Calefacción),No especificado,799990,Portal del Aire,https://portaldelaire.cl/collections/equipos-de-aire-acondicionado/products/aire-acondicionado-windfree-pro-black-inverter-split-samsung-18000btu-30-40m2,799990,799990,Portal del Aire,1,"Portal del Aire: $799,990",$ 100.000 (Técnico SEC / vacío cañerías),$ 40.000 / año (Filtros y presiones),Tecnología Inverter | Apto zonas templadas/frías. En Zona H/I verificar curvas de descongelamiento (defrost) en subcero.,https://www.solotodo.cl/products/394975
397956,Aire Acondicionado Split,Midea,MSEZ2C-18HRFN8 / MOX201-18HFN8,Midea MSEZ2C-18HRFN8 / MOX201-18HFN8,Aire Acondicionado Split (Bomba de Calor Inverter),Electricidad,Capacidad 18000 BTU/h,-,3.00 (Inverter Modo Calor),18000 BTU/h,No especificado,799990,Falabella Marketplace (Midea),https://www.falabella.com/falabella-cl/product/156890897/aire-acondicionado-split-inverter-ecomaster-18000-btu/156890898,799990,509990,Moreto,4,"Moreto: $509,990 | Falabella Marketplace (Midea): $799,990 | Mercado Libre (MIDEA CARRIER): $743,900 | Paris Marketplace (Midea): $799,990",$ 100.000 (Técnico SEC / vacío cañerías),$ 40.000 / año (Filtros y presiones),Certificación SEC QR: 566430 | Tecnología Inverter | Apto zonas templadas/frías. En Zona H/I verificar curvas de descongelamiento (defrost) en subcero.,https://www.solotodo.cl/products/397956
153989,Aire Acondicionado Split,Samsung,AR18BSHQAUR/ZS,Samsung AR18BSHQAUR/ZS,Aire Acondicionado Split (Bomba de Calor Inverter),Electricidad,46.3 kWh/mes (Norma SEC),-,3.21 (Clase B),18000 BTU/h / 5250 W (Calefacción),No especificado,779990,Ripley,https://simple.ripley.cl/aire-acondicionado-split-samsung-ar18bshqaur-18000-btu-frio-calor-inverter-2000393077625p,719990,779990,Ripley,1,"Ripley: $779,990",$ 100.000 (Técnico SEC / vacío cañerías),$ 40.000 / año (Filtros y presiones),Certificación SEC QR: 444363 | Tecnología Inverter | Apto zonas templadas/frías. En Zona H/I verificar curvas de descongelamiento (defrost) en subcero.,https://www.solotodo.cl/products/153989
54255,Aire Acondicionado Split,LG,VM182C6A,LG VM182C6A,Aire Acondicionado Split (Bomba de Calor Inverter),Electricidad,Capacidad 18000 BTU/h,-,11.08 (Clase No Aplica),18000 BTU/h,No especificado,779761,Diunsa (HNL conv),https://www.diunsa.hn/p/aire-minisplit-lg-18000btu-inverter-000000001-0000117038,779761,779761,Diunsa (HNL conv),1,"Diunsa (HNL conv): $779,761",$ 100.000 (Técnico SEC / vacío cañerías),$ 40.000 / año (Filtros y presiones),Tecnología Inverter | Apto zonas templadas/frías. En Zona H/I verificar curvas de descongelamiento (defrost) en subcero.,https://www.solotodo.cl/products/54255
354768,Aire Acondicionado Split,Airolite,AASMI 09 ATI R32,Airolite AASMI 09 ATI R32,Aire Acondicionado Split (Bomba de Calor Inverter),Electricidad,24.66 kWh/mes (Norma SEC),-,3.21 (Clase A),9000 BTU/h / 2640 W (Calefacción),No especificado,759990,ABC,https://www.abc.cl/aire-acondicionado-split-airolite-aasmi-09-ati-inverter-r32-9000-btu/27976905.html,759990,324990,Falabella Marketplace (AIROLITE),3,"Sodimac: $433,390 | ABC: $759,990 | Falabella Marketplace (AIROLITE): $324,990",$ 100.000 (Técnico SEC / vacío cañerías),$ 40.000 / año (Filtros y presiones),Certificación SEC QR: 518100 | Tecnología Inverter | Apto zonas templadas/frías. En Zona H/I verificar curvas de descongelamiento (defrost) en subcero.,https://www.solotodo.cl/products/354768
148927,Aire Acondicionado Split,Samsung,AR18BSEAMWK,Samsung AR18BSEAMWK,Aire Acondicionado Split (Bomba de Calor Inverter),Electricidad,Capacidad 18000 BTU/h,-,3.24 (Clase No ingresado),18000 BTU/h / 5710 W (Calefacción),No especificado,759990,Falabella Marketplace (MIAIRECHILE),https://www.falabella.com/falabella-cl/product/131761239/Aire-Acondicionado-Samsung-18.000-BTU-Wind-Free-Wifi/131761241,759990,759990,Falabella Marketplace (MIAIRECHILE),1,"Falabella Marketplace (MIAIRECHILE): $759,990",$ 100.000 (Técnico SEC / vacío cañerías),$ 40.000 / año (Filtros y presiones),Certificación SEC QR: 437476 | Tecnología Inverter | Apto zonas templadas/frías. En Zona H/I verificar curvas de descongelamiento (defrost) en subcero.,https://www.solotodo.cl/products/148927
401313,Aire Acondicionado Split,LG,VL122C31,LG VL122C31,Aire Acondicionado Split (Bomba de Calor Inverter),Electricidad,Capacidad 12000 BTU/h,-,3.00 (Inverter Modo Calor),12000 BTU/h,No especificado,747465,LG Shop Panamá (USD conv),https://www.lgshop.com.pa/aire-acondicionado-artcool-lg-ai-air-12000-btu-vl122c31/p,747465,747465,LG Shop Panamá (USD conv),1,"LG Shop Panamá (USD conv): $747,465",$ 100.000 (Técnico SEC / vacío cañerías),$ 40.000 / año (Filtros y presiones),Tecnología Inverter | Apto zonas templadas/frías. En Zona H/I verificar curvas de descongelamiento (defrost) en subcero.,https://www.solotodo.cl/products/401313
397955,Aire Acondicionado Split,Samsung,AR70H12CAEBN / AR70H12CAEBX / AR70H12CAEB/ZS,Samsung AR70H12CAEBN / AR70H12CAEBX / AR70H12CAEB/ZS,Aire Acondicionado Split (Bomba de Calor Inverter),Electricidad,31.8 kWh/mes (Norma SEC),-,3.32 (Clase A),12000 BTU/h / 3510 W (Calefacción),No especificado,744821,Moreto,https://www.moretoclima.cl/inicio/aire-acondicionado-split-wind-free-pro-black-inverter-wi-fi-frio-calor-12000-btuhr,744821,629990,Portal del Aire,2,"Portal del Aire: $629,990 | Moreto: $744,821",$ 100.000 (Técnico SEC / vacío cañerías),$ 40.000 / año (Filtros y presiones),Certificación SEC QR: 586698 | Tecnología Inverter | Apto zonas templadas/frías. En Zona H/I verificar curvas de descongelamiento (defrost) en subcero.,https://www.solotodo.cl/products/397955
154287,Aire Acondicionado Split,Samsung,AR24BSHQAUR/ZS,Samsung AR24BSHQAUR/ZS,Aire Acondicionado Split (Bomba de Calor Inverter),Electricidad,54.7 kWh/mes (Norma SEC),-,3.21 (Clase B),24000 BTU/h / 6140 W (Calefacción),No especificado,739990,Falabella Marketplace (MIAIRECHILE),https://www.falabella.com/falabella-cl/product/133527415/Aire-Acondicionado-Samsung-24.000-BTU-Digital-Inverter-Frio-Calor/133527416,739990,722990,Falabella Marketplace (Emma House),2,"Falabella Marketplace (MIAIRECHILE): $739,990 | Falabella Marketplace (Emma House): $722,990",$ 100.000 (Técnico SEC / vacío cañerías),$ 40.000 / año (Filtros y presiones),Certificación SEC QR: 444431 | Tecnología Inverter | Apto zonas templadas/frías. En Zona H/I verificar curvas de descongelamiento (defrost) en subcero.,https://www.solotodo.cl/products/154287
397952,Aire Acondicionado Split,LG,VX182CL31,LG VX182CL31,Aire Acondicionado Split (Bomba de Calor Inverter),Electricidad,Capacidad 18000 BTU/h,-,3.00 (Inverter Modo Calor),18000 BTU/h,No especificado,731178,Jetstereo (HNL conv),https://www.jetstereo.com/product/combo-aa-lg-de-18-000btu-inverter-con-soporte-combo-vx182cl31,731178,503664,Venelectronics (USD conv),4,"SoyTechno (USD conv): $541,012 | La Ganga (USD conv): $592,842 | Venelectronics (USD conv): $503,664 | Jetstereo (HNL conv): $731,178",$ 100.000 (Técnico SEC / vacío cañerías),$ 40.000 / año (Filtros y presiones),Tecnología Inverter | Apto zonas templadas/frías. En Zona H/I verificar curvas de descongelamiento (defrost) en subcero.,https://www.solotodo.cl/products/397952
174670,Aire Acondicionado Split,LG,VR242HW,LG VR242HW,Aire Acondicionado Split (Bomba de Calor Inverter),Electricidad,Capacidad 24000 BTU/h,-,3.21 (Clase No Aplica),24000 BTU/h,No especificado,719990,Falabella,https://www.falabella.com/falabella-cl/product/17255351/Aire-Acondicionado-Split-Frio-Calor-Artcool-Inverter-24.000-BTU-Wifi-LG/17255351,719990,699990,Portal del Aire,2,"Falabella: $719,990 | Portal del Aire: $699,990",$ 100.000 (Técnico SEC / vacío cañerías),$ 40.000 / año (Filtros y presiones),Certificación SEC QR: 513749 | Tecnología Inverter | Apto zonas templadas/frías. En Zona H/I verificar curvas de descongelamiento (defrost) en subcero.,https://www.solotodo.cl/products/174670
404274,Aire Acondicionado Split,Midea,ECOMASTER12K,Midea ECOMASTER12K,Aire Acondicionado Split (Bomba de Calor Inverter),Electricidad,Capacidad 12000 BTU/h,-,3.21 (Clase A Inverter),12000 BTU/h / 3370 W (Calefacción),No especificado,719990,Falabella Marketplace (Midea),https://www.falabella.com/falabella-cl/product/156890895/aire-acondicionado-split-inverter-ecomaster-12000-btu/156890896,719990,575990,Mercado Libre (MIDEA CARRIER),2,"Falabella Marketplace (Midea): $719,990 | Mercado Libre (MIDEA CARRIER): $575,990",$ 100.000 (Técnico SEC / vacío cañerías),$ 40.000 / año (Filtros y presiones),Tecnología Inverter | Apto zonas templadas/frías. En Zona H/I verificar curvas de descongelamiento (defrost) en subcero.,https://www.solotodo.cl/products/404274
363221,Aire Acondicionado Split,LG,VK242C31,LG VK242C31,Aire Acondicionado Split (Bomba de Calor Inverter),Electricidad,Capacidad 24000 BTU/h,-,3.00 (Inverter Modo Calor),24000 BTU/h,No especificado,718555,Créditos Económicos (USD conv),https://www.crecos.com/aire-acondicionado-lg-vk242c31-24000-btu-inverter-color-blanco/p,718555,624827,LG Shop Ecuador (USD conv),3,"LG Shop Ecuador (USD conv): $624,827 | Créditos Económicos (USD conv): $718,555 | Almacenes Japón (USD conv): $718,555",$ 100.000 (Técnico SEC / vacío cañerías),$ 40.000 / año (Filtros y presiones),Tecnología Inverter | Apto zonas templadas/frías. En Zona H/I verificar curvas de descongelamiento (defrost) en subcero.,https://www.solotodo.cl/products/363221
396654,Aire Acondicionado Split,Hisense,AS-22UW4RBTKA,Hisense AS-22UW4RBTKA,Aire Acondicionado Split (Bomba de Calor Inverter),Electricidad,59.85 kWh/mes (Norma SEC),-,3.21 (Clase A),22000 BTU/h / 6400 W (Calefacción),No especificado,709990,Falabella Marketplace (MIAIRECHILE),https://www.falabella.com/falabella-cl/product/144745186/Aire-Acondicionado-Hisense-22000-BTU-Hi-Vida-Inverter-Expert/144745187,709990,579990,Portal del Aire,2,"Falabella Marketplace (MIAIRECHILE): $709,990 | Portal del Aire: $579,990",$ 100.000 (Técnico SEC / vacío cañerías),$ 40.000 / año (Filtros y presiones),Certificación SEC QR: 508541 | Tecnología Inverter | Apto zonas templadas/frías. En Zona H/I verificar curvas de descongelamiento (defrost) en subcero.,https://www.solotodo.cl/products/396654
128629,Aire Acondicionado Split,Midea,XtremeSave MSAG11D-24HRDN1 / MOX430-24HFN1,Midea XtremeSave MSAG11D-24HRDN1 / MOX430-24HFN1,Aire Acondicionado Split (Bomba de Calor Inverter),Electricidad,60.3 kWh/mes (Norma SEC),-,3.21 (Clase A),24000 BTU/h / 6448 W (Calefacción),No especificado,699990,Falabella Marketplace (MIAIRECHILE),https://www.falabella.com/falabella-cl/product/130368642/aire-acondicionado-midea-24-000-btu-inverter-wifi-ecomaster-ai/130368643,699990,699990,Falabella Marketplace (MIAIRECHILE),1,"Falabella Marketplace (MIAIRECHILE): $699,990",$ 100.000 (Técnico SEC / vacío cañerías),$ 40.000 / año (Filtros y presiones),Certificación SEC QR: 479802 | Tecnología Inverter | Apto zonas templadas/frías. En Zona H/I verificar curvas de descongelamiento (defrost) en subcero.,https://www.solotodo.cl/products/128629
229711,Aire Acondicionado Split,Würden,18-CHL-IN2-2,Würden 18-CHL-IN2-2,Aire Acondicionado Split (Bomba de Calor Inverter),Electricidad,Capacidad 18000 BTU/h,-,3.00 (Inverter Modo Calor),18000 BTU/h,No especificado,689990,Sodimac,https://www.sodimac.cl/sodimac-cl/articulo/147990134/product/147990135,689990,689990,Sodimac,1,"Sodimac: $689,990",$ 100.000 (Técnico SEC / vacío cañerías),$ 40.000 / año (Filtros y presiones),Certificación SEC QR: 476773 | Tecnología Inverter | Apto zonas templadas/frías. En Zona H/I verificar curvas de descongelamiento (defrost) en subcero.,https://www.solotodo.cl/products/229711
277580,Aire Acondicionado Split,Samsung,AR70F18C1DW/ZS,Samsung AR70F18C1DW/ZS,Aire Acondicionado Split (Bomba de Calor Inverter),Electricidad,Capacidad 18000 BTU/h,-,3.24 (Clase B),18000 BTU/h / 5710 W (Calefacción),No especificado,673990,Falabella Marketplace (Emma House),https://www.falabella.com/falabella-cl/product/148212858/aire-acondicionado-split-samsung-wind-free-inverter-18000btu/151278603,673990,599990,Portal del Aire,5,"Easy: $629,990 | Enel X: $639,990 | Falabella Marketplace (Emma House): $673,990 | Portal del Aire: $599,990 | Moreto: $643,671",$ 100.000 (Técnico SEC / vacío cañerías),$ 40.000 / año (Filtros y presiones),Certificación SEC QR: 539349 | Tecnología Inverter | Apto zonas templadas/frías. En Zona H/I verificar curvas de descongelamiento (defrost) en subcero.,https://www.solotodo.cl/products/277580
376331,Aire Acondicionado Split,LG,VM122C31,LG VM122C31,Aire Acondicionado Split (Bomba de Calor Inverter),Electricidad,Capacidad 12000 BTU/h,-,3.00 (Inverter Modo Calor),12000 BTU/h,No especificado,673422,Max (GTQ conv),https://www.max.com.gt/aire-acondicionado-lg-12-000-btu-inverter-blanco,673422,326990,LG Store (USD conv),12,"Panafoto (USD conv): $336,334 | LG Store (USD conv): $326,990 | Rodelag (USD conv): $336,362 | Photura (USD conv): $336,334 | Raenco (USD conv): $336,334 (+7 más)",$ 100.000 (Técnico SEC / vacío cañerías),$ 40.000 / año (Filtros y presiones),Tecnología Inverter | Apto zonas templadas/frías. En Zona H/I verificar curvas de descongelamiento (defrost) en subcero.,https://www.solotodo.cl/products/376331
210479,Aire Acondicionado Split,Samsung,AR12CSAAAWK/ZS,Samsung AR12CSAAAWK/ZS,Aire Acondicionado Split (Bomba de Calor Inverter),Electricidad,Capacidad 12000 BTU/h,-,3.32,12000 BTU/h,No especificado,659990,Falabella Marketplace (MIAIRECHILE),https://www.falabella.com/falabella-cl/product/131748663/aire-acondicionado-samsung-12-000-btu-wind-free-wifi/131748664,659990,659990,Falabella Marketplace (MIAIRECHILE),1,"Falabella Marketplace (MIAIRECHILE): $659,990",$ 100.000 (Técnico SEC / vacío cañerías),$ 40.000 / año (Filtros y presiones),Certificación SEC QR: 437308 | Tecnología Inverter | Apto zonas templadas/frías. En Zona H/I verificar curvas de descongelamiento (defrost) en subcero.,https://www.solotodo.cl/products/210479
277743,Aire Acondicionado Split,Samsung,AR50F09C1FH/ZS,Samsung AR50F09C1FH/ZS,Aire Acondicionado Split (Bomba de Calor Inverter),Electricidad,Capacidad 9000 BTU/h,-,3.00 (Inverter Modo Calor),9000 BTU/h,No especificado,653990,Falabella Marketplace (Emma House),https://www.falabella.com/falabella-cl/product/151215407/aire-acondicionado-samsung-ar50f09c1fh-zs-9-000-btu/156960939,653990,653990,Falabella Marketplace (Emma House),1,"Falabella Marketplace (Emma House): $653,990",$ 100.000 (Técnico SEC / vacío cañerías),$ 40.000 / año (Filtros y presiones),Certificación SEC QR: 539358 | Tecnología Inverter | Apto zonas templadas/frías. En Zona H/I verificar curvas de descongelamiento (defrost) en subcero.,https://www.solotodo.cl/products/277743
251211,Aire Acondicionado Split,Midea,MSCB1BU-09HRFN8-BL / MOX104-09HFN8-BL,Midea MSCB1BU-09HRFN8-BL / MOX104-09HFN8-BL,Aire Acondicionado Split (Bomba de Calor Inverter),Electricidad,23.85 kWh/mes (Norma SEC),-,3.70 (Clase A),9000 BTU/h / 3000 W (Calefacción),No especificado,649990,Falabella Marketplace (Midea),https://www.falabella.com/falabella-cl/product/147121269/Aire-acondicionado-Split-Electrico-BREEZELESS09K-9000-Btu-Midea/147121270,649990,324990,Enel X,9,"Hites: $639,990 | Easy: $409,990 | Sodimac: $569,990 | Enel X: $324,990 | ABC: $629,990 (+4 más)",$ 100.000 (Técnico SEC / vacío cañerías),$ 40.000 / año (Filtros y presiones),Certificación SEC QR: 503382 | Tecnología Inverter | Apto zonas templadas/frías. En Zona H/I verificar curvas de descongelamiento (defrost) en subcero.,https://www.solotodo.cl/products/251211
292904,Aire Acondicionado Split,Hisense,AS-18UW4RMSKA-I / AS-18UW4RMSKA-O,Hisense AS-18UW4RMSKA-I / AS-18UW4RMSKA-O,Aire Acondicionado Split (Bomba de Calor Inverter),Electricidad,Capacidad 18000 BTU/h,-,3.21 (Clase A Inverter),18000 BTU/h / 5400 W (Calefacción),No especificado,649990,Falabella Marketplace (MIAIRECHILE),https://www.falabella.com/falabella-cl/product/142158950/Aire-Acondicionado-Hisense-18000-BTU-Hi-Vida-Inverter-Expert/142158951,649990,431990,AirHome,7,"Enel X: $469,990 | Falabella Marketplace (MIAIRECHILE): $649,990 | AirHome: $431,990 | Portal del Aire: $449,990 | Moreto: $489,990 (+2 más)",$ 100.000 (Técnico SEC / vacío cañerías),$ 40.000 / año (Filtros y presiones),Certificación SEC QR: 504340 | Tecnología Inverter | Apto zonas templadas/frías. En Zona H/I verificar curvas de descongelamiento (defrost) en subcero.,https://www.solotodo.cl/products/292904
277742,Aire Acondicionado Split,Samsung,AR50F18C1FH/ZS,Samsung AR50F18C1FH/ZS,Aire Acondicionado Split (Bomba de Calor Inverter),Electricidad,Capacidad 18000 BTU/h,-,3.00 (Inverter Modo Calor),18000 BTU/h,No especificado,642990,AirHome,https://airhome.cl/producto/split-wind-free-inverter-----samsung-18-000-btu,642990,642990,AirHome,1,"AirHome: $642,990",$ 100.000 (Técnico SEC / vacío cañerías),$ 40.000 / año (Filtros y presiones),Certificación SEC QR: 539349 | Tecnología Inverter | Apto zonas templadas/frías. En Zona H/I verificar curvas de descongelamiento (defrost) en subcero.,https://www.solotodo.cl/products/277742
273113,Aire Acondicionado Split,Aiwa,AW-24INVG,Aiwa AW-24INVG,Aire Acondicionado Split (Bomba de Calor Inverter),Electricidad,Capacidad 24000 BTU/h,-,3.00 (Inverter Modo Calor),24000 BTU/h,No especificado,629990,ABC,https://www.abc.cl/aire-acondicionado-aiwa-split-inverter-24000-btu-aw-24invg/28803389.html,629990,519990,Lider Marketplace (AIWA CHILE),4,"ABC: $629,990 | Ripley Marketplace (Aiwa Chile): $569,990 | Lider Marketplace (AIWA CHILE): $519,990 | Mercado Libre (IMPORTADORAVICTORIACAPITALLT): $609,990",$ 100.000 (Técnico SEC / vacío cañerías),$ 40.000 / año (Filtros y presiones),Certificación SEC QR: 525431 | Tecnología Inverter | Apto zonas templadas/frías. En Zona H/I verificar curvas de descongelamiento (defrost) en subcero.,https://www.solotodo.cl/products/273113
147844,Aire Acondicionado Split,Samsung,AR12BSEAMWK,Samsung AR12BSEAMWK,Aire Acondicionado Split (Bomba de Calor Inverter),Electricidad,Capacidad 12000 BTU/h,-,3.32 (Clase No ingresado),12000 BTU/h,No especificado,623990,Falabella Marketplace (Emma House),https://www.falabella.com/falabella-cl/product/142616888/Aire-Acondicionado-Samsung-Inverter-Wi-Fi-F-C-12000-BTU/147202891,623990,623990,Falabella Marketplace (Emma House),1,"Falabella Marketplace (Emma House): $623,990",$ 100.000 (Técnico SEC / vacío cañerías),$ 40.000 / año (Filtros y presiones),Certificación SEC QR: 409017 | Tecnología Inverter | Apto zonas templadas/frías. En Zona H/I verificar curvas de descongelamiento (defrost) en subcero.,https://www.solotodo.cl/products/147844
399329,Aire Acondicionado Split,DAIKIN,FTXS24EL215 / RXS24EL215,DAIKIN FTXS24EL215 / RXS24EL215,Aire Acondicionado Split (Bomba de Calor Inverter),Electricidad,60.27 kWh/mes (Norma SEC),-,3.21 (Clase A),24000 BTU/h / 7034 W (Calefacción),No especificado,619990,Moreto,https://www.moretoclima.cl/inicio/aire-acondicionado-daikin-inverter-24000-btu-wifi,619990,619990,Moreto,1,"Moreto: $619,990",$ 100.000 (Técnico SEC / vacío cañerías),$ 40.000 / año (Filtros y presiones),Certificación SEC QR: 568002 | Tecnología Inverter | Apto zonas templadas/frías. En Zona H/I verificar curvas de descongelamiento (defrost) en subcero.,https://www.solotodo.cl/products/399329
277744,Aire Acondicionado Split,Samsung,AR50F12C1FH/ZS,Samsung AR50F12C1FH/ZS,Aire Acondicionado Split (Bomba de Calor Inverter),Electricidad,Capacidad 12000 BTU/h,-,3.00 (Inverter Modo Calor),12000 BTU/h,No especificado,613990,Falabella Marketplace (Emma House),https://www.falabella.com/falabella-cl/product/148212868/aire-acondicionado-split-samsung-12000-btu/151299647,613990,499990,AirHome,3,"AirHome: $499,990 | AirHome: $547,990 | Falabella Marketplace (Emma House): $613,990",$ 100.000 (Técnico SEC / vacío cañerías),$ 40.000 / año (Filtros y presiones),Certificación SEC QR: 539353 | Tecnología Inverter | Apto zonas templadas/frías. En Zona H/I verificar curvas de descongelamiento (defrost) en subcero.,https://www.solotodo.cl/products/277744
229429,Aire Acondicionado Split,Electrolux,EAIX18G5MABXW / EAIE18G5MABXW,Electrolux EAIX18G5MABXW / EAIE18G5MABXW,Aire Acondicionado Split (Bomba de Calor Inverter),Electricidad,49.5 kWh/mes (Norma SEC),-,3.41 (Clase A),18000 BTU/h / 5720 W (Calefacción),No especificado,607990,Travel Tienda,https://tienda.travel.cl/split/aire-acondicionado-electrolux-inverter-18000-btu/SKU97837,607990,449990,Lider Marketplace (ELECTROLUX DE CHILE S.A.),6,"Travel Tienda: $607,990 | Paris Marketplace (Electrolux): $454,990 | Falabella Marketplace (Electrolux Group): $529,990 | Lider Marketplace (ELECTROLUX DE CHILE S.A.): $449,990 | Lider Marketplace (ELECTROLUX DE CHILE S.A.): $519,990 (+1 más)",$ 100.000 (Técnico SEC / vacío cañerías),$ 40.000 / año (Filtros y presiones),Certificación SEC QR: 485664 | Tecnología Inverter | Apto zonas templadas/frías. En Zona H/I verificar curvas de descongelamiento (defrost) en subcero.,https://www.solotodo.cl/products/229429
87651,Aire Acondicionado Split,LG,VM122C9,LG VM122C9,Aire Acondicionado Split (Bomba de Calor Inverter),Electricidad,Capacidad 12000 BTU/h,-,3.21 (Clase No Aplica),12000 BTU/h,No especificado,606419,Omnisport (USD conv),https://www.omnisport.com/productos/aire-acondicionado-inverter-vm122c9-12000-btu-wifi,606419,428885,Artefacta (USD conv),3,"Omnisport (USD conv): $606,419 | Artefacta (USD conv): $428,885 | Electrónica Panamericana (GTQ conv): $587,698",$ 100.000 (Técnico SEC / vacío cañerías),$ 40.000 / año (Filtros y presiones),Tecnología Inverter | Apto zonas templadas/frías. En Zona H/I verificar curvas de descongelamiento (defrost) en subcero.,https://www.solotodo.cl/products/87651
262942,Aire Acondicionado Split,Kendal,R2-ASM-18MDS,Kendal R2-ASM-18MDS,Aire Acondicionado Split (Bomba de Calor Inverter),Electricidad,Capacidad 18000 BTU/h,-,3.21 (Clase A Inverter),18000 BTU/h / 5500 W (Calefacción),No especificado,599990,Easy,https://www.easy.cl/aire-acondicionado-split-r2-asm-18-12a-18000-btu-frio-y-calor-wifi-1446198/p,599990,429990,Portal del Aire,5,"Travel Tienda: $529,990 | Easy: $599,990 | Sodimac: $599,990 | Thermo Quality: $565,990 | Portal del Aire: $429,990",$ 100.000 (Técnico SEC / vacío cañerías),$ 40.000 / año (Filtros y presiones),Certificación SEC QR: 523839 | Tecnología Inverter | Apto zonas templadas/frías. En Zona H/I verificar curvas de descongelamiento (defrost) en subcero.,https://www.solotodo.cl/products/262942
148938,Aire Acondicionado Split,Samsung,AR09BSEAMWK,Samsung AR09BSEAMWK,Aire Acondicionado Split (Bomba de Calor Inverter),Electricidad,Capacidad 9000 BTU/h,-,3.21 (Clase No ingresado),9000 BTU/h / 3190 W (Calefacción),No especificado,599990,Falabella Marketplace (MIAIRECHILE),https://www.falabella.com/falabella-cl/product/131736248/Aire-Acondicionado-Samsung-9.000-BTU-Wind-Free-Wifi/131736249,599990,574990,Falabella Marketplace (Emma House),2,"Falabella Marketplace (MIAIRECHILE): $599,990 | Falabella Marketplace (Emma House): $574,990",$ 100.000 (Técnico SEC / vacío cañerías),$ 40.000 / año (Filtros y presiones),"Certificación SEC QR: 437318,411408 | Tecnología Inverter | Apto zonas templadas/frías. En Zona H/I verificar curvas de descongelamiento (defrost) en subcero.",https://www.solotodo.cl/products/148938
229430,Aire Acondicionado Split,Electrolux,EAIX12G5MABXW / EAIE12G5MABXW,Electrolux EAIX12G5MABXW / EAIE12G5MABXW,Aire Acondicionado Split (Bomba de Calor Inverter),Electricidad,32.6 kWh/mes (Norma SEC),-,3.38 (Clase A),12000 BTU/h / 3940 W (Calefacción),No especificado,599990,ABC,https://www.abc.cl/aire-acondicionado-split-inverter-electrolux-eaix12-12000-btu/27407285.html,599990,329990,Lider Marketplace (ELECTROLUX DE CHILE S.A.),5,"Travel Tienda: $443,990 | ABC: $599,990 | Paris Marketplace (Electrolux): $359,990 | Lider Marketplace (ELECTROLUX DE CHILE S.A.): $329,990 | Mercado Libre (ELECTROLUXCL): $459,990",$ 100.000 (Técnico SEC / vacío cañerías),$ 40.000 / año (Filtros y presiones),Certificación SEC QR: 485663 | Tecnología Inverter | Apto zonas templadas/frías. En Zona H/I verificar curvas de descongelamiento (defrost) en subcero.,https://www.solotodo.cl/products/229430
222456,Aire Acondicionado Split,Midea,Xtreme Heat MFA2U-14HRFNX / MOX230-14HFN8,Midea Xtreme Heat MFA2U-14HRFNX / MOX230-14HFN8,Aire Acondicionado Split (Bomba de Calor Inverter),Electricidad,38.1 kWh/mes (Norma SEC),-,3.23 (Clase A),14000 BTU/h / 4396 W (Calefacción),No especificado,599990,Mercado Libre (MIDEA CARRIER),https://www.mercadolibre.cl/p/MLC42261245?pdp_filters=official_store:all,599990,599990,Mercado Libre (MIDEA CARRIER),1,"Mercado Libre (MIDEA CARRIER): $599,990",$ 100.000 (Técnico SEC / vacío cañerías),$ 40.000 / año (Filtros y presiones),Certificación SEC QR: 458814 | Tecnología Inverter | Apto zonas templadas/frías. En Zona H/I verificar curvas de descongelamiento (defrost) en subcero.,https://www.solotodo.cl/products/222456
397957,Aire Acondicionado Split,Midea,MSEZA-12HRFN8 / MOX101-12HFN8,Midea MSEZA-12HRFN8 / MOX101-12HFN8,Aire Acondicionado Split (Bomba de Calor Inverter),Electricidad,Capacidad 12000 BTU/h,-,3.00 (Inverter Modo Calor),12000 BTU/h,No especificado,599990,Paris Marketplace (Midea),https://www.paris.cl/aire-acondicionado-split-inverter-ecomaster-12000-btu-MK2WIX0R0R.html,599990,338990,Cero Grado,3,"Cero Grado: $338,990 | Moreto: $352,121 | Paris Marketplace (Midea): $599,990",$ 100.000 (Técnico SEC / vacío cañerías),$ 40.000 / año (Filtros y presiones),Certificación SEC QR: 566201 | Tecnología Inverter | Apto zonas templadas/frías. En Zona H/I verificar curvas de descongelamiento (defrost) en subcero.,https://www.solotodo.cl/products/397957
53126,Aire Acondicionado Split,TCL,TAC-24CHSA/TPH11 INV,TCL TAC-24CHSA/TPH11 INV,Aire Acondicionado Split (Bomba de Calor Inverter),Electricidad,65.7 kWh/mes (Norma SEC),-,3.21 (Clase A),24000 BTU/h / 7030 W (Calefacción),No especificado,599900,Mercado Libre (MTCLIMA_SPA),https://www.mercadolibre.cl/p/MLC62634070?pdp_filters=official_store:all,599900,499990,Paris Marketplace (TCL),7,"Falabella Marketplace (TCL): $549,990 | Paris Marketplace (TCL): $499,990 | Ripley Marketplace (TCL): $529,990 | Lider Marketplace (TCL): $529,990 | Mercado Libre (MTCLIMA_SPA): $599,900 (+2 más)",$ 100.000 (Técnico SEC / vacío cañerías),$ 40.000 / año (Filtros y presiones),Certificación SEC QR: 517521 | Tecnología Inverter | Apto zonas templadas/frías. En Zona H/I verificar curvas de descongelamiento (defrost) en subcero.,https://www.solotodo.cl/products/53126
174681,Aire Acondicionado Split,LG,VR122HW,LG VR122HW,Aire Acondicionado Split (Bomba de Calor Inverter),Electricidad,Capacidad 12000 BTU/h,-,3.21,12000 BTU/h,No especificado,596990,Cero Grado,https://cerogradoclimatizacion.cl/producto/lg-artcool-12-000-btu/,596990,459990,Portal del Aire,9,"Tienda Oficial LG: $489,990 | Portal del Aire: $459,990 | Sodimac: $479,990 | Easy: $469,990 | Falabella: $489,990 (+4 más)",$ 100.000 (Técnico SEC / vacío cañerías),$ 40.000 / año (Filtros y presiones),Certificación SEC QR: 513728 | Tecnología Inverter | Apto zonas templadas/frías. En Zona H/I verificar curvas de descongelamiento (defrost) en subcero.,https://www.solotodo.cl/products/174681
227873,Aire Acondicionado Split,Hisense,AS-22UW4SBTCH,Hisense AS-22UW4SBTCH,Aire Acondicionado Split (Bomba de Calor Inverter),Electricidad,59.85 kWh/mes (Norma SEC),-,3.21 (Clase A),22000 BTU/h / 6400 W (Calefacción),No especificado,589990,Enel X,https://www.enelxstore.com/cl/es/e-shop/aire-acondicionado/split-muro/aire-acondicionado-hisense-inverter-hivida-22-000-btu,589990,589990,Enel X,1,"Enel X: $589,990",$ 100.000 (Técnico SEC / vacío cañerías),$ 40.000 / año (Filtros y presiones),Certificación SEC QR: 465669 | Tecnología Inverter | Apto zonas templadas/frías. En Zona H/I verificar curvas de descongelamiento (defrost) en subcero.,https://www.solotodo.cl/products/227873
171004,Aire Acondicionado Split,LG,VM182H9,LG VM182H9,Aire Acondicionado Split (Bomba de Calor Inverter),Electricidad,Capacidad 18000 BTU/h,-,3.00 (Inverter Modo Calor),18000 BTU/h,No especificado,580000,DeAires,https://deaires.cl/producto/aire-acondicionado-18000btu-lg/,580000,469990,Portal del Aire,4,"Portal del Aire: $469,990 | DeAires: $580,000 | Lyon Center: $499,990 | Cero Grado: $528,990",$ 100.000 (Técnico SEC / vacío cañerías),$ 40.000 / año (Filtros y presiones),Certificación SEC QR: 472950 | Tecnología Inverter | Apto zonas templadas/frías. En Zona H/I verificar curvas de descongelamiento (defrost) en subcero.,https://www.solotodo.cl/products/171004
357213,Aire Acondicionado Split,Anwo,GES24ECOFLOW-R32 (GES24EF-INV-INT-R32  / GES24EF-INV-DOO-R32),Anwo GES24ECOFLOW-R32 (GES24EF-INV-INT-R32 / GES24EF-INV-DOO-R32),Aire Acondicionado Split (Bomba de Calor Inverter),Electricidad,60.27 kWh/mes (Norma SEC),-,3.21 (Clase A),24000 BTU/h / 7034 W (Calefacción),No especificado,569990,Falabella Marketplace (Anwo),https://www.falabella.com/falabella-cl/product/147417699/Aire-Acondicionado-Split-Muro-INVERTER-ANWO-ECOFLOW-24.000-BTU-con-Wifi/147417700,569990,569990,Easy,2,"Falabella Marketplace (Anwo): $569,990 | Easy: $569,990",$ 100.000 (Técnico SEC / vacío cañerías),$ 40.000 / año (Filtros y presiones),Certificación SEC QR: 533880 | Tecnología Inverter | Apto zonas templadas/frías. En Zona H/I verificar curvas de descongelamiento (defrost) en subcero.,https://www.solotodo.cl/products/357213
128617,Aire Acondicionado Split,Airolite,AASMI 12 ATI R32,Airolite AASMI 12 ATI R32,Aire Acondicionado Split (Bomba de Calor Inverter),Electricidad,32.88 kWh/mes (Norma SEC),-,3.21 (Clase A),12000 BTU/h / 3520 W (Calefacción),No especificado,569990,Sodimac,https://www.sodimac.cl/sodimac-cl/articulo/142237352/product/142237353,569990,569990,Sodimac,1,"Sodimac: $569,990",$ 100.000 (Técnico SEC / vacío cañerías),$ 40.000 / año (Filtros y presiones),Certificación SEC QR: 518141 | Tecnología Inverter | Apto zonas templadas/frías. En Zona H/I verificar curvas de descongelamiento (defrost) en subcero.,https://www.solotodo.cl/products/128617
397518,Aire Acondicionado Split,Hisense,AS-22UW4RLRKA,Hisense AS-22UW4RLRKA,Aire Acondicionado Split (Bomba de Calor Inverter),Electricidad,Capacidad 22000 BTU/h,-,3.00 (Inverter Modo Calor),22000 BTU/h,No especificado,567987,Acondiparts,https://www.acondiparts.cl/product/split-muro-inverter-hi-vida-22-000-btu-h-r32-wifi-hisense,567987,567987,Acondiparts,1,"Acondiparts: $567,987",$ 100.000 (Técnico SEC / vacío cañerías),$ 40.000 / año (Filtros y presiones),Tecnología Inverter | Apto zonas templadas/frías. En Zona H/I verificar curvas de descongelamiento (defrost) en subcero.,https://www.solotodo.cl/products/397518
277538,Aire Acondicionado Split,Samsung,AR70F12C1DW/ZS,Samsung AR70F12C1DW/ZS,Aire Acondicionado Split (Bomba de Calor Inverter),Electricidad,Capacidad 12000 BTU/h,-,3.23 (Clase A),12000 BTU/h / 3520 W (Calefacción),No especificado,564990,Falabella Marketplace (Emma House),https://www.falabella.com/falabella-cl/product/154378344/aire-acondicionado-samsung-ar70f12c1dw-zs-12-000-btu/154378345,564990,499990,Portal del Aire,5,"Sodimac: $519,990 | Enel X: $529,990 | Portal del Aire: $499,990 | Moreto: $562,751 | Falabella Marketplace (Emma House): $564,990",$ 100.000 (Técnico SEC / vacío cañerías),$ 40.000 / año (Filtros y presiones),Certificación SEC QR: 539353 | Tecnología Inverter | Apto zonas templadas/frías. En Zona H/I verificar curvas de descongelamiento (defrost) en subcero.,https://www.solotodo.cl/products/277538
80267,Aire Acondicionado Split,Samsung,AR12TSFZAWK/ZS,Samsung AR12TSFZAWK/ZS,Aire Acondicionado Split (Bomba de Calor Inverter),Electricidad,31.8 kWh/mes (Norma SEC),-,3.32 (Clase A),12000 BTU/h / 3520 W (Calefacción),No especificado,564990,Falabella Marketplace (Emma House),https://www.falabella.com/falabella-cl/product/142616890/Aire-Acondicionado-Samsung-Inverter-Wi-Fi-12.000-BTU/146959959,564990,542990,Falabella,2,"Falabella: $542,990 | Falabella Marketplace (Emma House): $564,990",$ 100.000 (Técnico SEC / vacío cañerías),$ 40.000 / año (Filtros y presiones),Certificación SEC QR: 330262 | Tecnología Inverter | Apto zonas templadas/frías. En Zona H/I verificar curvas de descongelamiento (defrost) en subcero.,https://www.solotodo.cl/products/80267
397488,Aire Acondicionado Split,Hisense,AS-22UR4RBTKA,Hisense AS-22UR4RBTKA,Aire Acondicionado Split (Bomba de Calor Inverter),Electricidad,Capacidad 22200 BTU/h,-,3.00 (Inverter Modo Calor),22200 BTU/h,No especificado,563990,Moreto,https://www.moretoclima.cl/inicio/aire-acondicionado-hisense-22000-btu-hi-vida-inverter-expert-as-22ur4rbtka,563990,533990,AirHome,3,"Thermo Quality: $561,990 | AirHome: $533,990 | Moreto: $563,990",$ 100.000 (Técnico SEC / vacío cañerías),$ 40.000 / año (Filtros y presiones),Tecnología Inverter | Apto zonas templadas/frías. En Zona H/I verificar curvas de descongelamiento (defrost) en subcero.,https://www.solotodo.cl/products/397488
251956,Aire Acondicionado Split,Midea,MSAG11C-18HRDN8 / MOX230-18HFN8,Midea MSAG11C-18HRDN8 / MOX230-18HFN8,Aire Acondicionado Split (Bomba de Calor Inverter),Electricidad,Capacidad 18000 BTU/h,-,3.00 (Inverter Modo Calor),18000 BTU/h,No especificado,559990,Easy,https://www.easy.cl/aire-acondicionado-split-inverter-xtra18k-18000-btu-friocalor-1435508/p,559990,459990,Moreto,3,"Easy: $559,990 | AirHome: $471,025 | Moreto: $459,990",$ 100.000 (Técnico SEC / vacío cañerías),$ 40.000 / año (Filtros y presiones),Certificación SEC QR: 498555 | Tecnología Inverter | Apto zonas templadas/frías. En Zona H/I verificar curvas de descongelamiento (defrost) en subcero.,https://www.solotodo.cl/products/251956
104613,Aire Acondicionado Split,LG,VM122C8,LG VM122C8,Aire Acondicionado Split (Bomba de Calor Inverter),Electricidad,Capacidad 12000 BTU/h,-,3.24 (Clase No Aplica),12000 BTU/h,No especificado,558729,Siman Nicaragua (NIO conv),https://ni.siman.com/aire-acondicionado-12000-btu-104023758/p,558729,558729,Siman Nicaragua (NIO conv),1,"Siman Nicaragua (NIO conv): $558,729",$ 100.000 (Técnico SEC / vacío cañerías),$ 40.000 / año (Filtros y presiones),Tecnología Inverter | Apto zonas templadas/frías. En Zona H/I verificar curvas de descongelamiento (defrost) en subcero.,https://www.solotodo.cl/products/104613
397974,Aire Acondicionado Split,DAIKIN,FTXS24AL215 / RXS24AL215,DAIKIN FTXS24AL215 / RXS24AL215,Aire Acondicionado Split (Bomba de Calor Inverter),Electricidad,Capacidad 24000 BTU/h,-,3.00 (Inverter Modo Calor),24000 BTU/h,No especificado,555990,Cero Grado,https://cerogradoclimatizacion.cl/producto/daikin-serie-al-24-000-btu/,555990,555990,Cero Grado,1,"Cero Grado: $555,990",$ 100.000 (Técnico SEC / vacío cañerías),$ 40.000 / año (Filtros y presiones),Tecnología Inverter | Apto zonas templadas/frías. En Zona H/I verificar curvas de descongelamiento (defrost) en subcero.,https://www.solotodo.cl/products/397974
404275,Aire Acondicionado Split,Midea,ECOMASTER09K,Midea ECOMASTER09K,Aire Acondicionado Split (Bomba de Calor Inverter),Electricidad,Capacidad 9000 BTU/h,-,3.21 (Clase A Inverter),9000 BTU/h / 2931 W (Calefacción),No especificado,549990,Falabella Marketplace (Midea),https://www.falabella.com/falabella-cl/product/156890893/aire-acondicionado-split-inverter-ecomaster-9000-btu/156890894,549990,519990,Mercado Libre (MIDEA CARRIER),3,"Falabella Marketplace (Midea): $549,990 | Mercado Libre (MIDEA CARRIER): $519,990 | Paris Marketplace (Midea): $549,990",$ 100.000 (Técnico SEC / vacío cañerías),$ 40.000 / año (Filtros y presiones),Tecnología Inverter | Apto zonas templadas/frías. En Zona H/I verificar curvas de descongelamiento (defrost) en subcero.,https://www.solotodo.cl/products/404275
128625,Aire Acondicionado Split,Midea,MSAG11C-18HRDN1 / MOX330-18HDN1,Midea MSAG11C-18HRDN1 / MOX330-18HDN1,Aire Acondicionado Split (Bomba de Calor Inverter),Electricidad,49.29 kWh/mes (Norma SEC),-,3.21 (Clase A),18000 BTU/h / 5275 W (Calefacción),No especificado,549990,Falabella Marketplace (MIAIRECHILE),https://www.falabella.com/falabella-cl/product/130368202/aire-acondicionado-midea-18-000-btu-inverter-wifi-ecomaster-ai/130368203,549990,549990,Falabella Marketplace (MIAIRECHILE),1,"Falabella Marketplace (MIAIRECHILE): $549,990",$ 100.000 (Técnico SEC / vacío cañerías),$ 40.000 / año (Filtros y presiones),"Certificación SEC QR: 479707, 377669 | Tecnología Inverter | Apto zonas templadas/frías. En Zona H/I verificar curvas de descongelamiento (defrost) en subcero.",https://www.solotodo.cl/products/128625
399088,Aire Acondicionado Split,DAIKIN,FTXS18EL215 / RXS18EL215,DAIKIN FTXS18EL215 / RXS18EL215,Aire Acondicionado Split (Bomba de Calor Inverter),Electricidad,Capacidad 18000 BTU/h,-,3.00 (Inverter Modo Calor),18000 BTU/h,No especificado,529990,Moreto,https://www.moretoclima.cl/hogar/aire-acondicionado-daikin-inverter-18000-btu-wifi,529990,529990,Moreto,1,"Moreto: $529,990",$ 100.000 (Técnico SEC / vacío cañerías),$ 40.000 / año (Filtros y presiones),Certificación SEC QR: 519640 | Tecnología Inverter | Apto zonas templadas/frías. En Zona H/I verificar curvas de descongelamiento (defrost) en subcero.,https://www.solotodo.cl/products/399088
52074,Aire Acondicionado Split,Toyotomi,SP-IZU12,Toyotomi SP-IZU12,Aire Acondicionado Split (Bomba de Calor),Electricidad,Capacidad 12000 BTU/h,-,3.00 (Inverter Modo Calor),12000 BTU/h,No especificado,529990,Sodimac,https://www.sodimac.cl/sodimac-cl/articulo/110003043/product/110003048,529990,529990,Sodimac,1,"Sodimac: $529,990",$ 100.000 (Técnico SEC / vacío cañerías),$ 40.000 / año (Filtros y presiones),Certificación SEC QR: 220072 | Apto zonas templadas/frías. En Zona H/I verificar curvas de descongelamiento (defrost) en subcero.,https://www.solotodo.cl/products/52074
397947,Aire Acondicionado Split,LG,VX122CL31,LG VX122CL31,Aire Acondicionado Split (Bomba de Calor Inverter),Electricidad,Capacidad 12000 BTU/h,-,3.00 (Inverter Modo Calor),12000 BTU/h,No especificado,522221,Jetstereo (HNL conv),https://www.jetstereo.com/product/combo-aa-lg-de-12-000btu-inverter-con-soporte-combo-vx122cl31,522221,356311,LG Shop Ecuador (USD conv),7,"SoyTechno (USD conv): $419,541 | Créditos Económicos (USD conv): $409,758 | LG Shop Ecuador (USD conv): $356,311 | Almacenes Japón (USD conv): $409,758 | Computron (USD conv): $401,778 (+2 más)",$ 100.000 (Técnico SEC / vacío cañerías),$ 40.000 / año (Filtros y presiones),Tecnología Inverter | Apto zonas templadas/frías. En Zona H/I verificar curvas de descongelamiento (defrost) en subcero.,https://www.solotodo.cl/products/397947
357919,Aire Acondicionado Split,LG,VK122C31,LG VK122C31,Aire Acondicionado Split (Bomba de Calor Inverter),Electricidad,Capacidad 12000 BTU/h,-,3.00 (Inverter Modo Calor),12000 BTU/h,No especificado,522046,Diunsa (HNL conv),https://www.diunsa.hn/p/aire-minisplit-lg-inverter-12000-btu-000000001-0000208260,522046,364814,LG Shop Ecuador (USD conv),7,"La Ganga (USD conv): $389,809 | Almacenes Japón (USD conv): $419,532 | LG Shop Ecuador (USD conv): $364,814 | Comandato (USD conv): $405,507 | Créditos Económicos (USD conv): $419,532 (+2 más)",$ 100.000 (Técnico SEC / vacío cañerías),$ 40.000 / año (Filtros y presiones),Tecnología Inverter | Apto zonas templadas/frías. En Zona H/I verificar curvas de descongelamiento (defrost) en subcero.,https://www.solotodo.cl/products/357919
361078,Aire Acondicionado Split,TCL,TAC-24CHSDI/ZG11,TCL TAC-24CHSDI/ZG11,Aire Acondicionado Split (Bomba de Calor Inverter),Electricidad,65.7 kWh/mes (Norma SEC),-,3.21 (Clase A),24000 BTU/h / 7030 W (Calefacción),No especificado,519990,Falabella Marketplace (TCL),https://www.falabella.com/falabella-cl/product/148983158/Aire-Acondicionado-Inverter-TCL-SaveIN-24000-BTU-WIFI/148983159,519990,499990,Lider Marketplace (TCL),5,"Falabella Marketplace (TCL): $519,990 | Mercado Libre (TCLELECTRONICSCHILE): $519,990 | Paris Marketplace (TCL): $499,990 | Lider Marketplace (TCL): $499,990 | Ripley Marketplace (TCL): $519,990",$ 100.000 (Técnico SEC / vacío cañerías),$ 40.000 / año (Filtros y presiones),Certificación SEC QR: 565750 | Tecnología Inverter | Apto zonas templadas/frías. En Zona H/I verificar curvas de descongelamiento (defrost) en subcero.,https://www.solotodo.cl/products/361078
277745,Aire Acondicionado Split,Samsung,AR70F09C1DW/ZS,Samsung AR70F09C1DW/ZS,Aire Acondicionado Split (Bomba de Calor Inverter),Electricidad,23.9 kWh/mes (Norma SEC),-,3.32 (Clase A),9000 BTU/h / 3210 W (Calefacción),No especificado,519990,Samsung Shop,https://www.samsung.com/cl/air-conditioners/wall-mount/ar9500t-ar70f12caawneu-ai-fast-comfort-cooling-ai-fast-comfort-cooling-comfort-drying-for-cold-free-dehumidification-ar70f09c1dw-zs/,519990,449990,Portal del Aire,10,"Samsung Shop: $519,990 | Falabella Marketplace (SAMSUNG): $489,990 | Falabella: $479,990 | Easy: $479,990 | Mercado Libre Samsung: $519,990 (+5 más)",$ 100.000 (Técnico SEC / vacío cañerías),$ 40.000 / año (Filtros y presiones),Certificación SEC QR: 539358 | Tecnología Inverter | Apto zonas templadas/frías. En Zona H/I verificar curvas de descongelamiento (defrost) en subcero.,https://www.solotodo.cl/products/277745
254042,Aire Acondicionado Split,LG,VR092HW,LG VR092HW,Aire Acondicionado Split (Bomba de Calor Inverter),Electricidad,Capacidad 9000 BTU/h,-,3.00 (Inverter Modo Calor),9000 BTU/h,No especificado,508990,Cero Grado,https://cerogradoclimatizacion.cl/producto/lg-artcool-9-000-btu/,508990,508990,Cero Grado,1,"Cero Grado: $508,990",$ 100.000 (Técnico SEC / vacío cañerías),$ 40.000 / año (Filtros y presiones),Certificación SEC QR: 515177 | Tecnología Inverter | Apto zonas templadas/frías. En Zona H/I verificar curvas de descongelamiento (defrost) en subcero.,https://www.solotodo.cl/products/254042
273114,Aire Acondicionado Split,Aiwa,AW-18INVG,Aiwa AW-18INVG,Aire Acondicionado Split (Bomba de Calor Inverter),Electricidad,Capacidad 18000 BTU/h,-,3.00 (Inverter Modo Calor),18000 BTU/h,No especificado,499990,Sodimac,https://www.sodimac.cl/sodimac-cl/articulo/140755805/product/140755806,499990,499990,Sodimac,1,"Sodimac: $499,990",$ 100.000 (Técnico SEC / vacío cañerías),$ 40.000 / año (Filtros y presiones),Certificación SEC QR: 525424 | Tecnología Inverter | Apto zonas templadas/frías. En Zona H/I verificar curvas de descongelamiento (defrost) en subcero.,https://www.solotodo.cl/products/273114
278316,Aire Acondicionado Split,Samsung,AR40F12C0AM/ZS,Samsung AR40F12C0AM/ZS,Aire Acondicionado Split (Bomba de Calor Inverter),Electricidad,Capacidad 12000 BTU/h,-,3.21 (Clase A),12000 BTU/h / 3370 W (Calefacción),No especificado,499990,Mercado Libre (SAMSUNG_CHILE),https://www.mercadolibre.cl/p/MLC60369175?pdp_filters=official_store:all,499990,339990,Falabella,6,"Samsung Shop: $339,990 | Falabella: $339,990 | Paris: $349,990 | Falabella Marketplace (SAMSUNG): $349,990 | Mercado Libre (SAMSUNG_CHILE): $499,990 (+1 más)",$ 100.000 (Técnico SEC / vacío cañerías),$ 40.000 / año (Filtros y presiones),Certificación SEC QR: 545450 | Tecnología Inverter | Apto zonas templadas/frías. En Zona H/I verificar curvas de descongelamiento (defrost) en subcero.,https://www.solotodo.cl/products/278316
384857,Aire Acondicionado Split,Midea,MSCOM-09HRFN8 / MOM101-09HFN8,Midea MSCOM-09HRFN8 / MOM101-09HFN8,Aire Acondicionado Split (Bomba de Calor Inverter),Electricidad,21.3 kWh/mes (Norma SEC),-,3.72 (Clase A),9000 BTU/h / 2931 W (Calefacción),No especificado,499990,Sodimac,https://www.sodimac.cl/sodimac-cl/articulo/152207481/product/152207483,499990,242990,AirHome,5,"Mercado Libre (MIDEA CARRIER): $399,990 | Sodimac: $499,990 | Easy: $329,990 | Falabella Marketplace (Midea): $499,990 | AirHome: $242,990",$ 100.000 (Técnico SEC / vacío cañerías),$ 40.000 / año (Filtros y presiones),Certificación SEC QR: 569458 | Tecnología Inverter | Apto zonas templadas/frías. En Zona H/I verificar curvas de descongelamiento (defrost) en subcero.,https://www.solotodo.cl/products/384857
276478,Aire Acondicionado Split,Alcazar,KWSM-12IR410AHF,Alcazar KWSM-12IR410AHF,Aire Acondicionado Split (Bomba de Calor Inverter),Electricidad,32.85 kWh/mes (Norma SEC),-,3.21 (Clase A),12000 BTU/h / 3520 W (Calefacción),No especificado,499990,Easy,https://www.easy.cl/aire-acondicionado-split-1380w-12000-btu-wifi-1474121/p,499990,465990,Travel Tienda,2,"Travel Tienda: $465,990 | Easy: $499,990",$ 100.000 (Técnico SEC / vacío cañerías),$ 40.000 / año (Filtros y presiones),Certificación SEC QR: 480881 | Tecnología Inverter | Apto zonas templadas/frías. En Zona H/I verificar curvas de descongelamiento (defrost) en subcero.,https://www.solotodo.cl/products/276478
269572,Aire Acondicionado Split,Vesta,X32-ASM-24MDS,Vesta X32-ASM-24MDS,Aire Acondicionado Split (Bomba de Calor Inverter),Electricidad,Capacidad 24000 BTU/h,-,3.00 (Inverter Modo Calor),24000 BTU/h,No especificado,499990,Portal del Aire,https://portaldelaire.cl/collections/equipos-de-aire-acondicionado/products/aire-acondicionado-x32-con-wifi-inverter-vesta-24000btu-r32-40-a-50m2,499990,499990,Portal del Aire,1,"Portal del Aire: $499,990",$ 100.000 (Técnico SEC / vacío cañerías),$ 40.000 / año (Filtros y presiones),Certificación SEC QR: 524381 | Tecnología Inverter | Apto zonas templadas/frías. En Zona H/I verificar curvas de descongelamiento (defrost) en subcero.,https://www.solotodo.cl/products/269572
227871,Aire Acondicionado Split,Hisense,AS-18UW4SMSCH,Hisense AS-18UW4SMSCH,Aire Acondicionado Split (Bomba de Calor Inverter),Electricidad,46.65 kWh/mes (Norma SEC),-,3.22 (Clase A),18000 BTU/h / 5100 W (Calefacción),No especificado,499990,Cero Grado,https://cerogradoclimatizacion.cl/producto/hisense-brissa-18-000/,499990,499990,Cero Grado,1,"Cero Grado: $499,990",$ 100.000 (Técnico SEC / vacío cañerías),$ 40.000 / año (Filtros y presiones),Certificación SEC QR: 465614 | Tecnología Inverter | Apto zonas templadas/frías. En Zona H/I verificar curvas de descongelamiento (defrost) en subcero.,https://www.solotodo.cl/products/227871
397976,Aire Acondicionado Split,Kendal,BM2-ASM-18MDS,Kendal BM2-ASM-18MDS,Aire Acondicionado Split (Bomba de Calor Inverter),Electricidad,48.0 kWh/mes (Norma SEC),-,3.31 (Clase A),18000 BTU/h / 5600 W (Calefacción),No especificado,499990,Portal del Aire,https://portaldelaire.cl/collections/equipos-de-aire-acondicionado/products/aire-acondicionado-black-mirror-con-wifi-inverter-kendal-18000btu-30-40m2,499990,499990,Portal del Aire,1,"Portal del Aire: $499,990",$ 100.000 (Técnico SEC / vacío cañerías),$ 40.000 / año (Filtros y presiones),Certificación SEC QR: 434252 | Tecnología Inverter | Apto zonas templadas/frías. En Zona H/I verificar curvas de descongelamiento (defrost) en subcero.,https://www.solotodo.cl/products/397976
56957,Aire Acondicionado Split,LG,VM122CW,LG VM122CW,Aire Acondicionado Split (Bomba de Calor Inverter),Electricidad,Capacidad 12000 BTU/h,-,3.00 (Inverter Modo Calor),12000 BTU/h,No especificado,482535,Siman Nicaragua (NIO conv),https://ni.siman.com/aire-acondicionado-12-000-btu-100550000/p,482535,482535,Siman Nicaragua (NIO conv),1,"Siman Nicaragua (NIO conv): $482,535",$ 100.000 (Técnico SEC / vacío cañerías),$ 40.000 / año (Filtros y presiones),Tecnología Inverter | Apto zonas templadas/frías. En Zona H/I verificar curvas de descongelamiento (defrost) en subcero.,https://www.solotodo.cl/products/56957
247038,Aire Acondicionado Split,Midea,MSAG11A-09HRDN8-Q / MOXS30-09HFN8-Q,Midea MSAG11A-09HRDN8-Q / MOXS30-09HFN8-Q,Aire Acondicionado Split (Bomba de Calor Inverter),Electricidad,23.7 kWh/mes (Norma SEC),-,3.21 (Clase A),9000 BTU/h / 2785 W (Calefacción),No especificado,479990,Falabella Marketplace (Midea),https://www.falabella.com/falabella-cl/product/147121139/aire-acondicionado-split-electrico-xtra09k-9000-btu-midea/147121140,479990,269990,Easy,3,"Ripley: $279,990 | Easy: $269,990 | Falabella Marketplace (Midea): $479,990",$ 100.000 (Técnico SEC / vacío cañerías),$ 40.000 / año (Filtros y presiones),Certificación SEC QR: 498550 | Tecnología Inverter | Apto zonas templadas/frías. En Zona H/I verificar curvas de descongelamiento (defrost) en subcero.,https://www.solotodo.cl/products/247038
397959,Aire Acondicionado Split,Midea,MSAV2C-18HRFN8 / MOV201-18HFN8,Midea MSAV2C-18HRFN8 / MOV201-18HFN8,Aire Acondicionado Split (Bomba de Calor Inverter),Electricidad,48.7 kWh/mes (Norma SEC),-,3.25 (Clase A),18000 BTU/h / 5569 W (Calefacción),No especificado,475990,AirHome,https://airhome.cl/producto/airvolution-18-000-btu-midea,475990,475881,Moreto,2,"AirHome: $475,990 | Moreto: $475,881",$ 100.000 (Técnico SEC / vacío cañerías),$ 40.000 / año (Filtros y presiones),Certificación SEC QR: 583660 | Tecnología Inverter | Apto zonas templadas/frías. En Zona H/I verificar curvas de descongelamiento (defrost) en subcero.,https://www.solotodo.cl/products/397959
397968,Aire Acondicionado Split,DAIKIN,FTXC50CV1B / RXC50CV1B,DAIKIN FTXC50CV1B / RXC50CV1B,Aire Acondicionado Split (Bomba de Calor Inverter),Electricidad,Capacidad 18000 BTU/h,-,3.00 (Inverter Modo Calor),18000 BTU/h,No especificado,474584,Acondiparts,https://www.acondiparts.cl/product/split-muro-inverter-sensira-18-000-btu-h-r32-daikin,474584,474584,Acondiparts,1,"Acondiparts: $474,584",$ 100.000 (Técnico SEC / vacío cañerías),$ 40.000 / año (Filtros y presiones),Tecnología Inverter | Apto zonas templadas/frías. En Zona H/I verificar curvas de descongelamiento (defrost) en subcero.,https://www.solotodo.cl/products/397968
379410,Aire Acondicionado Split,TCL,TAC-18CHSA/XA61,TCL TAC-18CHSA/XA61,Aire Acondicionado Split (Bomba de Calor Inverter),Electricidad,48.99 kWh/mes (Norma SEC),-,3.23 (Clase C),18000 BTU/h / 5420 W (Calefacción),No especificado,472990,Falabella Marketplace (Emma House),https://www.falabella.com/falabella-cl/product/156017792/aire-acondicionado-tcl-tac-18chsa-xa61-18-000-btu-inverter/156017794,472990,472990,Falabella Marketplace (Emma House),1,"Falabella Marketplace (Emma House): $472,990",$ 100.000 (Técnico SEC / vacío cañerías),$ 40.000 / año (Filtros y presiones),Certificación SEC QR: 273285 | Tecnología Inverter | Apto zonas templadas/frías. En Zona H/I verificar curvas de descongelamiento (defrost) en subcero.,https://www.solotodo.cl/products/379410
156757,Aire Acondicionado Split,Würden,12-CHL-IN2,Würden 12-CHL-IN2,Aire Acondicionado Split (Bomba de Calor Inverter),Electricidad,Capacidad 12000 BTU/h,-,3.00 (Inverter Modo Calor),12000 BTU/h,No especificado,469990,Sodimac,https://www.sodimac.cl/sodimac-cl/articulo/147990136/product/147990137,469990,469990,Sodimac,1,"Sodimac: $469,990",$ 100.000 (Técnico SEC / vacío cañerías),$ 40.000 / año (Filtros y presiones),Certificación SEC QR: 375892 | Tecnología Inverter | Apto zonas templadas/frías. En Zona H/I verificar curvas de descongelamiento (defrost) en subcero.,https://www.solotodo.cl/products/156757
100869,Aire Acondicionado Split,Splendid,SAC-09-INV,Splendid SAC-09-INV,Aire Acondicionado Split (Bomba de Calor Inverter),Electricidad,22.89 kWh/mes (Norma SEC),-,3.46 (Clase A),9000 BTU/h / 2640 W (Calefacción),No especificado,469990,Mercado Libre (Splendid),https://www.mercadolibre.cl/up/MLCU116925864?pdp_filters=official_store%3Aall,469990,269990,Mercado Libre (Splendid),5,"Easy: $269,990 | Sodimac: $396,690 | Falabella Marketplace (Rheem Chile): $269,990 | Mercado Libre (Splendid): $269,990 | Mercado Libre (Splendid): $469,990",$ 100.000 (Técnico SEC / vacío cañerías),$ 40.000 / año (Filtros y presiones),Certificación SEC QR: 355623 | Tecnología Inverter | Apto zonas templadas/frías. En Zona H/I verificar curvas de descongelamiento (defrost) en subcero.,https://www.solotodo.cl/products/100869
358365,Aire Acondicionado Split,Anwo,GEVR12ECO-R32,Anwo GEVR12ECO-R32,Aire Acondicionado Split (Bomba de Calor),Electricidad,34.86 kWh/mes (Norma SEC),-,3.01 (Clase C),12000 BTU/h / 3200 W (Calefacción),No especificado,459990,Easy,https://www.easy.cl/aire-acondicionado-split-gevr12eco-r32-1162-w-12000-btu-friocalor-1497775/p,459990,439990,Falabella Marketplace (Anwo),2,"Falabella Marketplace (Anwo): $439,990 | Easy: $459,990",$ 100.000 (Técnico SEC / vacío cañerías),$ 40.000 / año (Filtros y presiones),Certificación SEC QR: 406068 | Apto zonas templadas/frías. En Zona H/I verificar curvas de descongelamiento (defrost) en subcero.,https://www.solotodo.cl/products/358365
211064,Aire Acondicionado Split,LG,VX122C1,LG VX122C1,Aire Acondicionado Split (Bomba de Calor Inverter),Electricidad,Capacidad 12000 BTU/h,-,3.00 (Inverter Modo Calor),12000 BTU/h,No especificado,452638,La Curacao Online Honduras (HNL conv),https://www.lacuracaonline.com/honduras/aire-acondicionado-lg-dual-inverter-12-000-btu-vx122c1ssp1-463729600010/p,452638,280270,E Visión (USD conv),4,"E Visión (USD conv): $280,270 | La Curacao Online Honduras (HNL conv): $452,638 | La Curacao Online Nicaragua (NIO conv): $406,342 | Marcimex (USD conv): $434,482",$ 100.000 (Técnico SEC / vacío cañerías),$ 40.000 / año (Filtros y presiones),Tecnología Inverter | Apto zonas templadas/frías. En Zona H/I verificar curvas de descongelamiento (defrost) en subcero.,https://www.solotodo.cl/products/211064
87553,Aire Acondicionado Split,TCL,TAC-18CHSA/TPH11 INV,TCL TAC-18CHSA/TPH11 INV,Aire Acondicionado Split (Bomba de Calor Inverter),Electricidad,48.99 kWh/mes (Norma SEC),-,3.23 (Clase C),18000 BTU/h / 5420 W (Calefacción),No especificado,449990,Falabella Marketplace (TCL),https://www.falabella.com/falabella-cl/product/137351417/aire-acondicionado-inverter-tcl-breezein-18000-btu-wifi/137351418,449990,399990,Ripley Marketplace (TCL),5,"Falabella Marketplace (TCL): $449,990 | Paris Marketplace (TCL): $419,990 | Ripley Marketplace (TCL): $399,990 | Lider Marketplace (TCL): $419,990 | AirHome: $410,990",$ 100.000 (Técnico SEC / vacío cañerías),$ 40.000 / año (Filtros y presiones),Certificación SEC QR: 517483 | Tecnología Inverter | Apto zonas templadas/frías. En Zona H/I verificar curvas de descongelamiento (defrost) en subcero.,https://www.solotodo.cl/products/87553
361079,Aire Acondicionado Split,TCL,TAC-12CHSDI/P7,TCL TAC-12CHSDI/P7,Aire Acondicionado Split (Bomba de Calor Inverter),Electricidad,Capacidad 12000 BTU/h,-,3.00 (Inverter Modo Calor),12000 BTU/h,No especificado,449990,Falabella Marketplace (TCL),https://www.falabella.com/falabella-cl/product/148997905/aire-acondicionado-inverter-tcl-freshin-3-0-12000-btu-wifi/148997907,449990,369990,Lider Marketplace (TCL),6,"Falabella Marketplace (TCL): $449,990 | Mercado Libre (TCLELECTRONICSCHILE): $389,990 | Paris Marketplace (TCL): $399,990 | Ripley Marketplace (TCL): $399,990 | Lider Marketplace (TCL): $369,990 (+1 más)",$ 100.000 (Técnico SEC / vacío cañerías),$ 40.000 / año (Filtros y presiones),Certificación SEC QR: 564848 | Tecnología Inverter | Apto zonas templadas/frías. En Zona H/I verificar curvas de descongelamiento (defrost) en subcero.,https://www.solotodo.cl/products/361079
149504,Aire Acondicionado Split,Toyotomi,SP-WM09INV,Toyotomi SP-WM09INV,Aire Acondicionado Split (Bomba de Calor Inverter),Electricidad,32.76 kWh/mes (Norma SEC),-,3.22 (Clase A),9000 BTU/h / 3520 W (Calefacción),No especificado,439990,Falabella,https://www.falabella.com/falabella-cl/product/16919189/Aire-Acondicionado-Split-Inverter-Wifi-9.000-Btu-Sp-Wm09Inv-Toyotomi/16919189,439990,439990,Falabella,1,"Falabella: $439,990",$ 100.000 (Técnico SEC / vacío cañerías),$ 40.000 / año (Filtros y presiones),Certificación SEC QR: 398594 | Tecnología Inverter | Apto zonas templadas/frías. En Zona H/I verificar curvas de descongelamiento (defrost) en subcero.,https://www.solotodo.cl/products/149504
365036,Aire Acondicionado Split,TCL,TAC-18CHSDI/ZG11,TCL TAC-18CHSDI/ZG11,Aire Acondicionado Split (Bomba de Calor Inverter),Electricidad,49.0 kWh/mes (Norma SEC),-,3.23 (Clase A),18000 BTU/h / 5280 W (Calefacción),No especificado,429990,Falabella Marketplace (TCL),https://www.falabella.com/falabella-cl/product/148983160/Aire-Acondicionado-Inverter-TCL-SaveIN-18000-BTU-WIFI/148983161,429990,399990,Lider Marketplace (TCL),5,"Falabella Marketplace (TCL): $429,990 | Paris Marketplace (TCL): $399,990 | Ripley Marketplace (TCL): $399,990 | Mercado Libre (TCLELECTRONICSCHILE): $419,990 | Lider Marketplace (TCL): $399,990",$ 100.000 (Técnico SEC / vacío cañerías),$ 40.000 / año (Filtros y presiones),Certificación SEC QR: 565719 | Tecnología Inverter | Apto zonas templadas/frías. En Zona H/I verificar curvas de descongelamiento (defrost) en subcero.,https://www.solotodo.cl/products/365036
153986,Aire Acondicionado Split,Samsung,AR12BSHQAUR/ZS,Samsung AR12BSHQAUR/ZS,Aire Acondicionado Split (Bomba de Calor Inverter),Electricidad,29.4 kWh/mes (Norma SEC),-,3.21 (Clase A),12000 BTU/h / 3370 W (Calefacción),No especificado,429990,Falabella Marketplace (MIAIRECHILE),https://www.falabella.com/falabella-cl/product/133527172/Aire-Acondicionado-Samsung-12.000-BTU-Digital-Inverter-Frio-Calor/133527173,429990,409990,Sodimac,2,"Sodimac: $409,990 | Falabella Marketplace (MIAIRECHILE): $429,990",$ 100.000 (Técnico SEC / vacío cañerías),$ 40.000 / año (Filtros y presiones),Certificación SEC QR: 444366 | Tecnología Inverter | Apto zonas templadas/frías. En Zona H/I verificar curvas de descongelamiento (defrost) en subcero.,https://www.solotodo.cl/products/153986
278317,Aire Acondicionado Split,Samsung,AR40F18C0AM/ZS,Samsung AR40F18C0AM/ZS,Aire Acondicionado Split (Bomba de Calor Inverter),Electricidad,Capacidad 18000 BTU/h,-,3.21 (Clase A),18000 BTU/h / 5450 W (Calefacción),No especificado,429990,Samsung Shop,https://www.samsung.com/cl/air-conditioners/wall-mount/ar5000hm-ar40f12c0am-ar40f18c0am-zs/,429990,379990,Sodimac,6,"Samsung Shop: $429,990 | Falabella: $399,990 | Sodimac: $379,990 | Enel X: $429,990 | Falabella Marketplace (Emma House): $424,990 (+1 más)",$ 100.000 (Técnico SEC / vacío cañerías),$ 40.000 / año (Filtros y presiones),Certificación SEC QR: 545456 | Tecnología Inverter | Apto zonas templadas/frías. En Zona H/I verificar curvas de descongelamiento (defrost) en subcero.,https://www.solotodo.cl/products/278317
100870,Aire Acondicionado Split,Splendid,SAC-12-INV,Splendid SAC-12-INV,Aire Acondicionado Split (Bomba de Calor Inverter),Electricidad,Capacidad 12000 BTU/h,-,3.00 (Inverter Modo Calor),12000 BTU/h,No especificado,429790,Sodimac,https://www.sodimac.cl/sodimac-cl/articulo/110004289/product/110004295,429790,429790,Sodimac,1,"Sodimac: $429,790",$ 100.000 (Técnico SEC / vacío cañerías),$ 40.000 / año (Filtros y presiones),Certificación SEC QR: 355630 | Tecnología Inverter | Apto zonas templadas/frías. En Zona H/I verificar curvas de descongelamiento (defrost) en subcero.,https://www.solotodo.cl/products/100870
357214,Aire Acondicionado Split,Anwo,GES18ECOFLOW-R32 (GES18EF-INV-INT-R32  / GES18EF-INV-DOO-R32),Anwo GES18ECOFLOW-R32 (GES18EF-INV-INT-R32 / GES18EF-INV-DOO-R32),Aire Acondicionado Split (Bomba de Calor Inverter),Electricidad,43.83 kWh/mes (Norma SEC),-,3.21 (Clase A),18000 BTU/h / 4690 W (Calefacción),No especificado,419990,Falabella Marketplace (Anwo),https://www.falabella.com/falabella-cl/product/147417046/Aire-Acondicionado-Split-Muro-INVERTER-ANWO-ECOFLOW-18.000-BTU-con-Wifi/147417047,419990,419990,Easy,2,"Falabella Marketplace (Anwo): $419,990 | Easy: $419,990",$ 100.000 (Técnico SEC / vacío cañerías),$ 40.000 / año (Filtros y presiones),Certificación SEC QR: 533877 | Tecnología Inverter | Apto zonas templadas/frías. En Zona H/I verificar curvas de descongelamiento (defrost) en subcero.,https://www.solotodo.cl/products/357214
128626,Aire Acondicionado Split,Midea,XtremeSave MSAG11B-12HRFN1 / MOX130-12HFN1,Midea XtremeSave MSAG11B-12HRFN1 / MOX130-12HFN1,Aire Acondicionado Split (Bomba de Calor Inverter),Electricidad,Capacidad 12000 BTU/h,-,3.00 (Inverter Modo Calor),12000 BTU/h,No especificado,419990,Falabella Marketplace (MIAIRECHILE),https://www.falabella.com/falabella-cl/product/127290854/aire-acondicionado-midea-12-000-btu-inverter-wifi-ecomaster-ai/127290857,419990,419990,Falabella Marketplace (MIAIRECHILE),1,"Falabella Marketplace (MIAIRECHILE): $419,990",$ 100.000 (Técnico SEC / vacío cañerías),$ 40.000 / año (Filtros y presiones),Certificación SEC QR: 377626 | Tecnología Inverter | Apto zonas templadas/frías. En Zona H/I verificar curvas de descongelamiento (defrost) en subcero.,https://www.solotodo.cl/products/128626
269571,Aire Acondicionado Split,Vesta,X32-ASM-18MDS,Vesta X32-ASM-18MDS,Aire Acondicionado Split (Bomba de Calor Inverter),Electricidad,Capacidad 18000 BTU/h,-,3.00 (Inverter Modo Calor),18000 BTU/h,No especificado,415990,Portal del Aire,https://portaldelaire.cl/collections/equipos-de-aire-acondicionado/products/aire-acondicionado-x32-con-wifi-inverter-vesta-18000btu-20-a-26m2-r32,415990,415990,Portal del Aire,1,"Portal del Aire: $415,990",$ 100.000 (Técnico SEC / vacío cañerías),$ 40.000 / año (Filtros y presiones),Certificación SEC QR: 523839 | Tecnología Inverter | Apto zonas templadas/frías. En Zona H/I verificar curvas de descongelamiento (defrost) en subcero.,https://www.solotodo.cl/products/269571
226993,Aire Acondicionado Split,Splendid,SAAC-12K-O,Splendid SAAC-12K-O,Aire Acondicionado Split (Bomba de Calor),Electricidad,29.91 kWh/mes (Norma SEC),-,3.21 (Clase A),12000 BTU/h / 3200 W (Calefacción),No especificado,409990,Mercado Libre (RHEEM_CHILE),https://www.mercadolibre.cl/p/MLC19537661?pdp_filters=official_store:all,409990,299990,Easy,5,"Easy: $299,990 | Sodimac: $343,790 | Travel Tienda: $329,990 | Mercado Libre (RHEEM_CHILE): $409,990 | Mercado Libre (Splendid): $409,990",$ 100.000 (Técnico SEC / vacío cañerías),$ 40.000 / año (Filtros y presiones),Certificación SEC QR: 397154 | Apto zonas templadas/frías. En Zona H/I verificar curvas de descongelamiento (defrost) en subcero.,https://www.solotodo.cl/products/226993
254172,Aire Acondicionado Split,LG,SX182CS1,LG SX182CS1,Aire Acondicionado Split (Bomba de Calor),Electricidad,Capacidad 18000 BTU/h,-,3.00 (Inverter Modo Calor),18000 BTU/h,No especificado,400863,Artefacta (USD conv),https://www.artefacta.com/aire-acondicionado-lg-frio-18-000-btu-sx182cs1-153083/p,400863,400863,Artefacta (USD conv),1,"Artefacta (USD conv): $400,863",$ 100.000 (Técnico SEC / vacío cañerías),$ 40.000 / año (Filtros y presiones),Apto zonas templadas/frías. En Zona H/I verificar curvas de descongelamiento (defrost) en subcero.,https://www.solotodo.cl/products/254172
401118,Aire Acondicionado Split,Splendid,SPAC-HM12K-W,Splendid SPAC-HM12K-W,Aire Acondicionado Split (Bomba de Calor),Electricidad,Capacidad 12000 BTU/h,-,3.21 (Clase A Inverter),12000 BTU/h / 3520 W (Calefacción),No especificado,399990,Mercado Libre (Splendid),https://www.mercadolibre.cl/up/MLCU3550690134?pdp_filters=official_store%3Aall,399990,399990,Mercado Libre (Splendid),1,"Mercado Libre (Splendid): $399,990",$ 100.000 (Técnico SEC / vacío cañerías),$ 40.000 / año (Filtros y presiones),Certificación SEC QR: 516574 | Apto zonas templadas/frías. En Zona H/I verificar curvas de descongelamiento (defrost) en subcero.,https://www.solotodo.cl/products/401118
100871,Aire Acondicionado Split,Splendid,SAC-09-O,Splendid SAC-09-O,Aire Acondicionado Split (Bomba de Calor),Electricidad,24.27 kWh/mes (Norma SEC),-,3.23 (Clase A),9000 BTU/h / 2580 W (Calefacción),No especificado,399990,Mercado Libre (RHEEM_CHILE),https://www.mercadolibre.cl/p/MLC36354138?pdp_filters=official_store:all,399990,317390,Sodimac,3,"Easy: $329,990 | Sodimac: $317,390 | Mercado Libre (RHEEM_CHILE): $399,990",$ 100.000 (Técnico SEC / vacío cañerías),$ 40.000 / año (Filtros y presiones),Certificación SEC QR: 355503 | Apto zonas templadas/frías. En Zona H/I verificar curvas de descongelamiento (defrost) en subcero.,https://www.solotodo.cl/products/100871
260418,Aire Acondicionado Split,Kendal,R2-ASM-12MDS,Kendal R2-ASM-12MDS,Aire Acondicionado Split (Bomba de Calor Inverter),Electricidad,33.0 kWh/mes (Norma SEC),-,3.21 (Clase A),12000 BTU/h / 3550 W (Calefacción),No especificado,399990,Falabella,https://www.falabella.com/falabella-cl/product/17281533/Aire-Acondicionado-Frio-Calor-R2-ASM-12-12000BTU-Wifi-Kendal/17281533,399990,339990,Sodimac,5,"Falabella: $399,990 | Travel Tienda: $359,990 | Easy: $339,990 | Sodimac: $339,990 | Thermo Quality: $381,990",$ 100.000 (Técnico SEC / vacío cañerías),$ 40.000 / año (Filtros y presiones),Certificación SEC QR: 523869 | Tecnología Inverter | Apto zonas templadas/frías. En Zona H/I verificar curvas de descongelamiento (defrost) en subcero.,https://www.solotodo.cl/products/260418
363628,Aire Acondicionado Split,Nex,12K F/C INV WIFI (RCA-12SP-12000),Nex 12K F/C INV WIFI (RCA-12SP-12000),Aire Acondicionado Split (Bomba de Calor Inverter),Electricidad,32.7 kWh/mes (Norma SEC),-,3.21 (Clase A Inverter),12000 BTU/h / 3500 W (Calefacción),No especificado,399990,Easy,https://www.easy.cl/aire-acondicionado-split-inverter-12000-btu-friocalor-1472003/p,399990,399990,Easy,1,"Easy: $399,990",$ 100.000 (Técnico SEC / vacío cañerías),$ 40.000 / año (Filtros y presiones),Certificación SEC QR: 576643 | Tecnología Inverter | Apto zonas templadas/frías. En Zona H/I verificar curvas de descongelamiento (defrost) en subcero.,https://www.solotodo.cl/products/363628
253048,Aire Acondicionado Split,LG,W09TI,LG W09TI,Aire Acondicionado Split (Bomba de Calor Inverter),Electricidad,Capacidad 9000 BTU/h,-,3.00 (Inverter Modo Calor),9000 BTU/h,No especificado,399990,Easy,https://www.easy.cl/aire-acondicionado-split-w09ti-9a-9000-btu-friocalor-1452407/p,399990,277990,Cero Grado,3,"Ripley: $339,990 | Easy: $399,990 | Cero Grado: $277,990",$ 100.000 (Técnico SEC / vacío cañerías),$ 40.000 / año (Filtros y presiones),Certificación SEC QR: 513804 | Tecnología Inverter | Apto zonas templadas/frías. En Zona H/I verificar curvas de descongelamiento (defrost) en subcero.,https://www.solotodo.cl/products/253048
229431,Aire Acondicionado Split,Electrolux,EAIX09G5MABXW / EAIE09G5MABXW,Electrolux EAIX09G5MABXW / EAIE09G5MABXW,Aire Acondicionado Split (Bomba de Calor Inverter),Electricidad,21.7 kWh/mes (Norma SEC),-,3.58 (Clase A),9000 BTU/h / 3190 W (Calefacción),No especificado,394990,Travel Tienda,https://tienda.travel.cl/15-25-mt-/aire-acondicionado-electrolux-inverter-9000-btu/SKU97833,394990,309990,Lider Marketplace (ELECTROLUX DE CHILE S.A.),5,"Travel Tienda: $394,990 | Paris Marketplace (Electrolux): $339,990 | Lider Marketplace (ELECTROLUX DE CHILE S.A.): $357,990 | Lider Marketplace (ELECTROLUX DE CHILE S.A.): $309,990 | Mercado Libre (ELECTROLUXCL): $376,990",$ 100.000 (Técnico SEC / vacío cañerías),$ 40.000 / año (Filtros y presiones),Certificación SEC QR: 485662 | Tecnología Inverter | Apto zonas templadas/frías. En Zona H/I verificar curvas de descongelamiento (defrost) en subcero.,https://www.solotodo.cl/products/229431
366341,Aire Acondicionado Split,Anwo,GEVR9ECO-R32-N,Anwo GEVR9ECO-R32-N,Aire Acondicionado Split (Bomba de Calor),Electricidad,26.31 kWh/mes (Norma SEC),-,3.01 (Clase C),9000 BTU/h / 2300 W (Calefacción),No especificado,389990,Falabella Marketplace (Anwo),https://www.falabella.com/falabella-cl/product/147715583/Aire-Acondicionado-Ventana-Anwo-9000-BTU-GEVR9ECO-R32-N/147715584,389990,389990,Falabella Marketplace (Anwo),1,"Falabella Marketplace (Anwo): $389,990",$ 100.000 (Técnico SEC / vacío cañerías),$ 40.000 / año (Filtros y presiones),Certificación SEC QR: 515183 | Apto zonas templadas/frías. En Zona H/I verificar curvas de descongelamiento (defrost) en subcero.,https://www.solotodo.cl/products/366341
128620,Aire Acondicionado Split,Airolite,AASMI 09 PRO HEALTH,Airolite AASMI 09 PRO HEALTH,Aire Acondicionado Split (Bomba de Calor Inverter),Electricidad,24.48 kWh/mes (Norma SEC),-,3.23 (Clase A),9000 BTU/h / 2640 W (Calefacción),No especificado,384990,Falabella Marketplace (AIROLITE),https://www.falabella.com/falabella-cl/product/124332485/aire-acondicionado-inverter-9000-btu-pro-health-wifi/124332487,384990,384990,Falabella Marketplace (AIROLITE),1,"Falabella Marketplace (AIROLITE): $384,990",$ 100.000 (Técnico SEC / vacío cañerías),$ 40.000 / año (Filtros y presiones),Certificación SEC QR: 387773 | Tecnología Inverter | Apto zonas templadas/frías. En Zona H/I verificar curvas de descongelamiento (defrost) en subcero.,https://www.solotodo.cl/products/128620
156586,Aire Acondicionado Split,Recco,12-CHL-ON2,Recco 12-CHL-ON2,Aire Acondicionado Split (Bomba de Calor),Electricidad,Capacidad 12000 BTU/h,-,3.00 (Inverter Modo Calor),12000 BTU/h,No especificado,379990,Precio referencia SoloTodo,,379990,379990,Precio referencia SoloTodo,0,,$ 100.000 (Técnico SEC / vacío cañerías),$ 40.000 / año (Filtros y presiones),Certificación SEC QR: 375738 | Apto zonas templadas/frías. En Zona H/I verificar curvas de descongelamiento (defrost) en subcero.,https://www.solotodo.cl/products/156586
354774,Aire Acondicionado Split,Anwo,GEVR9ECO-R32,Anwo GEVR9ECO-R32,Aire Acondicionado Split (Bomba de Calor),Electricidad,34.86 kWh/mes (Norma SEC),-,3.01 (Clase C),12000 BTU/h / 3200 W (Calefacción),No especificado,379990,Easy,https://www.easy.cl/aire-acondicionado-split-gevr9eco-r32-n-877-w-9000-btu-friocalor-1497774/p,379990,379990,Easy,1,"Easy: $379,990",$ 100.000 (Técnico SEC / vacío cañerías),$ 40.000 / año (Filtros y presiones),Certificación SEC QR: 406068 | Apto zonas templadas/frías. En Zona H/I verificar curvas de descongelamiento (defrost) en subcero.,https://www.solotodo.cl/products/354774
171290,Aire Acondicionado Split,LG,VM122H9,LG VM122H9,Aire Acondicionado Split (Bomba de Calor Inverter),Electricidad,Capacidad 12000 BTU/h,-,3.00 (Inverter Modo Calor),12000 BTU/h,No especificado,379990,Tienda Oficial LG,https://www.lg.com/cl/aire-acondicionado/todos-los-aires-acondicionados/ac-inverter-split-de-muro/vm122h9/,379990,339990,Lyon Center,8,"Portal del Aire: $369,990 | Lyon Center: $339,990 | Tienda Oficial LG: $379,990 | Falabella: $379,990 | Easy: $359,990 (+3 más)",$ 100.000 (Técnico SEC / vacío cañerías),$ 40.000 / año (Filtros y presiones),"Certificación SEC QR: 472906,513728 | Tecnología Inverter | Apto zonas templadas/frías. En Zona H/I verificar curvas de descongelamiento (defrost) en subcero.",https://www.solotodo.cl/products/171290
128627,Aire Acondicionado Split,Midea,Xtremdura09K  MSAG11A-09HRDN1 / MOX130-09HDN1,Midea Xtremdura09K MSAG11A-09HRDN1 / MOX130-09HDN1,Aire Acondicionado Split (Bomba de Calor Inverter),Electricidad,24.66 kWh/mes (Norma SEC),-,3.21 (Clase A),9000 BTU/h / 2638 W (Calefacción),No especificado,369990,Falabella Marketplace (MIAIRECHILE),https://www.falabella.com/falabella-cl/product/146602161/aire-acondicionado-midea-9-000-btu-inverter-wifi-ecomaster-ai/146602162,369990,292990,Cero Grado,4,"Falabella Marketplace (MIAIRECHILE): $369,990 | Cero Grado: $292,990 | Moreto: $309,990 | Falabella Marketplace (Emma House): $359,990",$ 100.000 (Técnico SEC / vacío cañerías),$ 40.000 / año (Filtros y presiones),"Certificación SEC QR: 377575,479704 | Tecnología Inverter | Apto zonas templadas/frías. En Zona H/I verificar curvas de descongelamiento (defrost) en subcero.",https://www.solotodo.cl/products/128627
131708,Aire Acondicionado Split,Airolite,AASMI 09 ATI,Airolite AASMI 09 ATI,Aire Acondicionado Split (Bomba de Calor Inverter),Electricidad,22.74 kWh/mes (Norma SEC),-,3.48 (Clase A),9000 BTU/h / 2640 W (Calefacción),No especificado,363990,Falabella Marketplace (AIROLITE),https://www.falabella.com/falabella-cl/product/124872591/aire-acondicionado-inverter-9000-btu-wifi-airolite/124872592,363990,363990,Falabella Marketplace (AIROLITE),1,"Falabella Marketplace (AIROLITE): $363,990",$ 100.000 (Técnico SEC / vacío cañerías),$ 40.000 / año (Filtros y presiones),Certificación SEC QR: 391116 | Tecnología Inverter | Apto zonas templadas/frías. En Zona H/I verificar curvas de descongelamiento (defrost) en subcero.,https://www.solotodo.cl/products/131708
396738,Aire Acondicionado Split,Hisense,AS-12UW4RLRKA-I / AS-12UW4RLRKA-O,Hisense AS-12UW4RLRKA-I / AS-12UW4RLRKA-O,Aire Acondicionado Split (Bomba de Calor Inverter),Electricidad,32.7 kWh/mes (Norma SEC),-,3.21 (Clase A),12000 BTU/h / 3500 W (Calefacción),No especificado,359990,Falabella Marketplace (MIAIRECHILE),https://www.falabella.com/falabella-cl/product/144744970/Aire-Acondicionado-Hisense-12000-BTU-Hi-Vida-Inverter-Expert/144744971,359990,301990,Thermo Quality,8,"Falabella Marketplace (MIAIRECHILE): $359,990 | Cero Grado: $307,990 | Acondiparts: $327,845 | Thermo Quality: $301,990 | Portal del Aire: $329,990 (+3 más)",$ 100.000 (Técnico SEC / vacío cañerías),$ 40.000 / año (Filtros y presiones),Certificación SEC QR: 511896 | Tecnología Inverter | Apto zonas templadas/frías. En Zona H/I verificar curvas de descongelamiento (defrost) en subcero.,https://www.solotodo.cl/products/396738
227870,Aire Acondicionado Split,Hisense,AS-12UW4SYRCH,Hisense AS-12UW4SYRCH,Aire Acondicionado Split (Bomba de Calor Inverter),Electricidad,29.91 kWh/mes (Norma SEC),-,3.21 (Clase A),12000 BTU/h / 3200 W (Calefacción),No especificado,349990,Enel X,https://www.enelxstore.com/cl/es/e-shop/aire-acondicionado/split-muro/aire-acondicionado-hisense-inverter-hivida-12-000-btu,349990,289990,Cero Grado,2,"Enel X: $349,990 | Cero Grado: $289,990",$ 100.000 (Técnico SEC / vacío cañerías),$ 40.000 / año (Filtros y presiones),Certificación SEC QR: 465579 | Tecnología Inverter | Apto zonas templadas/frías. En Zona H/I verificar curvas de descongelamiento (defrost) en subcero.,https://www.solotodo.cl/products/227870
361076,Aire Acondicionado Split,TCL,TAC-12CHSDI/ZG11,TCL TAC-12CHSDI/ZG11,Aire Acondicionado Split (Bomba de Calor Inverter),Electricidad,32.76 kWh/mes (Norma SEC),-,3.22 (Clase A),12000 BTU/h / 3520 W (Calefacción),No especificado,349990,Falabella Marketplace (TCL),https://www.falabella.com/falabella-cl/product/148997901/Aire-Acondicionado-Inverter-TCL-SaveIN-12000-BTU-WIFI/148997903,349990,299990,Lider Marketplace (TCL),5,"Falabella Marketplace (TCL): $349,990 | Mercado Libre (TCLELECTRONICSCHILE): $319,990 | Paris Marketplace (TCL): $319,990 | Ripley Marketplace (TCL): $299,990 | Lider Marketplace (TCL): $299,990",$ 100.000 (Técnico SEC / vacío cañerías),$ 40.000 / año (Filtros y presiones),Certificación SEC QR: 565631 | Tecnología Inverter | Apto zonas templadas/frías. En Zona H/I verificar curvas de descongelamiento (defrost) en subcero.,https://www.solotodo.cl/products/361076
259210,Aire Acondicionado Split,Noblex,NIH12DCW-21ACL,Noblex NIH12DCW-21ACL,Aire Acondicionado Split (Bomba de Calor Inverter),Electricidad,Capacidad 12000 BTU/h,-,3.00 (Inverter Modo Calor),12000 BTU/h,No especificado,342990,Travel Tienda,https://tienda.travel.cl/split/aire-acondicionado-noblex-split-inverter-12000-btu/SKU112343,342990,299990,Falabella Marketplace (BOSCH CHILE),2,"Travel Tienda: $342,990 | Falabella Marketplace (BOSCH CHILE): $299,990",$ 100.000 (Técnico SEC / vacío cañerías),$ 40.000 / año (Filtros y presiones),Tecnología Inverter | Apto zonas templadas/frías. En Zona H/I verificar curvas de descongelamiento (defrost) en subcero.,https://www.solotodo.cl/products/259210
227872,Aire Acondicionado Split,Hisense,AS-09UW4SYRCH,Hisense AS-09UW4SYRCH,Aire Acondicionado Split (Bomba de Calor Inverter),Electricidad,24.3 kWh/mes (Norma SEC),-,3.21 (Clase A),9000 BTU/h / 2700 W (Calefacción),No especificado,329990,Enel X,https://www.enelxstore.com/cl/es/e-shop/aire-acondicionado/split-muro/aire-acondicionado-hisense-inverter-hivida-9-000-btu,329990,329990,Enel X,1,"Enel X: $329,990",$ 100.000 (Técnico SEC / vacío cañerías),$ 40.000 / año (Filtros y presiones),Certificación SEC QR: 465550 | Tecnología Inverter | Apto zonas templadas/frías. En Zona H/I verificar curvas de descongelamiento (defrost) en subcero.,https://www.solotodo.cl/products/227872
397969,Aire Acondicionado Split,DAIKIN,FTXC35CV1B / RXC35CV1B,DAIKIN FTXC35CV1B / RXC35CV1B,Aire Acondicionado Split (Bomba de Calor Inverter),Electricidad,Capacidad 12000 BTU/h,-,3.00 (Inverter Modo Calor),12000 BTU/h,No especificado,329990,Cero Grado,https://cerogradoclimatizacion.cl/producto/daikin-sensira-12-000-btu/,329990,318750,Acondiparts,2,"Cero Grado: $329,990 | Acondiparts: $318,750",$ 100.000 (Técnico SEC / vacío cañerías),$ 40.000 / año (Filtros y presiones),Tecnología Inverter | Apto zonas templadas/frías. En Zona H/I verificar curvas de descongelamiento (defrost) en subcero.,https://www.solotodo.cl/products/397969
396737,Aire Acondicionado Split,Hisense,AS-09UW4RLRKA1-I / AS-09UW4RLRKA1-O,Hisense AS-09UW4RLRKA1-I / AS-09UW4RLRKA1-O,Aire Acondicionado Split (Bomba de Calor Inverter),Electricidad,24.6 kWh/mes (Norma SEC),-,3.22 (Clase A),9000 BTU/h / 2900 W (Calefacción),No especificado,329990,Falabella Marketplace (MIAIRECHILE),https://www.falabella.com/falabella-cl/product/142158936/Aire-Acondicionado-Hisense-09000-BTU-Hi-Vida-Inverter-Expert/142158937,329990,268990,AirHome,7,"Falabella Marketplace (MIAIRECHILE): $329,990 | Cero Grado: $271,990 | Thermo Quality: $277,990 | AirHome: $268,990 | Portal del Aire: $299,990 (+2 más)",$ 100.000 (Técnico SEC / vacío cañerías),$ 40.000 / año (Filtros y presiones),Certificación SEC QR: 529455 | Tecnología Inverter | Apto zonas templadas/frías. En Zona H/I verificar curvas de descongelamiento (defrost) en subcero.,https://www.solotodo.cl/products/396737
397958,Aire Acondicionado Split,Midea,MSAVA-12HRFN8 / MOV101-12HFN8,Midea MSAVA-12HRFN8 / MOV101-12HFN8,Aire Acondicionado Split (Bomba de Calor Inverter),Electricidad,Capacidad 12000 BTU/h,-,3.00 (Inverter Modo Calor),12000 BTU/h,No especificado,328900,Moreto,https://www.moretoclima.cl/inicio/split-12k-midea-airvolution-r32-inverter,328900,328900,Moreto,1,"Moreto: $328,900",$ 100.000 (Técnico SEC / vacío cañerías),$ 40.000 / año (Filtros y presiones),Certificación SEC QR: 583654 | Tecnología Inverter | Apto zonas templadas/frías. En Zona H/I verificar curvas de descongelamiento (defrost) en subcero.,https://www.solotodo.cl/products/397958
398108,Aire Acondicionado Split,DAIKIN,FTXS12EL215 / RXS12EL215,DAIKIN FTXS12EL215 / RXS12EL215,Aire Acondicionado Split (Bomba de Calor Inverter),Electricidad,31.77 kWh/mes (Norma SEC),-,3.21 (Clase A),12000 BTU/h / 3500 W (Calefacción),No especificado,319990,Moreto,https://www.moretoclima.cl/inicio/aire-acondicionado-daikin-inverter-12000-btu-wifi,319990,319990,Moreto,1,"Moreto: $319,990",$ 100.000 (Técnico SEC / vacío cañerías),$ 40.000 / año (Filtros y presiones),Certificación SEC QR: 519645 | Tecnología Inverter | Apto zonas templadas/frías. En Zona H/I verificar curvas de descongelamiento (defrost) en subcero.,https://www.solotodo.cl/products/398108
354771,Aire Acondicionado Split,TCL,TAC-12CHSA/TPH11 INV,TCL TAC-12CHSA/TPH11 INV,Aire Acondicionado Split (Bomba de Calor Inverter),Electricidad,32.88 kWh/mes (Norma SEC),-,2.21 (Clase A),12000 BTU/h / 3520 W (Calefacción),No especificado,319990,Easy,https://www.easy.cl/aire-acondicionado-tac-12chsatph11-invernter-1600-w-12000-btu-1502823/p,319990,289990,Sodimac,2,"Sodimac: $289,990 | Easy: $319,990",$ 100.000 (Técnico SEC / vacío cañerías),$ 40.000 / año (Filtros y presiones),Certificación SEC QR: 517612 | Tecnología Inverter | Apto zonas templadas/frías. En Zona H/I verificar curvas de descongelamiento (defrost) en subcero.,https://www.solotodo.cl/products/354771
55202,Aire Acondicionado Split,TCL,TAC-09CHSA/TPH11 INV,TCL TAC-09CHSA/TPH11 INV,Aire Acondicionado Split (Bomba de Calor),Electricidad,24.66 kWh/mes (Norma SEC),-,3.21 (Clase A),9000 BTU/h / 2640 W (Calefacción),No especificado,316990,Falabella Marketplace (Emma House),https://www.falabella.com/falabella-cl/product/156043545/aire-acondicionado-inverter-tcl-tac-09chsa-tph11-9-000-btu/156043546,316990,316990,Falabella Marketplace (Emma House),1,"Falabella Marketplace (Emma House): $316,990",$ 100.000 (Técnico SEC / vacío cañerías),$ 40.000 / año (Filtros y presiones),Certificación SEC QR: 517600 | Apto zonas templadas/frías. En Zona H/I verificar curvas de descongelamiento (defrost) en subcero.,https://www.solotodo.cl/products/55202
399089,Aire Acondicionado Split,DAIKIN,FTXS09EL215 / RXS18EL215,DAIKIN FTXS09EL215 / RXS18EL215,Aire Acondicionado Split (Bomba de Calor Inverter),Electricidad,Capacidad 9000 BTU/h,-,3.00 (Inverter Modo Calor),9000 BTU/h,No especificado,299990,Moreto,https://www.moretoclima.cl/inicio/aire-acondicionado-daikin-inverter-09000-btu-wifi,299990,299990,Moreto,1,"Moreto: $299,990",$ 100.000 (Técnico SEC / vacío cañerías),$ 40.000 / año (Filtros y presiones),Tecnología Inverter | Apto zonas templadas/frías. En Zona H/I verificar curvas de descongelamiento (defrost) en subcero.,https://www.solotodo.cl/products/399089
385557,Aire Acondicionado Split,Verken,AIRSPL12KINVWIFAERBLA,Verken AIRSPL12KINVWIFAERBLA,Aire Acondicionado Split (Bomba de Calor Inverter),Electricidad,30.6 kWh/mes (Norma SEC),-,3.43 (Clase A),12000 BTU/h / 3656 W (Calefacción),No especificado,299990,Falabella Marketplace (Verken),https://www.falabella.com/falabella-cl/product/150581861/aire-acondicionado-split-inverter-frio-calor-wifi-12-000-btu-verken/150581862,299990,299990,Mercado Libre (VERKEN.CL),2,"Falabella Marketplace (Verken): $299,990 | Mercado Libre (VERKEN.CL): $299,990",$ 100.000 (Técnico SEC / vacío cañerías),$ 40.000 / año (Filtros y presiones),Certificación SEC QR: 570532 | Tecnología Inverter | Apto zonas templadas/frías. En Zona H/I verificar curvas de descongelamiento (defrost) en subcero.,https://www.solotodo.cl/products/385557
357215,Aire Acondicionado Split,Anwo,GES9ECOFLOW-R32 (GES9EF-INV-INT-R32 / GES9EF-INV-DOO-R32),Anwo GES9ECOFLOW-R32 (GES9EF-INV-INT-R32 / GES9EF-INV-DOO-R32),Aire Acondicionado Split (Bomba de Calor Inverter),Electricidad,24.3 kWh/mes (Norma SEC),-,3.27 (Clase A),9000 BTU/h / 2680 W (Calefacción),No especificado,299990,Falabella Marketplace (Anwo),https://www.falabella.com/falabella-cl/product/147414720/Aire-Acondicionado-Split-Muro-INVERTER-ANWO-ECOFLOW-9.000-BTU-con-Wifi/147414721,299990,299990,Falabella Marketplace (Anwo),1,"Falabella Marketplace (Anwo): $299,990",$ 100.000 (Técnico SEC / vacío cañerías),$ 40.000 / año (Filtros y presiones),Certificación SEC QR: 534410 | Tecnología Inverter | Apto zonas templadas/frías. En Zona H/I verificar curvas de descongelamiento (defrost) en subcero.,https://www.solotodo.cl/products/357215
221909,Aire Acondicionado Split,Kendal,I3-ASM-12 MDS / I-ASM-12MDS,Kendal I3-ASM-12 MDS / I-ASM-12MDS,Aire Acondicionado Split (Bomba de Calor Inverter),Electricidad,32.45 kWh/mes (Norma SEC),-,3.41 (Clase A),12000 BTU/h / 3990 W (Calefacción),No especificado,299990,Falabella Marketplace (Mar del Sur),https://www.falabella.com/falabella-cl/product/151214186/aire-acondicionado-split-muro-heimat-12000-btu-inverter/151214187,299990,299990,Falabella Marketplace (Mar del Sur),1,"Falabella Marketplace (Mar del Sur): $299,990",$ 100.000 (Técnico SEC / vacío cañerías),$ 40.000 / año (Filtros y presiones),Certificación SEC QR: 320842 | Tecnología Inverter | Apto zonas templadas/frías. En Zona H/I verificar curvas de descongelamiento (defrost) en subcero.,https://www.solotodo.cl/products/221909
397954,Aire Acondicionado Split,Midea,MSAVA-09HRFN8 / MOV101-09HFN8,Midea MSAVA-09HRFN8 / MOV101-09HFN8,Aire Acondicionado Split (Bomba de Calor Inverter),Electricidad,21.3 kWh/mes (Norma SEC),-,3.72 (Clase A),9000 BTU/h / 2931 W (Calefacción),No especificado,294900,Moreto,https://www.moretoclima.cl/inicio/split-09k-midea-airvolution-r32-inverter,294900,286990,AirHome,2,"AirHome: $286,990 | Moreto: $294,900",$ 100.000 (Técnico SEC / vacío cañerías),$ 40.000 / año (Filtros y presiones),Certificación SEC QR: 583633 | Tecnología Inverter | Apto zonas templadas/frías. En Zona H/I verificar curvas de descongelamiento (defrost) en subcero.,https://www.solotodo.cl/products/397954
385558,Aire Acondicionado Split,Verken,AIRSPL9KINVWIFAERBLA,Verken AIRSPL9KINVWIFAERBLA,Aire Acondicionado Split (Bomba de Calor Inverter),Electricidad,22.65 kWh/mes (Norma SEC),-,3.31 (Clase A),9000 BTU/h / 2643 W (Calefacción),No especificado,279990,Falabella Marketplace (Verken),https://www.falabella.com/falabella-cl/product/150582110/aire-acondicionado-split-inverter-frio-calor-wifi-9-000-btu-verken/150582111,279990,279990,Mercado Libre (VERKEN.CL),2,"Falabella Marketplace (Verken): $279,990 | Mercado Libre (VERKEN.CL): $279,990",$ 100.000 (Técnico SEC / vacío cañerías),$ 40.000 / año (Filtros y presiones),Certificación SEC QR: 570505 | Tecnología Inverter | Apto zonas templadas/frías. En Zona H/I verificar curvas de descongelamiento (defrost) en subcero.,https://www.solotodo.cl/products/385558
269567,Aire Acondicionado Split,Vesta,X32-ASM-12MDS,Vesta X32-ASM-12MDS,Aire Acondicionado Split (Bomba de Calor Inverter),Electricidad,Capacidad 12000 BTU/h,-,3.00 (Inverter Modo Calor),12000 BTU/h,No especificado,269990,Portal del Aire,https://portaldelaire.cl/collections/equipos-de-aire-acondicionado/products/aire-acondicionado-x32-con-wifi-inverter-vesta-12000btu-20-a-26m2-r32,269990,269990,Portal del Aire,1,"Portal del Aire: $269,990",$ 100.000 (Técnico SEC / vacío cañerías),$ 40.000 / año (Filtros y presiones),Certificación SEC QR: 523869 | Tecnología Inverter | Apto zonas templadas/frías. En Zona H/I verificar curvas de descongelamiento (defrost) en subcero.,https://www.solotodo.cl/products/269567
397972,Aire Acondicionado Split,DAIKIN,FTXS09AL215 / RXS09AL215,DAIKIN FTXS09AL215 / RXS09AL215,Aire Acondicionado Split (Bomba de Calor Inverter),Electricidad,43.83 kWh/mes (Norma SEC),-,3.21 (Clase A),9000 BTU/h / 1690 W (Calefacción),No especificado,262990,Cero Grado,https://cerogradoclimatizacion.cl/producto/daikin-serie-al-9-000-btu/,262990,262990,Cero Grado,1,"Cero Grado: $262,990",$ 100.000 (Técnico SEC / vacío cañerías),$ 40.000 / año (Filtros y presiones),Certificación SEC QR: 519640 | Tecnología Inverter | Apto zonas templadas/frías. En Zona H/I verificar curvas de descongelamiento (defrost) en subcero.,https://www.solotodo.cl/products/397972
251206,Estufas,Amesti,Bernini Boiler,Amesti Bernini Boiler,Estufa a Leña Combustión Lenta,Leña,"1,5 - 3,0 kg/hora (estándar)","0,650 (65%)",-,14000 W,No especificado,2809990,ABC,https://www.abc.cl/caldera-a-lena-amesti-bernini-boiler-libre-posicion-gris/28095775.html,2809990,2469990,ABC,2,"ABC: $2,809,990 | ABC: $2,469,990",$ 120.000 (Kit cañones / sellado techumbre),$ 30.000 / año (Deshollinado),Peso: 198.0 kg | Dimensiones: 710 x 783 x 375 mm | Flete volumen pesado a zonas extremas (+15-25% H/I). Requiere leña seca (<25% hum) o pellet certificado.,https://www.solotodo.cl/products/251206
271328,Estufas,Bosca,Lumina,Bosca Lumina,Estufa a Pellet,Pellet,"0,6 - 1,8 kg/hora (estándar)","0,850 (85%)",-,13000 W / 11180 Kcal/h / 44404 BTU/h,220 m2,2499990,Sodimac,https://www.sodimac.cl/sodimac-cl/articulo/139639674/product/139639675,2499990,2349990,Easy,3,"Easy: $2,349,990 | Sodimac: $2,499,990 | Falabella Marketplace (BOSCA): $2,499,990",$ 120.000 (Kit cañones inox / pasamuros),$ 45.000 / año (Deshollinado / crisol),Certificación SEC QR: 525607 | Peso: 120.0 kg | Dimensiones: 708 x 581 x 692 mm | Flete volumen pesado a zonas extremas (+15-25% H/I). Requiere leña seca (<25% hum) o pellet certificado.,https://www.solotodo.cl/products/271328
392307,Estufas,Hergom,E30-L,Hergom E30-L,Estufa a Leña Combustión Lenta,Leña,"1,5 - 3,0 kg/hora (estándar)","0,650 (65%)",-,25600 W,220 m2,2499990,Mercado Libre (BOSCACHILE),https://www.mercadolibre.cl/p/MLC63756123?pdp_filters=official_store:all,2499990,2499990,Mercado Libre (BOSCACHILE),1,"Mercado Libre (BOSCACHILE): $2,499,990",$ 120.000 (Kit cañones / sellado techumbre),$ 30.000 / año (Deshollinado),Peso: 190.0 kg | Dimensiones: 753 x 812 x 616 mm | Flete volumen pesado a zonas extremas (+15-25% H/I). Requiere leña seca (<25% hum) o pellet certificado.,https://www.solotodo.cl/products/392307
392306,Estufas,Xeoos,Basic Natur,Xeoos Basic Natur,Estufa a Leña Combustión Lenta,Leña,"1,5 - 3,0 kg/hora (estándar)","0,650 (65%)",-,8000 W,120 m2,2299990,Mercado Libre (Bosca),https://www.mercadolibre.cl/up/MLCU81212566?pdp_filters=official_store%3Aall,2299990,2299990,Mercado Libre (Bosca),1,"Mercado Libre (Bosca): $2,299,990",$ 120.000 (Kit cañones / sellado techumbre),$ 30.000 / año (Deshollinado),Certificación SEC QR: 151089 | Peso: 235.0 kg | Dimensiones: 470 x 1212 x 400 mm | Flete volumen pesado a zonas extremas (+15-25% H/I). Requiere leña seca (<25% hum) o pellet certificado.,https://www.solotodo.cl/products/392306
68479,Estufas,Bosca,CH 1100,Bosca CH 1100,Estufa a Leña Combustión Lenta,Leña,"1,5 - 3,0 kg/hora (estándar)","0,650 (65%)",-,21200 W / 18229 Kcal/h / 72337 BTU/h,200 m2,1679990,ABC,https://www.abc.cl/chimenea-a-lena-bosca-1100-30kw-kit-instalacion/29202303.html,1679990,1509990,Easy,8,"Sodimac: $1,599,990 | Travel Tienda: $1,529,990 | Easy: $1,509,990 | Sodimac: $1,569,990 | ABC: $1,569,990 (+3 más)",$ 120.000 (Kit cañones / sellado techumbre),$ 30.000 / año (Deshollinado),Peso: 184.0 kg | Dimensiones: 1080 x 830 x 560 mm | Flete volumen pesado a zonas extremas (+15-25% H/I). Requiere leña seca (<25% hum) o pellet certificado.,https://www.solotodo.cl/products/68479
45262,Estufas,Bosca,CH 850,Bosca CH 850,Estufa a Leña Combustión Lenta,Leña,1000 g/hora,"0,650 (65%)",-,27000 W / 23216 Kcal/h / 92128 BTU/h,250 m2,1579990,Easy,https://www.easy.cl/chimenea-a-lena-850-27000-w-kit-de-instalacion-1467511/p,1579990,1319990,Easy,5,"Easy: $1,319,990 | Travel Tienda: $1,365,990 | Sodimac: $1,399,990 | Easy: $1,579,990 | ABC: $1,359,990",$ 120.000 (Kit cañones / sellado techumbre),$ 30.000 / año (Deshollinado),Peso: 142.0 kg | Dimensiones: 900 x 770 x 490 mm | Flete volumen pesado a zonas extremas (+15-25% H/I). Requiere leña seca (<25% hum) o pellet certificado.,https://www.solotodo.cl/products/45262
38581,Estufas,Toyotomi,Laser 73 L73,Toyotomi Laser 73 L73,Estufa Kerosene Láser (Electrónica),Kerosene / Parafina,1080 ml/hora,"0,800 (80%)",-,8256 Kcal/h / 32600 BTU/h,200 m2,1579990,Tienda Toyotomi,https://toyotomi.cl/product/estufa-kerosene-tiro-forzado-96-kw-laser-73-wifi/,1579990,1579990,Tienda Toyotomi,2,"Tienda Toyotomi: $1,579,990 | Tienda Toyotomi: $1,579,990",$ 0 (Portátil),$ 35.000 / año (Limpieza sensores),Peso: 40.0 kg | Dimensiones: 700 x 760 x 427 mm | En Zona H (>1500 msnm) requiere modelo de alta altitud por baja presión de O2.,https://www.solotodo.cl/products/38581
271319,Estufas,Bosca,850 FS,Bosca 850 FS,Estufa a Leña Combustión Lenta,Leña,27.0 kW térmico,"0,650 (65%)",-,31455 W / 23216 Kcal/h / 27.0 kW,220 m2,1479990,Mercado Libre (Bosca),https://www.mercadolibre.cl/up/MLCU3715201268?pdp_filters=official_store%3Aall,1479990,1359990,Easy,3,"Easy: $1,359,990 | ABC: $1,389,990 | Mercado Libre (Bosca): $1,479,990",$ 120.000 (Kit cañones / sellado techumbre),$ 30.000 / año (Deshollinado),Peso: 142.5 kg | Dimensiones: 920 x 1000 x 500 mm | Flete volumen pesado a zonas extremas (+15-25% H/I). Requiere leña seca (<25% hum) o pellet certificado.,https://www.solotodo.cl/products/271319
364450,Estufas,Bosca,850 27 KW,Bosca 850 27 KW,Estufa a Leña Combustión Lenta,Leña,"1,5 - 3,0 kg/hora (estándar)","0,650 (65%)",-,27000 W / 23216 Kcal/h,220 m2,1469990,ABC,https://www.abc.cl/chimenea-a-lena-bosca-850-27-kw-kit-instalacion/29202281.html,1469990,1399990,Mercado Libre (Bosca),4,"Falabella Marketplace (BOSCA): $1,449,990 | Falabella Marketplace (BOSCA): $1,399,990 | ABC: $1,469,990 | Mercado Libre (Bosca): $1,399,990",$ 120.000 (Kit cañones / sellado techumbre),$ 30.000 / año (Deshollinado),Peso: 121.0 kg | Dimensiones: 900 x 786 x 472 mm | Flete volumen pesado a zonas extremas (+15-25% H/I). Requiere leña seca (<25% hum) o pellet certificado.,https://www.solotodo.cl/products/364450
271329,Estufas,Bosca,Silenzio,Bosca Silenzio,Estufa a Pellet,Pellet,8.2 kW térmico,0.870 (87%),-,8200 W / 7060 Kcal/h / 28000 BTU/h / 8.2 kW,150 m2 / 375 m3,1469980,Falabella Marketplace (BOSCA),https://www.falabella.com/falabella-cl/product/149408303/estufa-a-pellet-silenzio-black-vision-kit-de-instalacion/149408304,1469980,999999,Mercado Libre (Bosca),4,"Falabella Marketplace (BOSCA): $1,469,980 | Falabella Marketplace (BOSCA): $1,299,990 | Mercado Libre (Bosca): $999,999 | Mercado Libre (Bosca): $1,369,990",$ 120.000 (Kit cañones inox / pasamuros),$ 45.000 / año (Deshollinado / crisol),Certificación SEC QR: 534176 | Peso: 55.0 kg | Dimensiones: 440 x 965 x 465 mm | Capacidad Estanque/Tolva: 15.0 L/kg | Flete volumen pesado a zonas extremas (+15-25% H/I). Requiere leña seca (<25% hum) o pellet certificado.,https://www.solotodo.cl/products/271329
37954,Estufas,Amesti,Inserto 800 Palladio,Amesti Inserto 800 Palladio,Estufa a Leña Combustión Lenta,Leña,1000 g/hora,"0,650 (65%)",-,12285 Kcal/h,280 m2,1399990,Hites,https://www.hites.com/chimenea-a-lena-amesti-inserto-800-762508001.html,1399990,1399990,Hites,1,"Hites: $1,399,990",$ 120.000 (Kit cañones / sellado techumbre),$ 30.000 / año (Deshollinado),Peso: 112.0 kg | Dimensiones: 830 x 580 x 490 mm | Flete volumen pesado a zonas extremas (+15-25% H/I). Requiere leña seca (<25% hum) o pellet certificado.,https://www.solotodo.cl/products/37954
392308,Estufas,Bosca,Fit+ Black Vision - Charcoal,Bosca Fit+ Black Vision - Charcoal,Estufa a Pellet,Pellet,9.3 kW térmico,0.860 (86%),-,9300 W / 9.3 kW,165 m2,1369990,Mercado Libre (Bosca),https://www.mercadolibre.cl/up/MLCU3924479924?pdp_filters=official_store%3Aall,1369990,1199990,Mercado Libre (Bosca),2,"Mercado Libre (Bosca): $1,369,990 | Mercado Libre (Bosca): $1,199,990",$ 120.000 (Kit cañones inox / pasamuros),$ 45.000 / año (Deshollinado / crisol),Certificación SEC QR: 520230 | Peso: 70.0 kg | Dimensiones: 900 x 916 x 268 mm | Flete volumen pesado a zonas extremas (+15-25% H/I). Requiere leña seca (<25% hum) o pellet certificado.,https://www.solotodo.cl/products/392308
387522,Estufas,Bosca,Fit+ Black Vision - Burdeo (101020112),Bosca Fit+ Black Vision - Burdeo (101020112),Estufa a Pellet,Pellet,9.3 kW térmico,0.860 (86%),-,9300 W / 9.3 kW,165 m2,1369980,Falabella Marketplace (BOSCA),https://www.falabella.com/falabella-cl/product/151564775/pack-calefactor-bosca-a-pellet-fit-burdeo-kit-de-instalacion/151564776,1369980,1129990,Easy,4,"Easy: $1,129,990 | Falabella Marketplace (BOSCA): $1,369,980 | Falabella Marketplace (BOSCA): $1,199,990 | Sodimac: $1,199,990",$ 120.000 (Kit cañones inox / pasamuros),$ 45.000 / año (Deshollinado / crisol),Certificación SEC QR: 520230 | Peso: 70.0 kg | Dimensiones: 900 x 916 x 268 mm | Flete volumen pesado a zonas extremas (+15-25% H/I). Requiere leña seca (<25% hum) o pellet certificado.,https://www.solotodo.cl/products/387522
218951,Estufas,Bosca,FIT9 (Charcoal),Bosca FIT9 (Charcoal),Estufa a Pellet,Pellet,2100 g/hora,"0,850 (85%)",-,9100 W,165 m2,1369980,Falabella Marketplace (BOSCA),https://www.falabella.com/falabella-cl/product/151564118/pack-calefactor-bosca-a-pellet-fit-charcoal-kit-intalacion/151564119,1369980,1129990,Sodimac,4,"Sodimac: $1,129,990 | Sodimac: $1,199,990 | Falabella Marketplace (BOSCA): $1,369,980 | Falabella Marketplace (BOSCA): $1,199,990",$ 120.000 (Kit cañones inox / pasamuros),$ 45.000 / año (Deshollinado / crisol),Certificación SEC QR: 476128 | Peso: 70.0 kg | Dimensiones: 900 x 910 x 262 mm | Flete volumen pesado a zonas extremas (+15-25% H/I). Requiere leña seca (<25% hum) o pellet certificado.,https://www.solotodo.cl/products/218951
145413,Estufas,Amesti,Slim 9000 (Rojo),Amesti Slim 9000 (Rojo),Estufa a Pellet,Pellet,2100 g/hora,"0,850 (85%)",-,9400 W,168 m2,1349990,ABC,https://www.abc.cl/calefactor-a-pellet-amesti-slim-9000-rojo/28095708.html,1349990,1129990,Sodimac,5,"Easy: $1,129,990 | Sodimac: $1,129,990 | ABC: $1,349,990 | Hites: $1,299,990 | Falabella Marketplace (AMESTI): $1,334,800",$ 120.000 (Kit cañones inox / pasamuros),$ 45.000 / año (Deshollinado / crisol),Certificación SEC QR: 392632 | Peso: 100.0 kg | Dimensiones: 860 x 966 x 275 mm | Flete volumen pesado a zonas extremas (+15-25% H/I). Requiere leña seca (<25% hum) o pellet certificado.,https://www.solotodo.cl/products/145413
145411,Estufas,Amesti,Slim 9000 (Negro),Amesti Slim 9000 (Negro),Estufa a Pellet,Pellet,2100 g/hora,"0,850 (85%)",-,9400 W,168 m2,1334800,Falabella Marketplace (AMESTI),https://www.falabella.com/falabella-cl/product/153887161/combo-slim-9000-negro-kit-instalacion-muro/153887162,1334800,1129990,Easy,5,"Easy: $1,129,990 | Travel Tienda: $1,249,900 | Hites: $1,299,990 | Falabella Marketplace (AMESTI): $1,334,800 | Falabella Marketplace (Mimbral): $1,199,990",$ 120.000 (Kit cañones inox / pasamuros),$ 45.000 / año (Deshollinado / crisol),Certificación SEC QR: 392632 | Peso: 100.0 kg | Dimensiones: 860 x 966 x 275 mm | Flete volumen pesado a zonas extremas (+15-25% H/I). Requiere leña seca (<25% hum) o pellet certificado.,https://www.solotodo.cl/products/145411
145412,Estufas,Amesti,Slim 9000 (Blanco),Amesti Slim 9000 (Blanco),Estufa a Pellet,Pellet,2100 g/hora,"0,850 (85%)",-,9400 W,168 m2,1334800,Falabella Marketplace (AMESTI),https://www.falabella.com/falabella-cl/product/153887676/combo-slim-9000-negro-kit-instalacion-muro/153887677,1334800,1199900,Sodimac,4,"Sodimac: $1,199,900 | Hites: $1,299,990 | Falabella Marketplace (Mimbral): $1,199,990 | Falabella Marketplace (AMESTI): $1,334,800",$ 120.000 (Kit cañones inox / pasamuros),$ 45.000 / año (Deshollinado / crisol),Certificación SEC QR: 392632 | Peso: 100.0 kg | Dimensiones: 860 x 966 x 275 mm | Flete volumen pesado a zonas extremas (+15-25% H/I). Requiere leña seca (<25% hum) o pellet certificado.,https://www.solotodo.cl/products/145412
226995,Estufas,Amesti,Palladio Wooden Freestanding,Amesti Palladio Wooden Freestanding,Estufa a Leña Combustión Lenta,Leña,"1,5 - 3,0 kg/hora (estándar)","0,650 (65%)",-,26000 W / 22355 Kcal/h,250 m2,1319990,Easy,https://www.easy.cl/estufa-a-lena-26000w-palladio-wooden-freestanding-charcoal-1407305/p,1319990,1319990,Easy,1,"Easy: $1,319,990",$ 120.000 (Kit cañones / sellado techumbre),$ 30.000 / año (Deshollinado),Peso: 135.0 kg | Dimensiones: 830 x 765 x 180 mm | Flete volumen pesado a zonas extremas (+15-25% H/I). Requiere leña seca (<25% hum) o pellet certificado.,https://www.solotodo.cl/products/226995
72653,Estufas,Bosca,850 Freestanding,Bosca 850 Freestanding,Estufa a Leña Combustión Lenta,Leña,"1,5 - 3,0 kg/hora (estándar)","0,650 (65%)",-,27000 W / 23216 Kcal/h / 92128 BTU/h,220 m2,1299990,Falabella Marketplace (BOSCA),https://www.falabella.com/falabella-cl/product/131827618/Pack-Calefactor-a-Lena-Chimenea-freestanding-850-+-Kit-Instalacion/131827619,1249990,1049990,ABC,6,"Sodimac: $1,129,990 | Easy: $1,169,990 | Sodimac: $1,199,990 | ABC: $1,049,990 | Falabella Marketplace (BOSCA): $1,299,990 (+1 más)",$ 120.000 (Kit cañones / sellado techumbre),$ 30.000 / año (Deshollinado),Peso: 142.0 kg | Dimensiones: 920 x 1000 x 500 mm | Flete volumen pesado a zonas extremas (+15-25% H/I). Requiere leña seca (<25% hum) o pellet certificado.,https://www.solotodo.cl/products/72653
62417,Estufas,Alcazar,Mont Blanc,Alcazar Mont Blanc,Estufa a Leña Combustión Lenta,Leña,"1,5 - 3,0 kg/hora (estándar)","0,650 (65%)",-,26700 W / 22958 Kcal/h / 91104 BTU/h,250 m2,1299990,Sodimac,https://www.sodimac.cl/sodimac-cl/articulo/110003889/product/110003890,1299990,1219990,Easy,4,"Sodimac: $1,299,990 | Travel Tienda: $1,268,990 | Easy: $1,219,990 | Falabella Marketplace (ALCAZAR): $1,299,990",$ 120.000 (Kit cañones / sellado techumbre),$ 30.000 / año (Deshollinado),Peso: 142.0 kg | Dimensiones: 855 x 650 x 535 mm | Flete volumen pesado a zonas extremas (+15-25% H/I). Requiere leña seca (<25% hum) o pellet certificado.,https://www.solotodo.cl/products/62417
216118,Estufas,Amesti,Vulcan 10 - Red,Amesti Vulcan 10 - Red,Estufa a Pellet,Pellet,2400 g/hora,"0,850 (85%)",-,10700 W,191 m2,1299990,Sodimac,https://www.sodimac.cl/sodimac-cl/articulo/128503841/product/128503843,1299990,1299990,Sodimac,1,"Sodimac: $1,299,990",$ 120.000 (Kit cañones inox / pasamuros),$ 45.000 / año (Deshollinado / crisol),Certificación SEC QR: 460780 | Peso: 98.0 kg | Dimensiones: 484 x 905 x 514 mm | Flete volumen pesado a zonas extremas (+15-25% H/I). Requiere leña seca (<25% hum) o pellet certificado.,https://www.solotodo.cl/products/216118
218950,Estufas,Bosca,FIT9 (Burdeo),Bosca FIT9 (Burdeo),Estufa a Pellet,Pellet,2100 g/hora,"0,850 (85%)",-,9100 W,165 m2,1289990,Easy,https://www.easy.cl/estufa-a-pellet-fit-02602-black-vision-92-kw-kit-instalacion-burdeo-1511583/p,1239990,1129990,Sodimac,2,"Easy: $1,289,990 | Sodimac: $1,129,990",$ 120.000 (Kit cañones inox / pasamuros),$ 45.000 / año (Deshollinado / crisol),Certificación SEC QR: 476128 | Peso: 70.0 kg | Dimensiones: 900 x 910 x 262 mm | Flete volumen pesado a zonas extremas (+15-25% H/I). Requiere leña seca (<25% hum) o pellet certificado.,https://www.solotodo.cl/products/218950
216119,Estufas,Amesti,Vulcan 10 - White,Amesti Vulcan 10 - White,Estufa a Pellet,Pellet,2400 g/hora,"0,850 (85%)",-,10700 W,191 m2,1219990,Easy,https://www.easy.cl/calefactor-a-pellet-vulca-10-invierno-1385520/p,1219990,1219990,Easy,1,"Easy: $1,219,990",$ 120.000 (Kit cañones inox / pasamuros),$ 45.000 / año (Deshollinado / crisol),Certificación SEC QR: 460780 | Peso: 98.0 kg | Dimensiones: 484 x 905 x 514 mm | Flete volumen pesado a zonas extremas (+15-25% H/I). Requiere leña seca (<25% hum) o pellet certificado.,https://www.solotodo.cl/products/216119
239580,Estufas,Alcazar,Tirolesa - Burdeo,Alcazar Tirolesa - Burdeo,Estufa a Leña Combustión Lenta,Leña,5000 g/hora,"0,650 (65%)",-,26483 Kcal/h,250 m2,1199990,Travel Tienda,https://tienda.travel.cl/alcazar/estufa-a-le%C3%B1a-alcazar-tirolesa-burdeo/SKU100418,1199990,1129990,Easy,4,"Travel Tienda: $1,199,990 | Sodimac: $1,199,990 | Easy: $1,129,990 | Falabella Marketplace (ALCAZAR): $1,199,990",$ 120.000 (Kit cañones / sellado techumbre),$ 30.000 / año (Deshollinado),Peso: 155.0 kg | Dimensiones: 935 x 880 x 520 mm | Flete volumen pesado a zonas extremas (+15-25% H/I). Requiere leña seca (<25% hum) o pellet certificado.,https://www.solotodo.cl/products/239580
242978,Estufas,Alcazar,Bavara - Burdeo,Alcazar Bavara - Burdeo,Estufa a Leña Combustión Lenta,Leña,"1,5 - 3,0 kg/hora (estándar)","0,650 (65%)",-,30500 W / 26225 Kcal/h / 104070 BTU/h,250 m2,1199990,Travel Tienda,https://tienda.travel.cl/alcazar/estufa-a-le%C3%B1a-alcazar-bavara-burdeo/SKU100417,1199990,1199990,Falabella Marketplace (ALCAZAR),4,"Travel Tienda: $1,199,990 | Easy: $1,199,990 | Sodimac: $1,199,990 | Falabella Marketplace (ALCAZAR): $1,199,990",$ 120.000 (Kit cañones / sellado techumbre),$ 30.000 / año (Deshollinado),Peso: 155.0 kg | Dimensiones: 850 x 880 x 520 mm | Flete volumen pesado a zonas extremas (+15-25% H/I). Requiere leña seca (<25% hum) o pellet certificado.,https://www.solotodo.cl/products/242978
38569,Estufas,Toyotomi,FR-700F,Toyotomi FR-700F,Estufa Kerosene Mecha (Cámara Conv/Rad),Kerosene / Parafina,791 ml/hora,"0,800 (80%)",-,7000 Kcal/h / 23900 BTU/h,160 m2,1199990,Tienda Toyotomi,https://toyotomi.cl/product/estufa-kerosene-tiro-forzado-7-kw-fr-700f/,1199990,1199990,Tienda Toyotomi,1,"Tienda Toyotomi: $1,199,990",$ 0 (Portátil),$ 25.000 / 2 años (Cambio mecha),Certificación SEC QR: 406191 | Peso: 28.0 kg | Dimensiones: 700 x 593 x 422 mm | En Zona H (>1500 msnm) requiere modelo de alta altitud por baja presión de O2.,https://www.solotodo.cl/products/38569
57392,Estufas,Amesti,Milano (Rojo),Amesti Milano (Rojo),Estufa a Pellet,Pellet,"0,6 - 1,8 kg/hora (estándar)","0,850 (85%)",-,7200 W,273 m3,1189990,Hites,https://www.hites.com/calefactor-a-pellet-amesti-milano-775534001.html,1189990,1009990,ABC,5,"Hites: $1,189,990 | Easy: $1,099,990 | Travel Tienda: $1,099,990 | ABC: $1,009,990 | Falabella Marketplace (AMESTI): $1,099,900",$ 120.000 (Kit cañones inox / pasamuros),$ 45.000 / año (Deshollinado / crisol),Certificación SEC QR: 271729 | Dimensiones: 4820 x 8370 x 5040 mm | Flete volumen pesado a zonas extremas (+15-25% H/I). Requiere leña seca (<25% hum) o pellet certificado.,https://www.solotodo.cl/products/57392
62416,Estufas,Alcazar,Bavara,Alcazar Bavara,Estufa a Leña Combustión Lenta,Leña,"1,5 - 3,0 kg/hora (estándar)","0,650 (65%)",-,30500 W / 26225 Kcal/h / 104070 BTU/h,250 m2,1169990,Travel Tienda,https://tienda.travel.cl/alcazar/estufa-a-le%C3%B1a-alcazar-b%C3%A1vara/SKU100425,1169990,939990,Easy,3,"Travel Tienda: $1,169,990 | Easy: $939,990 | Falabella Marketplace (ALCAZAR): $1,039,990",$ 120.000 (Kit cañones / sellado techumbre),$ 30.000 / año (Deshollinado),Peso: 155.0 kg | Dimensiones: 850 x 880 x 520 mm | Flete volumen pesado a zonas extremas (+15-25% H/I). Requiere leña seca (<25% hum) o pellet certificado.,https://www.solotodo.cl/products/62416
81055,Estufas,Alcazar,Tirolesa,Alcazar Tirolesa,Estufa a Leña Combustión Lenta,Leña,5000 g/hora,"0,650 (65%)",-,26483 Kcal/h,250 m2,1169990,Travel Tienda,https://tienda.travel.cl/alcazar/estufa-a-le%C3%B1a-alcazar-tirolesa-gris/SKU100424,1169990,929990,Sodimac,4,"Sodimac: $929,990 | Travel Tienda: $1,169,990 | Easy: $939,990 | Falabella Marketplace (ALCAZAR): $1,039,990",$ 120.000 (Kit cañones / sellado techumbre),$ 30.000 / año (Deshollinado),Peso: 155.0 kg | Dimensiones: 935 x 880 x 520 mm | Flete volumen pesado a zonas extremas (+15-25% H/I). Requiere leña seca (<25% hum) o pellet certificado.,https://www.solotodo.cl/products/81055
42735,Estufas,Amesti,Rondo 500 Boiler,Amesti Rondo 500 Boiler,Estufa a Leña Combustión Lenta,Leña,1000 g/hora,"0,650 (65%)",-,18020 W / 61523 BTU/h,190 m2,1119990,ABC,https://www.abc.cl/calefactor-a-lena-amesti-rondo-500-boiler-gris/28095740.html,1119990,1079990,Hites,2,"Hites: $1,079,990 | ABC: $1,119,990",$ 120.000 (Kit cañones / sellado techumbre),$ 30.000 / año (Deshollinado),Peso: 165.0 kg | Dimensiones: 640 x 1000 x 520 mm | Flete volumen pesado a zonas extremas (+15-25% H/I). Requiere leña seca (<25% hum) o pellet certificado.,https://www.solotodo.cl/products/42735
57393,Estufas,Amesti,Milano (Blanco),Amesti Milano (Blanco),Estufa a Pellet,Pellet,"0,6 - 1,8 kg/hora (estándar)","0,850 (85%)",-,7200 W,273 m3,1099990,Travel Tienda,https://tienda.travel.cl/pellet/estufa-a-pellet-amesti-milano-blanco/SKU89352,1099990,1099900,Falabella Marketplace (AMESTI),2,"Travel Tienda: $1,099,990 | Falabella Marketplace (AMESTI): $1,099,900",$ 120.000 (Kit cañones inox / pasamuros),$ 45.000 / año (Deshollinado / crisol),Certificación SEC QR: 271729 | Dimensiones: 4820 x 8370 x 5040 mm | Flete volumen pesado a zonas extremas (+15-25% H/I). Requiere leña seca (<25% hum) o pellet certificado.,https://www.solotodo.cl/products/57393
196381,Estufas,Bosca,Black Vision (Negra) - 02304,Bosca Black Vision (Negra) - 02304,Estufa a Pellet,Pellet,9.1 kW térmico,0.900 (90%),-,9100 W / 9.1 kW,165 m2,1089990,Easy,https://www.easy.cl/calefactora-pellet-black-vision-negro-kit-vertical-pellet-80-mm-1468091/p,1089990,829990,Easy,10,"Easy: $829,990 | Travel Tienda: $899,990 | Easy: $1,089,990 | Sodimac: $989,990 | ABC: $919,990 (+5 más)",$ 120.000 (Kit cañones inox / pasamuros),$ 45.000 / año (Deshollinado / crisol),Certificación SEC QR: 468079 | Peso: 80.5 kg | Dimensiones: 465 x 995 x 504 mm | Flete volumen pesado a zonas extremas (+15-25% H/I). Requiere leña seca (<25% hum) o pellet certificado.,https://www.solotodo.cl/products/196381
196382,Estufas,Bosca,Black Vision (Burdeo),Bosca Black Vision (Burdeo),Estufa a Pellet,Pellet,"0,6 - 1,8 kg/hora (estándar)","0,850 (85%)",-,9100 W,165 m2,1089990,Easy,https://www.easy.cl/estufa-a-pellet-black-vision-burdeo-kit-de-instalacion-interior-1468092/p,1089990,899990,Easy,12,"Easy: $899,990 | Falabella Marketplace (BOSCA): $919,990 | Falabella Marketplace (BOSCA): $1,049,990 | Travel Tienda: $919,990 | Sodimac: $989,990 (+7 más)",$ 120.000 (Kit cañones inox / pasamuros),$ 45.000 / año (Deshollinado / crisol),Certificación SEC QR: 468079 | Peso: 80.5 kg | Dimensiones: 465 x 995 x 504 mm | Flete volumen pesado a zonas extremas (+15-25% H/I). Requiere leña seca (<25% hum) o pellet certificado.,https://www.solotodo.cl/products/196382
72654,Estufas,Albin Trotter,AT-ZL PM08 Rojo,Albin Trotter AT-ZL PM08 Rojo,Estufa a Pellet,Pellet,1700 g/hora,"0,850 (85%)",-,8000 W / 6900 Kcal/h / 27300 BTU/h,140 m2,1059990,Sodimac,https://www.sodimac.cl/sodimac-cl/articulo/110003837/product/110003840,1059990,799990,Mercado Libre (ALBINTROTTERSA),3,"Falabella Marketplace (Albin Trotter): $799,990 | Sodimac: $1,059,990 | Mercado Libre (ALBINTROTTERSA): $799,990",$ 120.000 (Kit cañones inox / pasamuros),$ 45.000 / año (Deshollinado / crisol),Certificación SEC QR: 267486 | Peso: 58.0 kg | Dimensiones: 464 x 910 x 489 mm | Flete volumen pesado a zonas extremas (+15-25% H/I). Requiere leña seca (<25% hum) o pellet certificado.,https://www.solotodo.cl/products/72654
62407,Estufas,Alcazar,P2000 Madera,Alcazar P2000 Madera,Estufa a Pellet,Pellet,1400 g/hora,"0,850 (85%)",-,8900 W / 7652 Kcal/h / 30368 BTU/h,120 m2,1059990,Sodimac,https://www.sodimac.cl/sodimac-cl/articulo/110002730/product/110002756,1059990,1059990,Sodimac,2,"Sodimac: $1,059,990 | Sodimac: $1,059,990",$ 120.000 (Kit cañones inox / pasamuros),$ 45.000 / año (Deshollinado / crisol),Certificación SEC QR: 266822 | Peso: 110.0 kg | Dimensiones: 470 x 990 x 470 mm | Flete volumen pesado a zonas extremas (+15-25% H/I). Requiere leña seca (<25% hum) o pellet certificado.,https://www.solotodo.cl/products/62407
62403,Estufas,Bosca,Hera+ (Charcoal),Bosca Hera+ (Charcoal),Estufa a Pellet,Pellet,2100 g/hora / 9.0 kW térmico,0.890 (89%),-,9000 W / 7739 Kcal/h / 30709 BTU/h / 9.0 kW,120 m2,1049990,Travel Tienda,https://tienda.travel.cl/le%C3%B1a-y-pellets/pack-calefactor-a-pellet-bosca-hera-charcoal-kit-de-instalaci%C3%B3n-vertical/SKU143344,1049990,779990,Easy,11,"Easy: $779,990 | Sodimac: $799,990 | Falabella Marketplace (BOSCA): $879,990 | Travel Tienda: $879,990 | Easy: $989,990 (+6 más)",$ 120.000 (Kit cañones inox / pasamuros),$ 45.000 / año (Deshollinado / crisol),Certificación SEC QR: 476168 | Peso: 70.0 kg | Dimensiones: 425 x 830 x 503 mm | Flete volumen pesado a zonas extremas (+15-25% H/I). Requiere leña seca (<25% hum) o pellet certificado.,https://www.solotodo.cl/products/62403
81349,Estufas,Bosca,Hera+ (Rojo),Bosca Hera+ (Rojo),Estufa a Pellet,Pellet,2100 g/hora,"0,850 (85%)",-,9000 W / 7739 Kcal/h / 30709 BTU/h,120 m2,1049990,Travel Tienda,https://tienda.travel.cl/le%C3%B1a-y-pellets/pack-calefactor-a-pellet-bosca-hera-rojo-kit-de-instalaci%C3%B3n-vertical/SKU143340,1049990,799990,Sodimac,11,"Easy: $799,990 | Sodimac: $799,990 | Travel Tienda: $899,990 | Sodimac: $959,990 | Easy: $969,990 (+6 más)",$ 120.000 (Kit cañones inox / pasamuros),$ 45.000 / año (Deshollinado / crisol),Certificación SEC QR: 476168 | Peso: 70.0 kg | Dimensiones: 425 x 830 x 503 mm | Flete volumen pesado a zonas extremas (+15-25% H/I). Requiere leña seca (<25% hum) o pellet certificado.,https://www.solotodo.cl/products/81349
37747,Estufas,Toyotomi,FF-55T,Toyotomi FF-55T,Estufa Kerosene Láser Tiro Forzado,Kerosene / Parafina,622 ml/hora,"0,927 (92,7%)",-,18800 BTU/h,120 m2,1049990,Tienda Toyotomi,https://toyotomi.cl/product/estufa-kerosene-tiro-forzado-55-kw-ff-55t-wifi/,1049990,1029990,Tienda Toyotomi,2,"Tienda Toyotomi: $1,029,990 | Tienda Toyotomi: $1,049,990",$ 75.000 (Perforación mural hermética),$ 35.000 / año (Sensores y quemador),Peso: 20.0 kg | Dimensiones: 496 x 600 x 418 mm | Capacidad Estanque/Tolva: 7.6 L/kg | Perforación exterior obligatoria. No apto >1500 msnm sin ajuste técnico.,https://www.solotodo.cl/products/37747
62370,Estufas,Bosca,Hera,Bosca Hera,Estufa a Pellet,Pellet,1400 g/hora,"0,850 (85%)",-,6000 W / 5159 Kcal/h / 20472 BTU/h,90 m2,1049990,Mercado Libre (BOSCACHILE),https://www.mercadolibre.cl/p/MLC78716143?pdp_filters=official_store:all,1049990,1049990,Mercado Libre (BOSCACHILE),1,"Mercado Libre (BOSCACHILE): $1,049,990",$ 120.000 (Kit cañones inox / pasamuros),$ 45.000 / año (Deshollinado / crisol),Certificación SEC QR: 9900000003962 | Peso: 78.0 kg | Dimensiones: 425 x 908 x 535 mm | Flete volumen pesado a zonas extremas (+15-25% H/I). Requiere leña seca (<25% hum) o pellet certificado.,https://www.solotodo.cl/products/62370
37751,Estufas,Toyotomi,TF-GH50,Toyotomi TF-GH50,Calefactor Gas Tiro Balanceado (Hermético),Gas Natural (GN),368 g/hora,"0,927 (92,7%)",-,16036 BTU/h,100 m2,1049990,Tienda Toyotomi,https://toyotomi.cl/product/estufa-a-gas-tiro-forzado-5-kw-gas-natural-tf-gh50/,1049990,1049990,Tienda Toyotomi,1,"Tienda Toyotomi: $1,049,990",$ 75.000 (Perforación mural hermética),$ 35.000 / año (Sensores y quemador),Certificación SEC QR: 0 | Peso: 27.0 kg | Dimensiones: 685 x 585 x 225 mm | Perforación exterior obligatoria. No apto >1500 msnm sin ajuste técnico.,https://www.solotodo.cl/products/37751
61820,Estufas,Amesti,Italy 8100 (Rojo),Amesti Italy 8100 (Rojo),Estufa a Pellet,Pellet,1600 g/hora,"0,850 (85%)",-,8550 W / 7350 Kcal/h / 29174 BTU/h,154 m2,1034800,Falabella Marketplace (AMESTI),https://www.falabella.com/falabella-cl/product/153888230/combo-italy-8100-rojo-kit-instalacion-muro/153888231,1034800,819990,Easy,7,"Easy: $819,990 | Hites: $969,990 | Sodimac: $899,990 | Travel Tienda: $928,990 | ABC: $889,990 (+2 más)",$ 120.000 (Kit cañones inox / pasamuros),$ 45.000 / año (Deshollinado / crisol),Certificación SEC QR: 450684 | Peso: 22.0 kg | Dimensiones: 540 x 900 x 500 mm | Flete volumen pesado a zonas extremas (+15-25% H/I). Requiere leña seca (<25% hum) o pellet certificado.,https://www.solotodo.cl/products/61820
61821,Estufas,Amesti,Italy 8100 (Negro),Amesti Italy 8100 (Negro),Estufa a Pellet,Pellet,1600 g/hora,"0,850 (85%)",-,8550 W / 7350 Kcal/h / 29174 BTU/h,154 m2,1034800,Falabella Marketplace (AMESTI),https://www.falabella.com/falabella-cl/product/153888847/combo-italy-8100-negro-kit-instalacion-muro/153888849,1034800,899990,ABC,5,"Hites: $969,990 | Travel Tienda: $928,990 | ABC: $899,990 | Falabella Marketplace (AMESTI): $929,900 | Falabella Marketplace (AMESTI): $1,034,800",$ 120.000 (Kit cañones inox / pasamuros),$ 45.000 / año (Deshollinado / crisol),Certificación SEC QR: 450684 | Peso: 22.0 kg | Dimensiones: 540 x 900 x 500 mm | Flete volumen pesado a zonas extremas (+15-25% H/I). Requiere leña seca (<25% hum) o pellet certificado.,https://www.solotodo.cl/products/61821
37785,Estufas,Toyotomi,FF-55,Toyotomi FF-55,Estufa Kerosene Láser Tiro Forzado,Kerosene / Parafina,622 ml/hora,"0,927 (92,7%)",-,18800 BTU/h,120 m2,1029990,Tienda Toyotomi,https://toyotomi.cl/product/estufa-kerosene-tiro-forzado-55-kw-ff-55/,1029990,1029990,Tienda Toyotomi,1,"Tienda Toyotomi: $1,029,990",$ 75.000 (Perforación mural hermética),$ 35.000 / año (Sensores y quemador),Certificación SEC QR: 406312 | Peso: 20.0 kg | Dimensiones: 496 x 600 x 418 mm | Perforación exterior obligatoria. No apto >1500 msnm sin ajuste técnico.,https://www.solotodo.cl/products/37785
61819,Estufas,Amesti,Italy 6100 (Negro),Amesti Italy 6100 (Negro),Estufa a Pellet,Pellet,"0,6 - 1,8 kg/hora (estándar)","0,850 (85%)",-,6600 W / 5675 Kcal/h / 22520 BTU/h,118 m2,934800,Falabella Marketplace (AMESTI),https://www.falabella.com/falabella-cl/product/153889518/combo-italy-6100-negro-kit-instalacion-muro/153889520,934800,749990,Easy,6,"Hites: $869,990 | Travel Tienda: $825,990 | Easy: $749,990 | Falabella Marketplace (AMESTI): $799,900 | Falabella Marketplace (AMESTI): $934,800 (+1 más)",$ 120.000 (Kit cañones inox / pasamuros),$ 45.000 / año (Deshollinado / crisol),Certificación SEC QR: 300707 | Peso: 51.0 kg | Dimensiones: 430 x 762 x 448 mm | Flete volumen pesado a zonas extremas (+15-25% H/I). Requiere leña seca (<25% hum) o pellet certificado.,https://www.solotodo.cl/products/61819
61818,Estufas,Amesti,Italy 6100 (Rojo),Amesti Italy 6100 (Rojo),Estufa a Pellet,Pellet,"0,6 - 1,8 kg/hora (estándar)","0,850 (85%)",-,6600 W / 5675 Kcal/h / 22520 BTU/h,118 m2,934800,Falabella Marketplace (AMESTI),https://www.falabella.com/falabella-cl/product/153889238/combo-italy-6100-rojo-kit-instalacion-muro/153889239,934800,799900,Falabella Marketplace (AMESTI),3,"Travel Tienda: $825,990 | Falabella Marketplace (AMESTI): $799,900 | Falabella Marketplace (AMESTI): $934,800",$ 120.000 (Kit cañones inox / pasamuros),$ 45.000 / año (Deshollinado / crisol),Certificación SEC QR: 300707 | Peso: 51.0 kg | Dimensiones: 430 x 762 x 448 mm | Flete volumen pesado a zonas extremas (+15-25% H/I). Requiere leña seca (<25% hum) o pellet certificado.,https://www.solotodo.cl/products/61818
63487,Estufas,BetterLife,NB-PSC9,BetterLife NB-PSC9,Estufa a Pellet,Pellet,1800 g/hora,"0,850 (85%)",-,9000 W / 31000 BTU/h,160 m2,929990,Falabella Marketplace (OXIMIXO),"https://www.falabella.com/falabella-cl/product/142015399/Estufa-Pellet-9,5-Kw-160-M2-Wifi-+-Kit-De-Instalacion/142015400",879990,829990,Falabella Marketplace (OXIMIXO),3,"Travel Tienda: $850,990 | Falabella Marketplace (OXIMIXO): $929,990 | Falabella Marketplace (OXIMIXO): $829,990",$ 120.000 (Kit cañones inox / pasamuros),$ 45.000 / año (Deshollinado / crisol),Certificación SEC QR: 391947 | Peso: 0.1 kg | Dimensiones: 522 x 544 x 102 mm | Flete volumen pesado a zonas extremas (+15-25% H/I). Requiere leña seca (<25% hum) o pellet certificado.,https://www.solotodo.cl/products/63487
38112,Estufas,Alcazar,P1800 (rojo),Alcazar P1800 (rojo),Estufa a Pellet,Pellet,1400 g/hora,"0,850 (85%)",-,7000 W / 6800 Kcal/h,No especificado,926990,Travel Tienda,https://tienda.travel.cl/alcazar/estufa-a-pellet-alcazar-p1800-burdeo/SKU100419,926990,799990,Sodimac,3,"Sodimac: $799,990 | Travel Tienda: $926,990 | Easy: $849,990",$ 120.000 (Kit cañones inox / pasamuros),$ 45.000 / año (Deshollinado / crisol),Certificación SEC QR: 226522 | Peso: 80.0 kg | Dimensiones: 460 x 830 x 500 mm | Flete volumen pesado a zonas extremas (+15-25% H/I). Requiere leña seca (<25% hum) o pellet certificado.,https://www.solotodo.cl/products/38112
122815,Estufas,Alcazar,P1800 (negro),Alcazar P1800 (negro),Estufa a Pellet,Pellet,1400 g/hora,"0,850 (85%)",-,7000 W / 6800 Kcal/h,No especificado,926990,Travel Tienda,https://tienda.travel.cl/alcazar/estufa-a-pellet-alcazar-p1800-gris/SKU100409,926990,889990,Easy,2,"Travel Tienda: $926,990 | Easy: $889,990",$ 120.000 (Kit cañones inox / pasamuros),$ 45.000 / año (Deshollinado / crisol),Certificación SEC QR: 352859 | Peso: 80.0 kg | Dimensiones: 460 x 830 x 500 mm | Flete volumen pesado a zonas extremas (+15-25% H/I). Requiere leña seca (<25% hum) o pellet certificado.,https://www.solotodo.cl/products/122815
136431,Estufas,Bosca,Gold 500 (Carbon),Bosca Gold 500 (Carbon),Estufa a Leña Combustión Lenta,Leña,2500 g/hora,"0,650 (65%)",-,12000 W / 10318 Kcal/h / 40946 BTU/h,220 m2,899990,ABC,https://www.abc.cl/calefactor-bosca-a-lena-gold-500-charcoal-black-vision-cert./29025320.html,899990,559990,Easy,9,"Falabella Marketplace (BOSCA): $619,990 | Falabella Marketplace (BOSCA): $729,990 | Falabella Marketplace (BOSCA): $619,990 | Sodimac: $689,990 | Easy: $699,990 (+4 más)",$ 120.000 (Kit cañones / sellado techumbre),$ 30.000 / año (Deshollinado),Certificación SEC QR: 476302 | Peso: 93.1 kg | Dimensiones: 692 x 783 x 432 mm | Flete volumen pesado a zonas extremas (+15-25% H/I). Requiere leña seca (<25% hum) o pellet certificado.,https://www.solotodo.cl/products/136431
392434,Estufas,Amesti,Classic 600 (Negro),Amesti Classic 600 (Negro),Estufa a Leña Combustión Lenta,Leña,18000.0 kW térmico,0.650 (65%),-,18.0 kW,250 m2,899990,Sodimac,https://www.sodimac.cl/sodimac-cl/articulo/152327202/product/152327203,899990,849990,Easy,2,"Sodimac: $899,990 | Easy: $849,990",$ 120.000 (Kit cañones / sellado techumbre),$ 30.000 / año (Deshollinado),Dimensiones: 900 x 910 x 540 mm | Flete volumen pesado a zonas extremas (+15-25% H/I). Requiere leña seca (<25% hum) o pellet certificado.,https://www.solotodo.cl/products/392434
392401,Estufas,Amesti,Classic 600 (Rojo),Amesti Classic 600 (Rojo),Estufa a Leña Combustión Lenta,Leña,18000.0 kW térmico,0.650 (65%),-,18.0 kW,250 m2,899990,Sodimac,https://www.sodimac.cl/sodimac-cl/articulo/152327204/product/152327205,899990,849990,Easy,2,"Sodimac: $899,990 | Easy: $849,990",$ 120.000 (Kit cañones / sellado techumbre),$ 30.000 / año (Deshollinado),Dimensiones: 900 x 910 x 540 mm | Flete volumen pesado a zonas extremas (+15-25% H/I). Requiere leña seca (<25% hum) o pellet certificado.,https://www.solotodo.cl/products/392401
61822,Estufas,Amesti,Italy 8100 (Blanco),Amesti Italy 8100 (Blanco),Estufa a Pellet,Pellet,1600 g/hora,"0,850 (85%)",-,8550 W / 7350 Kcal/h / 29174 BTU/h,154 m2,899990,ABC,https://www.abc.cl/calefactor-a-pellet-amesti-italy-8100-blanco/27367593.html,899990,899990,ABC,1,"ABC: $899,990",$ 120.000 (Kit cañones inox / pasamuros),$ 45.000 / año (Deshollinado / crisol),Certificación SEC QR: 450684 | Peso: 22.0 kg | Dimensiones: 540 x 900 x 500 mm | Flete volumen pesado a zonas extremas (+15-25% H/I). Requiere leña seca (<25% hum) o pellet certificado.,https://www.solotodo.cl/products/61822
37752,Estufas,Toyotomi,TF-GH30,Toyotomi TF-GH30,Calefactor Gas Tiro Balanceado (Hermético),Gas Natural (GN),195 g/hora,"0,927 (92,7%)",-,8530 BTU/h,50 m2,899990,Tienda Toyotomi,https://toyotomi.cl/product/estufa-a-gas-tiro-forzado-3-kw-gas-natural-tf-gh30/,899990,899990,Tienda Toyotomi,1,"Tienda Toyotomi: $899,990",$ 75.000 (Perforación mural hermética),$ 35.000 / año (Sensores y quemador),Certificación SEC QR: 0 | Peso: 20.7 kg | Dimensiones: 535 x 585 x 225 mm | Perforación exterior obligatoria. No apto >1500 msnm sin ajuste técnico.,https://www.solotodo.cl/products/37752
398209,Estufas,Amesti,Italy 8100 Plus - Rojo,Amesti Italy 8100 Plus - Rojo,Estufa a Pellet,Pellet,9.2 kW térmico,0.870 (87%),-,9200 W / 9.2 kW,168 m2,899900,Falabella Marketplace (AMESTI),https://www.falabella.com/falabella-cl/product/126368269/Calefactor-a-Pellet-Amesti-Italy-8100-plus-Rojo/126368273,899900,899900,Falabella Marketplace (AMESTI),1,"Falabella Marketplace (AMESTI): $899,900",$ 120.000 (Kit cañones inox / pasamuros),$ 45.000 / año (Deshollinado / crisol),Certificación SEC QR: 479679 | Peso: 70.0 kg | Dimensiones: 540 x 900 x 500 mm | Capacidad Estanque/Tolva: 22.0 L/kg | Flete volumen pesado a zonas extremas (+15-25% H/I). Requiere leña seca (<25% hum) o pellet certificado.,https://www.solotodo.cl/products/398209
120443,Estufas,Bosca,Hera+ (Azul),Bosca Hera+ (Azul),Estufa a Pellet,Pellet,2100 g/hora,"0,850 (85%)",-,9000 W / 7739 Kcal/h / 30709 BTU/h,120 m2,879990,ABC,https://www.abc.cl/estufa-a-pellet-bosca-hera-rojo/27489958.html,879990,829990,ABC,2,"ABC: $829,990 | ABC: $879,990",$ 120.000 (Kit cañones inox / pasamuros),$ 45.000 / año (Deshollinado / crisol),Certificación SEC QR: 476168 | Peso: 70.0 kg | Dimensiones: 425 x 830 x 503 mm | Flete volumen pesado a zonas extremas (+15-25% H/I). Requiere leña seca (<25% hum) o pellet certificado.,https://www.solotodo.cl/products/120443
145408,Estufas,Amesti,Italy 6100 (Blanco),Amesti Italy 6100 (Blanco),Estufa a Pellet,Pellet,"0,6 - 1,8 kg/hora (estándar)","0,850 (85%)",-,6600 W / 5675 Kcal/h / 22520 BTU/h,118 m2,869990,Hites,https://www.hites.com/estufa-a-pellet-amesti-italy-6100-853494001.html,869990,749990,Easy,5,"Sodimac: $799,990 | Travel Tienda: $825,990 | Falabella Marketplace (AMESTI): $799,900 | Easy: $749,990 | Hites: $869,990",$ 120.000 (Kit cañones inox / pasamuros),$ 45.000 / año (Deshollinado / crisol),Certificación SEC QR: 342612 | Peso: 51.0 kg | Dimensiones: 430 x 762 x 448 mm | Flete volumen pesado a zonas extremas (+15-25% H/I). Requiere leña seca (<25% hum) o pellet certificado.,https://www.solotodo.cl/products/145408
274168,Estufas,Alcazar,Calbuco MZ 90 - Negro,Alcazar Calbuco MZ 90 - Negro,Estufa a Leña Combustión Lenta,Leña,"1,5 - 3,0 kg/hora (estándar)","0,650 (65%)",-,-,No especificado,869990,Easy,https://www.easy.cl/cocina-a-lena-calbuco-mz90-negro-50-lt-1417378/p,869990,869990,Easy,1,"Easy: $869,990",$ 120.000 (Kit cañones / sellado techumbre),$ 30.000 / año (Deshollinado),Peso: 152.0 kg | Dimensiones: 920 x 840 x 620 mm | Capacidad Estanque/Tolva: 50.0 L/kg | Flete volumen pesado a zonas extremas (+15-25% H/I). Requiere leña seca (<25% hum) o pellet certificado.,https://www.solotodo.cl/products/274168
274172,Estufas,Alcazar,Calbuco MZ 90 - Amarillo,Alcazar Calbuco MZ 90 - Amarillo,Estufa a Leña Combustión Lenta,Leña,"1,5 - 3,0 kg/hora (estándar)","0,650 (65%)",-,-,No especificado,869990,Easy,https://www.easy.cl/cocina-a-lena-calbuco-mz90-amarilla-50-lt-1417375/p,869990,869990,Easy,1,"Easy: $869,990",$ 120.000 (Kit cañones / sellado techumbre),$ 30.000 / año (Deshollinado),Peso: 152.0 kg | Dimensiones: 920 x 840 x 620 mm | Capacidad Estanque/Tolva: 50.0 L/kg | Flete volumen pesado a zonas extremas (+15-25% H/I). Requiere leña seca (<25% hum) o pellet certificado.,https://www.solotodo.cl/products/274172
87340,Estufas,Bosca,Eco Smart (Rojo),Bosca Eco Smart (Rojo),Estufa a Pellet,Pellet,1900 g/hora,"0,850 (85%)",-,8300 W / 7137 Kcal/h / 28320 BTU/h,120 m2,869990,Sodimac,https://www.sodimac.cl/sodimac-cl/articulo/110003285/product/110003290,869990,869990,Sodimac,1,"Sodimac: $869,990",$ 120.000 (Kit cañones inox / pasamuros),$ 45.000 / año (Deshollinado / crisol),Peso: 94.0 kg | Dimensiones: 465 x 995 x 504 mm | Flete volumen pesado a zonas extremas (+15-25% H/I). Requiere leña seca (<25% hum) o pellet certificado.,https://www.solotodo.cl/products/87340
395875,Estufas,Anwo,STELLA.6,Anwo STELLA.6,Estufa a Pellet,Pellet,6.2 kW térmico,0.860 (86%),-,6200 W / 6.2 kW,150 m3,849990,Falabella Marketplace (Anwo),https://www.falabella.com/falabella-cl/product/154903072/estufa-a-pellet-anwo-stella-6/154903074,849990,849990,Falabella Marketplace (Anwo),1,"Falabella Marketplace (Anwo): $849,990",$ 120.000 (Kit cañones inox / pasamuros),$ 45.000 / año (Deshollinado / crisol),Certificación SEC QR: 523076 | Peso: 45.3 kg | Dimensiones: 434 x 919 x 466 mm | Capacidad Estanque/Tolva: 15.0 L/kg | Flete volumen pesado a zonas extremas (+15-25% H/I). Requiere leña seca (<25% hum) o pellet certificado.,https://www.solotodo.cl/products/395875
274165,Estufas,Alcazar,Calbuco MZ 80 - Amarillo,Alcazar Calbuco MZ 80 - Amarillo,Estufa a Leña Combustión Lenta,Leña,"1,5 - 3,0 kg/hora (estándar)","0,650 (65%)",-,-,No especificado,839990,Easy,https://www.easy.cl/cocina-a-lena-calbuco-mz80-amarilla-40-lt-1417376/p,839990,839990,Easy,1,"Easy: $839,990",$ 120.000 (Kit cañones / sellado techumbre),$ 30.000 / año (Deshollinado),Peso: 130.0 kg | Dimensiones: 820 x 840 x 560 mm | Capacidad Estanque/Tolva: 40.0 L/kg | Flete volumen pesado a zonas extremas (+15-25% H/I). Requiere leña seca (<25% hum) o pellet certificado.,https://www.solotodo.cl/products/274165
63486,Estufas,BetterLife,NB-PSC,BetterLife NB-PSC,Estufa a Pellet,Pellet,1200 g/hora,"0,850 (85%)",-,6200 W / 21000 BTU/h,100 m2,829990,Falabella Marketplace (OXIMIXO),"https://www.falabella.com/falabella-cl/product/142014118/Estufa-Pellet-6,2-Kw-100-M2-Wifi-+-Kit-De-Instalacion/142014120",829990,722990,Travel Tienda,3,"Falabella Marketplace (OXIMIXO): $749,990 | Travel Tienda: $722,990 | Falabella Marketplace (OXIMIXO): $829,990",$ 120.000 (Kit cañones inox / pasamuros),$ 45.000 / año (Deshollinado / crisol),Certificación SEC QR: 389584 | Peso: 0.1 kg | Dimensiones: 403 x 525 x 92 mm | Flete volumen pesado a zonas extremas (+15-25% H/I). Requiere leña seca (<25% hum) o pellet certificado.,https://www.solotodo.cl/products/63486
395109,Estufas,BetterLife,NB-PSC Burdeo,BetterLife NB-PSC Burdeo,Estufa a Pellet,Pellet,1200 g/hora,"0,850 (85%)",-,6200 W / 21000 BTU/h,100 m2,829990,Falabella Marketplace (OXIMIXO),https://www.falabella.com/falabella-cl/product/154503964/estufa-pellet-6-2-kw-100-m2-wifi-burdeo-kit-de-instalacion/154503965,829990,749990,Falabella Marketplace (OXIMIXO),2,"Falabella Marketplace (OXIMIXO): $829,990 | Falabella Marketplace (OXIMIXO): $749,990",$ 120.000 (Kit cañones inox / pasamuros),$ 45.000 / año (Deshollinado / crisol),Certificación SEC QR: 389584 | Peso: 0.1 kg | Dimensiones: 403 x 525 x 92 mm | Flete volumen pesado a zonas extremas (+15-25% H/I). Requiere leña seca (<25% hum) o pellet certificado.,https://www.solotodo.cl/products/395109
278254,Estufas,Alcazar,Calbuco L90 - Amarillo,Alcazar Calbuco L90 - Amarillo,Estufa a Leña Combustión Lenta,Leña,"1,5 - 3,0 kg/hora (estándar)","0,650 (65%)",-,-,No especificado,829990,Easy,https://www.easy.cl/cocina-a-lena-calbuco-l90-61-lt-amarillo-1417366/p,829990,829990,Easy,1,"Easy: $829,990",$ 120.000 (Kit cañones / sellado techumbre),$ 30.000 / año (Deshollinado),Peso: 136.0 kg | Dimensiones: 920 x 900 x 620 mm | Capacidad Estanque/Tolva: 61.0 L/kg | Flete volumen pesado a zonas extremas (+15-25% H/I). Requiere leña seca (<25% hum) o pellet certificado.,https://www.solotodo.cl/products/278254
388217,Estufas,Alcazar,Backer,Alcazar Backer,Estufa a Pellet,Pellet,9800.0 kW térmico,"0,850 (85%)",-,9800 W / 33438 BTU/h / 9800.0 kW,180 m2,799990,Falabella Marketplace (ALCAZAR),https://www.falabella.com/falabella-cl/product/156544167/estufa-a-pellet-con-wifi-backer/156544168,799990,739990,Sodimac,3,"Easy: $749,990 | Sodimac: $739,990 | Falabella Marketplace (ALCAZAR): $799,990",$ 120.000 (Kit cañones inox / pasamuros),$ 45.000 / año (Deshollinado / crisol),Certificación SEC QR: 590768 | Peso: 62.0 kg | Dimensiones: 430 x 900 x 450 mm | Capacidad Estanque/Tolva: 20.0 L/kg | Flete volumen pesado a zonas extremas (+15-25% H/I). Requiere leña seca (<25% hum) o pellet certificado.,https://www.solotodo.cl/products/388217
402173,Estufas,Bosca,Gold 500 Insert U,Bosca Gold 500 Insert U,Estufa a Leña Combustión Lenta,Leña,"1,5 - 3,0 kg/hora (estándar)",0.670 (67%),-,12000 W / 10320 Kcal/h / 40944 BTU/h,220 m2,799990,Precio referencia SoloTodo,,799990,799990,Precio referencia SoloTodo,0,,$ 120.000 (Kit cañones / sellado techumbre),$ 30.000 / año (Deshollinado),Certificación SEC QR: 588119 | Peso: 90.0 kg | Dimensiones: 770 x 635 x 550 mm | Flete volumen pesado a zonas extremas (+15-25% H/I). Requiere leña seca (<25% hum) o pellet certificado.,https://www.solotodo.cl/products/402173
274163,Estufas,Alcazar,Calbuco L90 - Blanco,Alcazar Calbuco L90 - Blanco,Estufa a Leña Combustión Lenta,Leña,"1,5 - 3,0 kg/hora (estándar)","0,650 (65%)",-,-,No especificado,779990,Easy,https://www.easy.cl/cocina-a-lena-calbuco-l90-blanca-61-lt-1417372/p,749990,779990,Easy,1,"Easy: $779,990",$ 120.000 (Kit cañones / sellado techumbre),$ 30.000 / año (Deshollinado),Peso: 136.0 kg | Dimensiones: 920 x 900 x 620 mm | Capacidad Estanque/Tolva: 61.0 L/kg | Flete volumen pesado a zonas extremas (+15-25% H/I). Requiere leña seca (<25% hum) o pellet certificado.,https://www.solotodo.cl/products/274163
87338,Estufas,Bosca,Gold 500 (Rojo),Bosca Gold 500 (Rojo),Estufa a Leña Combustión Lenta,Leña,2500 g/hora,"0,650 (65%)",-,12000 W / 10318 Kcal/h / 40946 BTU/h,220 m2,769990,Mercado Libre (Bosca),https://www.mercadolibre.cl/up/MLCU2864317577?pdp_filters=official_store%3Aall,769990,549990,Easy,8,"Sodimac: $589,990 | Travel Tienda: $619,990 | Easy: $549,990 | Falabella Marketplace (BOSCA): $729,990 | Easy: $749,990 (+3 más)",$ 120.000 (Kit cañones / sellado techumbre),$ 30.000 / año (Deshollinado),Certificación SEC QR: 476302 | Peso: 93.1 kg | Dimensiones: 692 x 783 x 432 mm | Flete volumen pesado a zonas extremas (+15-25% H/I). Requiere leña seca (<25% hum) o pellet certificado.,https://www.solotodo.cl/products/87338
256546,Estufas,Bosca,Gold 500 (Burdeo),Bosca Gold 500 (Burdeo),Estufa a Leña Combustión Lenta,Leña,2500 g/hora / 12000.0 kW térmico,0.660 (66%),-,12000 W / 10318 Kcal/h / 40946 BTU/h / 12000.0 kW,220 m2,769990,Falabella Marketplace (BOSCA),https://www.falabella.com/falabella-cl/product/133301681/pack-estufa-a-lena-gold-500-black-vision-burdeo-kit-de-instalacion/133301684,769990,559990,Easy,9,"Falabella Marketplace (BOSCA): $769,990 | Sodimac: $689,990 | Sodimac: $669,990 | Easy: $709,990 | Easy: $559,990 (+4 más)",$ 120.000 (Kit cañones / sellado techumbre),$ 30.000 / año (Deshollinado),Certificación SEC QR: 476302 | Peso: 93.1 kg | Dimensiones: 692 x 783 x 432 mm | Flete volumen pesado a zonas extremas (+15-25% H/I). Requiere leña seca (<25% hum) o pellet certificado.,https://www.solotodo.cl/products/256546
360573,Estufas,Amesti,Bambu 6000 (Blanco),Amesti Bambu 6000 (Blanco),Estufa a Pellet,Pellet,1400 g/hora / 6.3 kW térmico,"0,850 (85%)",-,6300 W / 6.3 kW,118 m2,749990,Sodimac,https://www.sodimac.cl/sodimac-cl/articulo/140823991/product/140823992,749990,749990,Sodimac,1,"Sodimac: $749,990",$ 120.000 (Kit cañones inox / pasamuros),$ 45.000 / año (Deshollinado / crisol),Certificación SEC QR: 499848 | Peso: 65.0 kg | Dimensiones: 496 x 775 x 448 mm | Capacidad Estanque/Tolva: 11.0 L/kg | Flete volumen pesado a zonas extremas (+15-25% H/I). Requiere leña seca (<25% hum) o pellet certificado.,https://www.solotodo.cl/products/360573
357073,Estufas,Amesti,Bambu 6000,Amesti Bambu 6000,Estufa a Pellet,Pellet,1400 g/hora / 6.3 kW térmico,"0,850 (85%)",-,6300 W / 6.3 kW,118 m2,749900,Falabella Marketplace (AMESTI),https://www.falabella.com/falabella-cl/product/135943693/Estufa-a-pellet-Bambu-6000-Negro-Amesti…/135943694,749900,749900,Falabella Marketplace (AMESTI),1,"Falabella Marketplace (AMESTI): $749,900",$ 120.000 (Kit cañones inox / pasamuros),$ 45.000 / año (Deshollinado / crisol),Certificación SEC QR: 499848 | Peso: 65.0 kg | Dimensiones: 496 x 775 x 448 mm | Capacidad Estanque/Tolva: 11.0 L/kg | Flete volumen pesado a zonas extremas (+15-25% H/I). Requiere leña seca (<25% hum) o pellet certificado.,https://www.solotodo.cl/products/357073
132282,Estufas,Amesti,Classic 500 (Negro),Amesti Classic 500 (Negro),Estufa a Leña Combustión Lenta,Leña,1000 g/hora,"0,650 (65%)",-,11521 Kcal/h,180 m2,739900,Falabella Marketplace (AMESTI),https://www.falabella.com/falabella-cl/product/153890585/combo-estufa-lena-classic-500-negro-kit-instalacion-6/153890586,739900,559990,Easy,6,"Easy: $559,990 | Sodimac: $599,990 | Travel Tienda: $619,990 | Easy: $559,990 | Falabella Marketplace (AMESTI): $599,900 (+1 más)",$ 120.000 (Kit cañones / sellado techumbre),$ 30.000 / año (Deshollinado),Certificación SEC QR: 367736 | Peso: 142.0 kg | Dimensiones: 740 x 800 x 460 mm | Flete volumen pesado a zonas extremas (+15-25% H/I). Requiere leña seca (<25% hum) o pellet certificado.,https://www.solotodo.cl/products/132282
37800,Estufas,Toyotomi,FF-V30T,Toyotomi FF-V30T,Estufa Kerosene Láser Tiro Forzado,Kerosene / Parafina,340 ml/hora,"0,927 (92,7%)",-,10200 BTU/h,60 m2,719990,Tienda Toyotomi,https://toyotomi.cl/product/estufa-kerosene-tiro-forzado-3-kw-ff-v30t-wifi/,719990,699990,Tienda Toyotomi,2,"Tienda Toyotomi: $699,990 | Tienda Toyotomi: $719,990",$ 75.000 (Perforación mural hermética),$ 35.000 / año (Sensores y quemador),Peso: 15.0 kg | Dimensiones: 460 x 540 x 300 mm | Capacidad Estanque/Tolva: 5.3 L/kg | Perforación exterior obligatoria. No apto >1500 msnm sin ajuste técnico.,https://www.solotodo.cl/products/37800
242584,Estufas,Amesti,Bambú 6000,Amesti Bambú 6000,Estufa a Leña Combustión Lenta,Leña,6.3 kW térmico,0.870 (87%),-,6300 W / 6.3 kW,118 m2,709990,Sodimac,https://www.sodimac.cl/sodimac-cl/articulo/129722195/product/129722196,709990,709990,Easy,2,"Sodimac: $709,990 | Easy: $709,990",$ 120.000 (Kit cañones / sellado techumbre),$ 30.000 / año (Deshollinado),Certificación SEC QR: 499848 | Peso: 65.0 kg | Dimensiones: 496 x 775 x 448 mm | Flete volumen pesado a zonas extremas (+15-25% H/I). Requiere leña seca (<25% hum) o pellet certificado.,https://www.solotodo.cl/products/242584
37811,Estufas,Toyotomi,FF-V30,Toyotomi FF-V30,Estufa Kerosene Láser Tiro Forzado,Kerosene / Parafina,340 ml/hora,"0,927 (92,7%)",-,10200 BTU/h,60 m2,699990,Tienda Toyotomi,https://toyotomi.cl/product/estufa-kerosene-tiro-forzado-3-kw-ff-v30/,699990,699990,Tienda Toyotomi,1,"Tienda Toyotomi: $699,990",$ 75.000 (Perforación mural hermética),$ 35.000 / año (Sensores y quemador),Peso: 15.0 kg | Dimensiones: 460 x 540 x 300 mm | Perforación exterior obligatoria. No apto >1500 msnm sin ajuste técnico.,https://www.solotodo.cl/products/37811
102986,Estufas,Bosca,Limit 480,Bosca Limit 480,Estufa a Leña Combustión Lenta,Leña,"1,5 - 3,0 kg/hora (estándar)","0,650 (65%)",-,11952 Kcal/h,220 m2,675990,Falabella Marketplace (Construplaza),https://www.falabella.com/falabella-cl/product/148176095/Pack-Bosca-Estufa-A-Lena-Limit-480-+-Kit-De-Instalacion/148176096,675990,459990,Easy,13,"Sodimac: $462,290 | Falabella Marketplace (BOSCA): $629,990 | Easy: $459,990 | Travel Tienda: $499,990 | Sodimac: $589,990 (+8 más)",$ 120.000 (Kit cañones / sellado techumbre),$ 30.000 / año (Deshollinado),Certificación SEC QR: 357852 | Peso: 88.0 kg | Dimensiones: 516 x 921 x 495 mm | Flete volumen pesado a zonas extremas (+15-25% H/I). Requiere leña seca (<25% hum) o pellet certificado.,https://www.solotodo.cl/products/102986
357083,Estufas,Amesti,Corner 650,Amesti Corner 650,Estufa a Leña Combustión Lenta,Leña,"1,5 - 3,0 kg/hora (estándar)",0.620 (62%),-,11000 W,200 m2,669990,ABC,https://www.abc.cl/calefactor-a-lena-amesti-corner-650-gris/28095643.html,669990,589990,Falabella Marketplace (Mimbral),3,"Hites: $649,990 | ABC: $669,990 | Falabella Marketplace (Mimbral): $589,990",$ 120.000 (Kit cañones / sellado techumbre),$ 30.000 / año (Deshollinado),Certificación SEC QR: 493284 | Peso: 73.0 kg | Dimensiones: 636 x 1000 x 410 mm | Flete volumen pesado a zonas extremas (+15-25% H/I). Requiere leña seca (<25% hum) o pellet certificado.,https://www.solotodo.cl/products/357083
274164,Estufas,Alcazar,Calbuco MZ 80 - Negro,Alcazar Calbuco MZ 80 - Negro,Estufa a Leña Combustión Lenta,Leña,"1,5 - 3,0 kg/hora (estándar)","0,650 (65%)",-,-,No especificado,659990,Easy,https://www.easy.cl/cocina-a-lena-calbuco-mz80-negra-40-lt-1417381/p,649990,659990,Easy,1,"Easy: $659,990",$ 120.000 (Kit cañones / sellado techumbre),$ 30.000 / año (Deshollinado),Peso: 130.0 kg | Dimensiones: 820 x 840 x 560 mm | Capacidad Estanque/Tolva: 40.0 L/kg | Flete volumen pesado a zonas extremas (+15-25% H/I). Requiere leña seca (<25% hum) o pellet certificado.,https://www.solotodo.cl/products/274164
45158,Estufas,Bosca,Gold 380 (Negro),Bosca Gold 380 (Negro),Estufa a Leña Combustión Lenta,Leña,1000 g/hora,"0,650 (65%)",-,10600 W / 9114 Kcal/h / 36168 BTU/h,180 m2,649990,ABC,https://www.abc.cl/pack-calef.-bosca-a-lena-gold-380-charcoal-kit-base/29202230.html,649990,444490,Sodimac,6,"Sodimac: $444,490 | Travel Tienda: $489,990 | Easy: $489,990 | Falabella Marketplace (BOSCA): $499,990 | ABC: $649,990 (+1 más)",$ 120.000 (Kit cañones / sellado techumbre),$ 30.000 / año (Deshollinado),Certificación SEC QR: 9900000002772 | Peso: 93.0 kg | Dimensiones: 501 x 779 x 489 mm | Flete volumen pesado a zonas extremas (+15-25% H/I). Requiere leña seca (<25% hum) o pellet certificado.,https://www.solotodo.cl/products/45158
38520,Estufas,Bosca,Gold 380 (Burdeo),Bosca Gold 380 (Burdeo),Estufa a Leña Combustión Lenta,Leña,1000 g/hora,"0,650 (65%)",-,10600 W / 9114 Kcal/h / 36168 BTU/h,180 m2,649990,ABC,https://www.abc.cl/pack-calef.-bosca-a-lena-gold-380-burdeo-kit-bas/29202249.html,649990,449990,Sodimac,7,"Sodimac: $449,990 | Travel Tienda: $489,990 | Easy: $469,990 | Falabella Marketplace (BOSCA): $499,990 | Falabella Marketplace (Mimbral): $489,990 (+2 más)",$ 120.000 (Kit cañones / sellado techumbre),$ 30.000 / año (Deshollinado),Certificación SEC QR: 9900000002772 | Peso: 93.0 kg | Dimensiones: 501 x 779 x 489 mm | Flete volumen pesado a zonas extremas (+15-25% H/I). Requiere leña seca (<25% hum) o pellet certificado.,https://www.solotodo.cl/products/38520
52549,Estufas,Amesti,Classic 500 (Rojo),Amesti Classic 500 (Rojo),Estufa a Leña Combustión Lenta,Leña,"1,5 - 3,0 kg/hora (estándar)","0,650 (65%)",-,10834 Kcal/h,223 m2,649990,Hites,https://www.hites.com/estufa-lena-amesti-classic-500-roja-762506001.html,649990,559990,Sodimac,6,"Hites: $649,990 | Hites: $649,990 | Sodimac: $559,990 | Travel Tienda: $619,990 | ABC: $579,990 (+1 más)",$ 120.000 (Kit cañones / sellado techumbre),$ 30.000 / año (Deshollinado),Certificación SEC QR: 367736 | Peso: 142.0 kg | Dimensiones: 740 x 810 x 460 mm | Flete volumen pesado a zonas extremas (+15-25% H/I). Requiere leña seca (<25% hum) o pellet certificado.,https://www.solotodo.cl/products/52549
389893,Estufas,Alcazar,Puelo,Alcazar Puelo,Estufa a Pellet,Pellet,560 g/hora / 5.4 kW térmico,0.860 (86%),-,5400 W / 5.4 kW,90 m2,649990,Falabella Marketplace (ALCAZAR),https://www.falabella.com/falabella-cl/product/153268416/estufa-a-pellet-puelo-wifi/153268417,649990,569990,Sodimac,3,"Sodimac: $569,990 | Easy: $589,990 | Falabella Marketplace (ALCAZAR): $649,990",$ 120.000 (Kit cañones inox / pasamuros),$ 45.000 / año (Deshollinado / crisol),Certificación SEC QR: 590181 | Dimensiones: 650 x 705 x 240 mm | Flete volumen pesado a zonas extremas (+15-25% H/I). Requiere leña seca (<25% hum) o pellet certificado.,https://www.solotodo.cl/products/389893
386241,Estufas,Alcazar,Yelcho,Alcazar Yelcho,Estufa a Pellet,Pellet,7.2 kW térmico,"0,850 (85%)",-,7200 W / 24567 BTU/h / 7.2 kW,110 m2,649990,Easy,https://www.easy.cl/estufa-a-pellet-yelcho-72-kw-gris-oscuro-1511995/p,629990,649990,Easy,1,"Easy: $649,990",$ 120.000 (Kit cañones inox / pasamuros),$ 45.000 / año (Deshollinado / crisol),Certificación SEC QR: 569366 | Peso: 53.0 kg | Dimensiones: 430 x 746 x 487 mm | Capacidad Estanque/Tolva: 11.0 L/kg | Flete volumen pesado a zonas extremas (+15-25% H/I). Requiere leña seca (<25% hum) o pellet certificado.,https://www.solotodo.cl/products/386241
37956,Estufas,Amesti,Rondo 490,Amesti Rondo 490,Estufa a Leña Combustión Lenta,Leña,1000 g/hora,"0,650 (65%)",-,13500 Kcal/h,190 m2,639990,ABC,https://www.abc.cl/calefactor-a-lena-amesti-rondo-490-gris/27367712.html,639990,539990,Easy,4,"Easy: $539,990 | Travel Tienda: $588,990 | Hites: $619,990 | ABC: $639,990",$ 120.000 (Kit cañones / sellado techumbre),$ 30.000 / año (Deshollinado),Certificación SEC QR: 410795 | Peso: 98.0 kg | Dimensiones: 600 x 930 x 490 mm | Flete volumen pesado a zonas extremas (+15-25% H/I). Requiere leña seca (<25% hum) o pellet certificado.,https://www.solotodo.cl/products/37956
276724,Estufas,Alcazar,Puelche 600,Alcazar Puelche 600,Estufa a Leña Combustión Lenta,Leña,"1,5 - 3,0 kg/hora (estándar)","0,650 (65%)",-,16000 W,240 m2,634990,Travel Tienda,https://tienda.travel.cl/alcazar/estufa-a-le%C3%B1a-alcazar-puelche-600/SKU125698,634990,529990,Sodimac,4,"Falabella Marketplace (ALCAZAR): $594,990 | Travel Tienda: $634,990 | Sodimac: $529,990 | Easy: $539,990",$ 120.000 (Kit cañones / sellado techumbre),$ 30.000 / año (Deshollinado),Certificación SEC QR: 537460 | Dimensiones: 579 x 1000 x 536 mm | Flete volumen pesado a zonas extremas (+15-25% H/I). Requiere leña seca (<25% hum) o pellet certificado.,https://www.solotodo.cl/products/276724
37966,Estufas,Bosca,Limit 380,Bosca Limit 380,Estufa a Leña Combustión Lenta,Leña,1000 g/hora,"0,650 (65%)",-,9888 Kcal/h,180 m2,629990,Falabella Marketplace (BOSCA),https://www.falabella.com/falabella-cl/product/129223126/Pack-Estufa-a-Lena-Limit-380-+-kit-de-Instalacion/129223127,629990,449990,Falabella Marketplace (Mimbral),12,"Sodimac: $479,990 | Travel Tienda: $468,990 | Falabella Marketplace (BOSCA): $629,990 | Sodimac: $559,990 | ABC: $479,990 (+7 más)",$ 120.000 (Kit cañones / sellado techumbre),$ 30.000 / año (Deshollinado),Certificación SEC QR: 476232 | Peso: 79.9 kg | Dimensiones: 446 x 841 x 495 mm | Flete volumen pesado a zonas extremas (+15-25% H/I). Requiere leña seca (<25% hum) o pellet certificado.,https://www.solotodo.cl/products/37966
37950,Estufas,Amesti,Classic 400 (Rojo),Amesti Classic 400 (Rojo),Estufa a Leña Combustión Lenta,Leña,1000 g/hora,"0,650 (65%)",-,9000 Kcal/h,150 m2,629900,Falabella Marketplace (AMESTI),https://www.falabella.com/falabella-cl/product/153890990/combo-estufa-lena-classic-400-rojo-kit-instalacion-6/153890993,629900,489900,Falabella Marketplace (AMESTI),5,"Hites: $529,990 | Travel Tienda: $509,990 | Falabella Marketplace (AMESTI): $489,900 | ABC: $549,990 | Falabella Marketplace (AMESTI): $629,900",$ 120.000 (Kit cañones / sellado techumbre),$ 30.000 / año (Deshollinado),Certificación SEC QR: 410795 | Peso: 97.0 kg | Dimensiones: 540 x 810 x 470 mm | Flete volumen pesado a zonas extremas (+15-25% H/I). Requiere leña seca (<25% hum) o pellet certificado.,https://www.solotodo.cl/products/37950
273921,Estufas,Alcazar,Patagonia 600,Alcazar Patagonia 600,Estufa a Leña Combustión Lenta,Leña,12.0 kW térmico,"0,650 (65%)",-,40945 BTU/h / 12.0 kW,200 m2,624990,Travel Tienda,https://tienda.travel.cl/alcazar/estufa-a-le%C3%B1a-alcazar-patagonia-600-gris/SKU125693,624990,559990,Sodimac,3,"Easy: $559,990 | Travel Tienda: $624,990 | Sodimac: $559,990",$ 120.000 (Kit cañones / sellado techumbre),$ 30.000 / año (Deshollinado),Certificación SEC QR: 537467 | Peso: 106.0 kg | Dimensiones: 627 x 802 x 467 mm | Flete volumen pesado a zonas extremas (+15-25% H/I). Requiere leña seca (<25% hum) o pellet certificado.,https://www.solotodo.cl/products/273921
274175,Estufas,Alcazar,Patagonia 600 - Burdeo,Alcazar Patagonia 600 - Burdeo,Estufa a Leña Combustión Lenta,Leña,12.0 kW térmico,"0,650 (65%)",-,40945 BTU/h / 12.0 kW,200 m2,624990,Travel Tienda,https://tienda.travel.cl/alcazar/estufa-a-le%C3%B1a-alcazar-patagonia-600-burdeo/SKU125696,624990,559990,Sodimac,3,"Easy: $559,990 | Travel Tienda: $624,990 | Sodimac: $559,990",$ 120.000 (Kit cañones / sellado techumbre),$ 30.000 / año (Deshollinado),Certificación SEC QR: 537467 | Peso: 106.0 kg | Dimensiones: 627 x 802 x 467 mm | Flete volumen pesado a zonas extremas (+15-25% H/I). Requiere leña seca (<25% hum) o pellet certificado.,https://www.solotodo.cl/products/274175
37962,Estufas,Bosca,Eco 380,Bosca Eco 380,Estufa a Leña Combustión Lenta,Leña,1000 g/hora,"0,650 (65%)",-,9888 Kcal/h,180 m2,609990,Mercado Libre (Bosca),https://www.mercadolibre.cl/up/MLCU61356290?pdp_filters=official_store%3Aall,609990,399990,Sodimac,11,"Easy: $419,990 | Sodimac: $399,990 | Travel Tienda: $449,990 | Sodimac: $519,990 | Easy: $559,990 (+6 más)",$ 120.000 (Kit cañones / sellado techumbre),$ 30.000 / año (Deshollinado),Certificación SEC QR: 9900000001841 | Peso: 79.9 kg | Dimensiones: 446 x 841 x 495 mm | Flete volumen pesado a zonas extremas (+15-25% H/I). Requiere leña seca (<25% hum) o pellet certificado.,https://www.solotodo.cl/products/37962
263132,Estufas,Amesti,Bernini Boiler Inserto,Amesti Bernini Boiler Inserto,Estufa a Leña Combustión Lenta,Leña,"1,5 - 3,0 kg/hora (estándar)","0,650 (65%)",-,-,No especificado,609990,Travel Tienda,https://tienda.travel.cl/le%C3%B1a-y-pellets/pack-estufa-a-le%C3%B1a-bosca-eco-380-kit-de-instalaci%C3%B3n/SKU143343,609990,609990,Travel Tienda,1,"Travel Tienda: $609,990",$ 120.000 (Kit cañones / sellado techumbre),$ 30.000 / año (Deshollinado),Peso: 133.5 kg | Dimensiones: 750 x 620 x 500 mm | Flete volumen pesado a zonas extremas (+15-25% H/I). Requiere leña seca (<25% hum) o pellet certificado.,https://www.solotodo.cl/products/263132
38578,Estufas,Toyotomi,LC-53 (Wood),Toyotomi LC-53 (Wood),Estufa Kerosene Láser (Electrónica),Kerosene / Parafina,484 ml/hora,"0,800 (80%)",-,4290 Kcal/h / 17000 BTU/h,120 m2,599990,Tienda Toyotomi,https://toyotomi.cl/product/estufa-laser-5-kw-lc-53-madera/,599990,599990,Tienda Toyotomi,1,"Tienda Toyotomi: $599,990",$ 0 (Portátil),$ 35.000 / año (Limpieza sensores),Certificación SEC QR: 9900000002352 | Peso: 13.5 kg | Dimensiones: 550 x 445 x 328 mm | Capacidad Estanque/Tolva: 7.6 L/kg | En Zona H (>1500 msnm) requiere modelo de alta altitud por baja presión de O2.,https://www.solotodo.cl/products/38578
38053,Estufas,Toyotomi,LC-53 (Naranjo),Toyotomi LC-53 (Naranjo),Estufa Kerosene Láser (Electrónica),Kerosene / Parafina,484 ml/hora,"0,800 (80%)",-,4290 Kcal/h / 17000 BTU/h,120 m2,599990,Tienda Toyotomi,https://toyotomi.cl/product/estufa-laser-5-kw-lc-53-naranja/,599990,599990,Tienda Toyotomi,1,"Tienda Toyotomi: $599,990",$ 0 (Portátil),$ 35.000 / año (Limpieza sensores),Peso: 13.5 kg | Dimensiones: 550 x 445 x 328 mm | Capacidad Estanque/Tolva: 7.6 L/kg | En Zona H (>1500 msnm) requiere modelo de alta altitud por baja presión de O2.,https://www.solotodo.cl/products/38053
37826,Estufas,Amesti,Nordic 380,Amesti Nordic 380,Estufa a Leña Combustión Lenta,Leña,1000 g/hora,"0,650 (65%)",-,9000 Kcal/h,150 m2,599900,Falabella Marketplace (AMESTI),https://www.falabella.com/falabella-cl/product/153892432/combo-estufa-lena-nordic-380-kit-instalacion-6/153892434,599900,429990,Easy,5,"Easy: $429,990 | Hites: $499,990 | Falabella Marketplace (AMESTI): $459,900 | Travel Tienda: $479,990 | Falabella Marketplace (AMESTI): $599,900",$ 120.000 (Kit cañones / sellado techumbre),$ 30.000 / año (Deshollinado),Certificación SEC QR: 411040 | Dimensiones: 470 x 740 x 510 mm | Flete volumen pesado a zonas extremas (+15-25% H/I). Requiere leña seca (<25% hum) o pellet certificado.,https://www.solotodo.cl/products/37826
37852,Estufas,Bosca,Limit 350,Bosca Limit 350,Estufa a Leña Combustión Lenta,Leña,"1,5 - 3,0 kg/hora (estándar)","0,650 (65%)",-,7500 W / 6449 Kcal/h,130 m2,589990,Easy,https://www.easy.cl/calefactora-lena-limit-380-kit-base-6-x4-mts-1417463/p,559990,328890,Sodimac,15,"Sodimac: $328,890 | Travel Tienda: $359,990 | Easy: $589,990 | Sodimac: $449,990 | Easy: $349,990 (+10 más)",$ 120.000 (Kit cañones / sellado techumbre),$ 30.000 / año (Deshollinado),Certificación SEC QR: 476259 | Peso: 59.8 kg | Dimensiones: 380 x 713 x 495 mm | Flete volumen pesado a zonas extremas (+15-25% H/I). Requiere leña seca (<25% hum) o pellet certificado.,https://www.solotodo.cl/products/37852
37961,Estufas,Bosca,Limit 360,Bosca Limit 360,Estufa a Leña Combustión Lenta,Leña,1000 g/hora,"0,650 (65%)",-,8083 Kcal/h,130 m2,569990,Easy,https://www.easy.cl/calefactora-lena-limit-360-kit-base-6-x4-mts-1417462/p,569990,389990,Easy,11,"Travel Tienda: $399,990 | Falabella Marketplace (BOSCA): $539,990 | Sodimac: $499,990 | Easy: $389,990 | Easy: $569,990 (+6 más)",$ 120.000 (Kit cañones / sellado techumbre),$ 30.000 / año (Deshollinado),Certificación SEC QR: 357852 | Peso: 67.7 kg | Dimensiones: 421 x 757 x 495 mm | Flete volumen pesado a zonas extremas (+15-25% H/I). Requiere leña seca (<25% hum) o pellet certificado.,https://www.solotodo.cl/products/37961
37955,Estufas,Amesti,Nordic 450,Amesti Nordic 450,Estufa a Leña Combustión Lenta,Leña,1000 g/hora,"0,650 (65%)",-,12000 Kcal/h,180 m2,569990,Falabella Marketplace (Mimbral),https://www.falabella.com/falabella-cl/product/142208759/Estufa-a-lena-Nordic-450-Amesti/142208760,569990,469990,Easy,6,"Easy: $469,990 | Hites: $539,990 | Travel Tienda: $499,900 | ABC: $559,990 | Falabella Marketplace (Mimbral): $569,990 (+1 más)",$ 120.000 (Kit cañones / sellado techumbre),$ 30.000 / año (Deshollinado),Certificación SEC QR: 355644 | Peso: 101.0 kg | Dimensiones: 500 x 800 x 510 mm | Flete volumen pesado a zonas extremas (+15-25% H/I). Requiere leña seca (<25% hum) o pellet certificado.,https://www.solotodo.cl/products/37955
37848,Estufas,Amesti,Scantek 380,Amesti Scantek 380,Estufa a Leña Combustión Lenta,Leña,1000 g/hora,"0,650 (65%)",-,9000 Kcal/h,169 m2,559990,ABC,https://www.abc.cl/calefactor-a-lena-amesti-scantek-380-gris/27367640.html,559990,419990,Sodimac,6,"Easy: $419,990 | Hites: $489,990 | Sodimac: $419,990 | Travel Tienda: $449,900 | Falabella Marketplace (AMESTI): $449,900 (+1 más)",$ 120.000 (Kit cañones / sellado techumbre),$ 30.000 / año (Deshollinado),Certificación SEC QR: 479671 | Dimensiones: 470 x 760 x 500 mm | Flete volumen pesado a zonas extremas (+15-25% H/I). Requiere leña seca (<25% hum) o pellet certificado.,https://www.solotodo.cl/products/37848
273967,Estufas,Alcazar,Patagonia 480 - Burdeo,Alcazar Patagonia 480 - Burdeo,Estufa a Leña Combustión Lenta,Leña,"1,5 - 3,0 kg/hora (estándar)","0,650 (65%)",-,9000 W,150 m2,559990,Sodimac,https://www.sodimac.cl/sodimac-cl/articulo/143359806/product/143359807,559990,519990,Falabella Marketplace (ALCAZAR),4,"Easy: $529,990 | Travel Tienda: $546,990 | Sodimac: $559,990 | Falabella Marketplace (ALCAZAR): $519,990",$ 120.000 (Kit cañones / sellado techumbre),$ 30.000 / año (Deshollinado),Certificación SEC QR: 501995 | Dimensiones: N/A mm | Flete volumen pesado a zonas extremas (+15-25% H/I). Requiere leña seca (<25% hum) o pellet certificado.,https://www.solotodo.cl/products/273967
37964,Estufas,Bosca,Eco 360,Bosca Eco 360,Estufa a Leña Combustión Lenta,Leña,1000 g/hora,"0,650 (65%)",-,9480 Kcal/h,130 m2,555990,Falabella Marketplace (Construplaza),https://www.falabella.com/falabella-cl/product/148190034/pack-bosca-estufa-a-lena-eco-360-kit-de-instalacion/148190035,555990,359990,ABC,14,"Easy: $369,990 | Sodimac: $369,990 | Falabella Marketplace (BOSCA): $519,990 | Travel Tienda: $389,990 | Sodimac: $489,990 (+9 más)",$ 120.000 (Kit cañones / sellado techumbre),$ 30.000 / año (Deshollinado),Certificación SEC QR: 476283 | Peso: 57.5 kg | Dimensiones: 421 x 677 x 495 mm | Flete volumen pesado a zonas extremas (+15-25% H/I). Requiere leña seca (<25% hum) o pellet certificado.,https://www.solotodo.cl/products/37964
37963,Estufas,Bosca,Eco 350,Bosca Eco 350,Estufa a Leña Combustión Lenta,Leña,1000 g/hora,"0,650 (65%)",-,7566 Kcal/h,130 m2,549990,Mercado Libre (Bosca),https://www.mercadolibre.cl/up/MLCU3704361905?pdp_filters=official_store%3Aall,549990,319990,ABC,16,"Easy: $349,990 | Sodimac: $349,990 | Travel Tienda: $341,990 | Sodimac: $439,990 | ABC: $319,990 (+11 más)",$ 120.000 (Kit cañones / sellado techumbre),$ 30.000 / año (Deshollinado),Certificación SEC QR: 476274 | Peso: 50.5 kg | Dimensiones: 380 x 607 x 495 mm | Flete volumen pesado a zonas extremas (+15-25% H/I). Requiere leña seca (<25% hum) o pellet certificado.,https://www.solotodo.cl/products/37963
37960,Estufas,Bosca,Multibosca 350,Bosca Multibosca 350,Estufa a Leña Combustión Lenta,Leña,1000 g/hora,"0,650 (65%)",-,6449 Kcal/h,130 m2,549990,Falabella Marketplace (BOSCA),https://www.falabella.com/falabella-cl/product/147783265/Pack-Calefactor-Bosca-A-Lena-Multibosca-350-+-Kit-de-Instalacion/147783266,549990,355590,Sodimac,11,"Easy: $399,990 | Sodimac: $355,590 | Falabella Marketplace (BOSCA): $399,990 | Travel Tienda: $389,990 | Falabella Marketplace (BOSCA): $549,990 (+6 más)",$ 120.000 (Kit cañones / sellado techumbre),$ 30.000 / año (Deshollinado),Certificación SEC QR: 9900000002682 | Peso: 60.7 kg | Dimensiones: 380 x 713 x 495 mm | Flete volumen pesado a zonas extremas (+15-25% H/I). Requiere leña seca (<25% hum) o pellet certificado.,https://www.solotodo.cl/products/37960
270325,Estufas,Toyotomi,LC-44 Wood,Toyotomi LC-44 Wood,Estufa Kerosene Láser (Electrónica),Kerosene / Parafina,109 ml/hora,"0,800 (80%)",-,4200 W / 3612 Kcal/h / 14340 BTU/h,60 m2,549990,Falabella,"https://www.falabella.com/falabella-cl/product/17284452/Estufa-Parafina-Laser-4,2-kW-LC-44-Wood-Toyotomi/17284452",549990,539990,Tienda Toyotomi,2,"Falabella: $549,990 | Tienda Toyotomi: $539,990",$ 0 (Portátil),$ 35.000 / año (Limpieza sensores),Certificación SEC QR: 525645 | Peso: 11.5 kg | Dimensiones: 435 x 437 x 315 mm | Capacidad Estanque/Tolva: 7.6 L/kg | En Zona H (>1500 msnm) requiere modelo de alta altitud por baja presión de O2.,https://www.solotodo.cl/products/270325
245049,Estufas,Alcazar,Patagonia 480,Alcazar Patagonia 480,Estufa a Leña Combustión Lenta,Leña,"1,5 - 3,0 kg/hora (estándar)","0,650 (65%)",-,9000 W,150 m2,546990,Travel Tienda,https://tienda.travel.cl/alcazar/estufa-a-le%C3%B1a-alcazar-patagonia-480/SKU105189,546990,419990,Easy,5,"Sodimac: $419,990 | Travel Tienda: $546,990 | Easy: $419,990 | Travel Tienda: $533,990 | Falabella Marketplace (ALCAZAR): $479,990",$ 120.000 (Kit cañones / sellado techumbre),$ 30.000 / año (Deshollinado),Certificación SEC QR: 501995 | Dimensiones: N/A mm | Flete volumen pesado a zonas extremas (+15-25% H/I). Requiere leña seca (<25% hum) o pellet certificado.,https://www.solotodo.cl/products/245049
274176,Estufas,Alcazar,Patagonia 380 - Gris,Alcazar Patagonia 380 - Gris,Estufa a Leña Combustión Lenta,Leña,9.0 kW térmico,"0,650 (65%)",-,30727 BTU/h / 9.0 kW,140 m2,539990,Travel Tienda,https://tienda.travel.cl/alcazar/estufa-a-le%C3%B1a-patagonia-380-gris/SKU125695,539990,369990,Sodimac,4,"Easy: $379,990 | Falabella Marketplace (ALCAZAR): $479,990 | Travel Tienda: $539,990 | Sodimac: $369,990",$ 120.000 (Kit cañones / sellado techumbre),$ 30.000 / año (Deshollinado),Certificación SEC QR: 537456 | Peso: 83.0 kg | Dimensiones: 457 x 781 x 475 mm | Flete volumen pesado a zonas extremas (+15-25% H/I). Requiere leña seca (<25% hum) o pellet certificado.,https://www.solotodo.cl/products/274176
272830,Estufas,Toyotomi,LC-44 Orange,Toyotomi LC-44 Orange,Estufa Kerosene Láser (Electrónica),Kerosene / Parafina,406 ml/hora,"0,800 (80%)",-,4190 W / 3610 Kcal/h / 14300 BTU/h,100 m2,539990,Tienda Toyotomi,https://toyotomi.cl/product/estufa-laser-42-kw-lc-44-orange/,539990,539990,Sodimac,2,"Tienda Toyotomi: $539,990 | Sodimac: $539,990",$ 0 (Portátil),$ 35.000 / año (Limpieza sensores),Certificación SEC QR: 9900000002291 | Peso: 12.0 kg | Dimensiones: 550 x 328 x 445 mm | Capacidad Estanque/Tolva: 7.6 L/kg | En Zona H (>1500 msnm) requiere modelo de alta altitud por baja presión de O2.,https://www.solotodo.cl/products/272830
271270,Estufas,Toyotomi,LC-44 Metallic,Toyotomi LC-44 Metallic,Estufa Kerosene Láser (Electrónica),Kerosene / Parafina,406 ml/hora,"0,800 (80%)",-,4190 W / 3610 Kcal/h / 14300 BTU/h,100 m2,539990,Tienda Toyotomi,https://toyotomi.cl/product/estufa-laser-42-kw-lc-44-metallic/,539990,539990,Tienda Toyotomi,2,"Tienda Toyotomi: $539,990 | Tienda Toyotomi: $539,990",$ 0 (Portátil),$ 35.000 / año (Limpieza sensores),Certificación SEC QR: 9900000002291 | Peso: 12.0 kg | Dimensiones: 550 x 328 x 445 mm | Capacidad Estanque/Tolva: 7.6 L/kg | En Zona H (>1500 msnm) requiere modelo de alta altitud por baja presión de O2.,https://www.solotodo.cl/products/271270
145410,Estufas,Amesti,Classic 400 (Negro),Amesti Classic 400 (Negro),Estufa a Leña Combustión Lenta,Leña,1000 g/hora,"0,650 (65%)",-,9000 Kcal/h,150 m2,529990,Hites,https://www.hites.com/estufa-a-lena-amesti-classic-400-negro-sat-941576001.html,529990,459990,Easy,8,"Sodimac: $459,990 | Falabella Marketplace (AMESTI): $489,900 | Sodimac: $476,910 | Easy: $459,990 | Travel Tienda: $509,990 (+3 más)",$ 120.000 (Kit cañones / sellado techumbre),$ 30.000 / año (Deshollinado),Certificación SEC QR: 410795 | Peso: 97.0 kg | Dimensiones: 540 x 810 x 470 mm | Flete volumen pesado a zonas extremas (+15-25% H/I). Requiere leña seca (<25% hum) o pellet certificado.,https://www.solotodo.cl/products/145410
38684,Estufas,Toyotomi,LC-HB43,Toyotomi LC-HB43,Estufa Híbrida,Gas Licuado (GLP),310 ml/hora,"0,800 (80%)",-,3440 Kcal/h,No especificado,529990,Tienda Toyotomi,https://toyotomi.cl/product/estufa-laser-hibrida-4-kw-lc-hb43/,529990,529990,Tienda Toyotomi,1,"Tienda Toyotomi: $529,990",$ 0 (Portátil),$ 20.000 / 2 años (Regulador y flexible),Certificación SEC QR: 9900000002293 | Peso: 9.5 kg | Dimensiones: 376 x 438 x 296 mm | Capacidad Estanque/Tolva: 5.4 L/kg,https://www.solotodo.cl/products/38684
238633,Estufas,Toyotomi,LC-34W (Gris),Toyotomi LC-34W (Gris),Estufa Kerosene Láser (Electrónica),Kerosene / Parafina,310 ml/hora,"0,800 (80%)",-,3190 W / 2740 Kcal/h / 11000 BTU/h,70 m2,489990,Tienda Toyotomi,https://toyotomi.cl/product/estufa-laser-wifi-32-kw-lc-34w-gris-metalico/,489990,489990,Falabella,2,"Tienda Toyotomi: $489,990 | Falabella: $489,990",$ 0 (Portátil),$ 35.000 / año (Limpieza sensores),Certificación SEC QR: 458006 458052 | Peso: 9.5 kg | Dimensiones: 376 x 438 x 296 mm | Capacidad Estanque/Tolva: 5.4 L/kg | En Zona H (>1500 msnm) requiere modelo de alta altitud por baja presión de O2.,https://www.solotodo.cl/products/238633
145409,Estufas,Amesti,Classic 400 (Blanco),Amesti Classic 400 (Blanco),Estufa a Leña Combustión Lenta,Leña,1000 g/hora,"0,650 (65%)",-,9000 Kcal/h,150 m2,489990,Falabella Marketplace (Mimbral),https://www.falabella.com/falabella-cl/product/142210551/Estufa-a-lena-Classic-400-Blanco-Amesti/142210552,489990,489990,Falabella Marketplace (Mimbral),1,"Falabella Marketplace (Mimbral): $489,990",$ 120.000 (Kit cañones / sellado techumbre),$ 30.000 / año (Deshollinado),Certificación SEC QR: 410795 | Peso: 97.0 kg | Dimensiones: 540 x 810 x 470 mm | Flete volumen pesado a zonas extremas (+15-25% H/I). Requiere leña seca (<25% hum) o pellet certificado.,https://www.solotodo.cl/products/145409
226996,Estufas,Amesti,Icon,Amesti Icon,Estufa de Patio,Gas Licuado (GLP),120 - 320 g/hora (estándar),"0,800 (80%)",-,-,No especificado,484990,Hites,https://www.hites.com/calefactor-de-patio-pellet-amesti-icon-945861001.html,484990,159990,Sodimac,4,"ABC: $189,990 | Hites: $484,990 | Travel Tienda: $179,990 | Sodimac: $159,990",$ 0 (Portátil),$ 20.000 / 2 años (Regulador y flexible),Peso: 18.0 kg | Dimensiones: 280 x 595 x 390 mm,https://www.solotodo.cl/products/226996
109657,Estufas,Kendal,KPL-36,Kendal KPL-36,Estufa Kerosene Mecha (Cámara Conv/Rad),Kerosene / Parafina,342 ml/hora,"0,800 (80%)",-,3026 Kcal/h / 12000 BTU/h,90 m2,479990,Easy,https://www.easy.cl/estufa-a-parafina-12000-btu-kpl-36-negro-kendal-1306974/p,479990,459990,Falabella Marketplace (Mar del Sur),3,"Travel Tienda: $459,990 | Easy: $479,990 | Falabella Marketplace (Mar del Sur): $459,990",$ 0 (Portátil),$ 25.000 / 2 años (Cambio mecha),Certificación SEC QR: 356323 | Peso: 12.0 kg | Dimensiones: 440 x 475 x 322 mm | Capacidad Estanque/Tolva: 7.0 L/kg | En Zona H (>1500 msnm) requiere modelo de alta altitud por baja presión de O2.,https://www.solotodo.cl/products/109657
78897,Estufas,Thomas,TH-FP105,Thomas TH-FP105,Chimenea Eléctrica Decorativa,Electricidad,2.00 kWh/hora (2000 W),"1,0 (100%)",-,2000 W / 1720 Kcal/h / 6824 BTU/h,No especificado,469990,Sodimac,https://www.sodimac.cl/sodimac-cl/articulo/110312379/product/110312385,469990,409990,ABC,3,"Sodimac: $469,990 | ABC: $409,990 | Mercado Libre (Thomas): $469,990",$ 0 (Enchufable 220V),$ 0 (Sin mantención periódica),Certificación SEC QR: 336867 | Dimensiones: 800 x 620 x 350 mm | Enchufable 220V directo. No requiere obras ni ductos.,https://www.solotodo.cl/products/78897
38034,Estufas,Toyotomi,LC-33 (Naranjo),Toyotomi LC-33 (Naranjo),Estufa Kerosene Láser (Electrónica),Kerosene / Parafina,310 ml/hora,"0,800 (80%)",-,2740 Kcal/h / 11000 BTU/h,70 m2,469990,Falabella,"https://www.falabella.com/falabella-cl/product/3925416/Estufa-Parafina-Laser-3,2-kW-LC-33-Orange-Toyotomi/3925416",469990,469990,Tienda Toyotomi,2,"Falabella: $469,990 | Tienda Toyotomi: $469,990",$ 0 (Portátil),$ 35.000 / año (Limpieza sensores),Certificación SEC QR: 9900000002349 | Peso: 8.0 kg | Dimensiones: 376 x 438 x 296 mm | Capacidad Estanque/Tolva: 5.4 L/kg | En Zona H (>1500 msnm) requiere modelo de alta altitud por baja presión de O2.,https://www.solotodo.cl/products/38034
68482,Estufas,Amesti,Rondo 450 Design,Amesti Rondo 450 Design,Estufa a Leña Combustión Lenta,Leña,"1,5 - 3,0 kg/hora (estándar)","0,650 (65%)",-,8598 Kcal/h,191 m2,469990,ABC,https://www.abc.cl/calefactor-a-lena-amesti-rondo-450-design/28095627.html,469990,389990,Easy,3,"Travel Tienda: $432,990 | Easy: $389,990 | ABC: $469,990",$ 120.000 (Kit cañones / sellado techumbre),$ 30.000 / año (Deshollinado),Certificación SEC QR: 483901 | Peso: 66.0 kg | Dimensiones: 500 x 990 x 430 mm | Flete volumen pesado a zonas extremas (+15-25% H/I). Requiere leña seca (<25% hum) o pellet certificado.,https://www.solotodo.cl/products/68482
65655,Estufas,Toyotomi,LC-33 (Warm Silver),Toyotomi LC-33 (Warm Silver),Estufa Kerosene Láser (Electrónica),Kerosene / Parafina,310 ml/hora,"0,800 (80%)",-,2740 Kcal/h / 11000 BTU/h,70 m2,469990,Precio referencia SoloTodo,,469990,469990,Precio referencia SoloTodo,0,,$ 0 (Portátil),$ 35.000 / año (Limpieza sensores),Certificación SEC QR: 9900000002368 | Peso: 8.0 kg | Dimensiones: 376 x 438 x 296 mm | Capacidad Estanque/Tolva: 5.4 L/kg | En Zona H (>1500 msnm) requiere modelo de alta altitud por baja presión de O2.,https://www.solotodo.cl/products/65655
38579,Estufas,Toyotomi,LC-33 (Verde),Toyotomi LC-33 (Verde),Estufa Kerosene Láser (Electrónica),Kerosene / Parafina,310 ml/hora,"0,800 (80%)",-,2740 Kcal/h / 11000 BTU/h,70 m2,469990,Tienda Toyotomi,https://toyotomi.cl/product/estufa-laser-32-kw-lc-33-verde/,469990,469990,Tienda Toyotomi,1,"Tienda Toyotomi: $469,990",$ 0 (Portátil),$ 35.000 / año (Limpieza sensores),Certificación SEC QR: 9900000002349 | Peso: 8.0 kg | Dimensiones: 376 x 438 x 296 mm | Capacidad Estanque/Tolva: 5.4 L/kg | En Zona H (>1500 msnm) requiere modelo de alta altitud por baja presión de O2.,https://www.solotodo.cl/products/38579
38595,Estufas,Toyotomi,LC-33 (Azul),Toyotomi LC-33 (Azul),Estufa Kerosene Láser (Electrónica),Kerosene / Parafina,310 ml/hora,"0,800 (80%)",-,2740 Kcal/h / 11000 BTU/h,70 m2,469990,Tienda Toyotomi,https://toyotomi.cl/product/estufa-laser-32-kw-lc-33-azul/,469990,469990,Tienda Toyotomi,1,"Tienda Toyotomi: $469,990",$ 0 (Portátil),$ 35.000 / año (Limpieza sensores),Peso: 8.0 kg | Dimensiones: 376 x 438 x 296 mm | Capacidad Estanque/Tolva: 5.4 L/kg | En Zona H (>1500 msnm) requiere modelo de alta altitud por baja presión de O2.,https://www.solotodo.cl/products/38595
280696,Estufas,Combi,ER9,Combi ER9,Estufa Eléctrica,Electricidad,3.00 kWh/hora (3000 W),"1,0 (100%)",-,3000 W,20 m2,459990,Sodimac,https://www.sodimac.cl/sodimac-cl/articulo/145109907/product/145109908,459990,459990,Sodimac,1,"Sodimac: $459,990",$ 0 (Enchufable 220V),$ 0 (Sin mantención periódica),Certificación SEC QR: 555533 | Dimensiones: 740 x 2100 x 740 mm | Enchufable 220V directo. No requiere obras ni ductos.,https://www.solotodo.cl/products/280696
59573,Estufas,Amesti,Classic 400 Plus,Amesti Classic 400 Plus,Estufa a Leña Combustión Lenta,Leña,1000 g/hora,"0,650 (65%)",-,9000 Kcal/h,150 m2,459990,Easy,https://www.easy.cl/estufa-lena-10000w-classic-400-rojo-232031/p,459990,459990,Easy,1,"Easy: $459,990",$ 120.000 (Kit cañones / sellado techumbre),$ 30.000 / año (Deshollinado),Certificación SEC QR: 410795 | Dimensiones: 540 x 810 x 470 mm | Flete volumen pesado a zonas extremas (+15-25% H/I). Requiere leña seca (<25% hum) o pellet certificado.,https://www.solotodo.cl/products/59573
37959,Estufas,Amesti,Nordic 360,Amesti Nordic 360,Estufa a Leña Combustión Lenta,Leña,1000 g/hora,"0,650 (65%)",-,7300 Kcal/h,120 m2,449990,ABC,https://www.abc.cl/calefactor-a-lena-amesti-nordic-360-gris/27367615.html,449990,379990,Easy,4,"Easy: $379,990 | Hites: $429,990 | ABC: $449,990 | Falabella Marketplace (AMESTI): $399,900",$ 120.000 (Kit cañones / sellado techumbre),$ 30.000 / año (Deshollinado),Certificación SEC QR: 419168 | Peso: 70.0 kg | Dimensiones: 410 x 660 x 470 mm | Flete volumen pesado a zonas extremas (+15-25% H/I). Requiere leña seca (<25% hum) o pellet certificado.,https://www.solotodo.cl/products/37959
41553,Estufas,Ursus Trotter,UT15-K,Ursus Trotter UT15-K,Estufa de Terraza,Gas Licuado (GLP),120 - 320 g/hora (estándar),"0,800 (80%)",-,13000 W,5 m2,449990,Hites,https://www.hites.com/calefactor-de-terraza-ursus-trotter-ut-15k-inox-15-kg-756491001.html,449990,449990,Hites,1,"Hites: $449,990",$ 0 (Portátil),$ 20.000 / 2 años (Regulador y flexible),Certificación SEC QR: 239974 | Peso: 70.0 kg | Dimensiones: N/A mm,https://www.solotodo.cl/products/41553
62373,Estufas,Toyotomi,GPH-1372,Toyotomi GPH-1372,Estufa de Terraza,Gas Licuado (GLP),120 - 320 g/hora (estándar),"0,800 (80%)",-,13000 W / 22358 Kcal/h / 11178 BTU/h,No especificado,449990,Tienda Toyotomi,https://toyotomi.cl/product/gas-patio-heater-piramidal-15-kg-gph-1372/,449990,449990,Tienda Toyotomi,1,"Tienda Toyotomi: $449,990",$ 0 (Portátil),$ 20.000 / 2 años (Regulador y flexible),Peso: 22.0 kg | Dimensiones: 495 x 2270 x 495 mm,https://www.solotodo.cl/products/62373
37951,Estufas,Amesti,Rondo 450,Amesti Rondo 450,Estufa a Leña Combustión Lenta,Leña,1000 g/hora,"0,650 (65%)",-,7500 Kcal/h,120 m2,449990,Hites,https://www.hites.com/estufa-a-lena-amesti-rondo-450-815500001.html,449990,449990,Hites,1,"Hites: $449,990",$ 120.000 (Kit cañones / sellado techumbre),$ 30.000 / año (Deshollinado),Certificación SEC QR: 483901 | Dimensiones: 500 x 770 x 430 mm | Flete volumen pesado a zonas extremas (+15-25% H/I). Requiere leña seca (<25% hum) o pellet certificado.,https://www.solotodo.cl/products/37951
77061,Estufas,Fensa,FHK-1050 ECO,Fensa FHK-1050 ECO,Estufa Kerosene Láser (Electrónica),Kerosene / Parafina,"0,15 - 0,35 lt/hora (estándar)","0,800 (80%)",-,5200 W,30 m2 / 73 m3,449990,Lider Marketplace (ELECTROLUX DE CHILE S.A.),https://www.lider.cl/ip/calefaccion/estufa-fan-heater-fhk-1050-eco/00780731181741,449990,449990,Lider Marketplace (ELECTROLUX DE CHILE S.A.),1,"Lider Marketplace (ELECTROLUX DE CHILE S.A.): $449,990",$ 0 (Portátil),$ 35.000 / año (Limpieza sensores),Certificación SEC QR: 317358 | Peso: 12.1 kg | Dimensiones: 425 x 445 x 310 mm | Capacidad Estanque/Tolva: 9.0 L/kg | En Zona H (>1500 msnm) requiere modelo de alta altitud por baja presión de O2.,https://www.solotodo.cl/products/77061
37824,Estufas,Amesti,Scantek 360,Amesti Scantek 360,Estufa a Leña Combustión Lenta,Leña,1000 g/hora,"0,650 (65%)",-,7300 Kcal/h,120 m2,439990,ABC,https://www.abc.cl/calefactor-a-lena-amesti-scantek-360-gris/27367623.html,439990,369990,Easy,5,"Hites: $419,990 | Easy: $369,990 | Falabella Marketplace (AMESTI): $389,900 | Travel Tienda: $410,990 | ABC: $439,990",$ 120.000 (Kit cañones / sellado techumbre),$ 30.000 / año (Deshollinado),Certificación SEC QR: 420402 | Peso: 65.5 kg | Dimensiones: 410 x 670 x 480 mm | Flete volumen pesado a zonas extremas (+15-25% H/I). Requiere leña seca (<25% hum) o pellet certificado.,https://www.solotodo.cl/products/37824
272018,Estufas,Amesti,Firelog 380,Amesti Firelog 380,Estufa a Leña Combustión Lenta,Leña,11.0 kW térmico,0.720 (72%),-,10500 W / 11.0 kW,No especificado,437990,Travel Tienda,https://tienda.travel.cl/le%C3%B1a/estufa-a-le%C3%B1a-amesti-firelog-380/SKU131584,437990,399990,Sodimac,4,"Easy: $399,990 | Sodimac: $399,990 | Travel Tienda: $437,990 | Falabella Marketplace (AMESTI): $419,900",$ 120.000 (Kit cañones / sellado techumbre),$ 30.000 / año (Deshollinado),Certificación SEC QR: 541277 | Dimensiones: N/A mm | Flete volumen pesado a zonas extremas (+15-25% H/I). Requiere leña seca (<25% hum) o pellet certificado.,https://www.solotodo.cl/products/272018
44780,Estufas,Sumoheat,FH-1050,Sumoheat FH-1050,Estufa Kerosene Láser (Electrónica),Kerosene / Parafina,490 ml/hora,"0,800 (80%)",-,5000 W / 4299 Kcal/h / 17000 BTU/h,120 m2 / 240 m3,427990,Travel Tienda,https://tienda.travel.cl/calefacci%C3%B3n/estufa-parafina-laser-sumoheat-fh-1050-gris-oscuro/SKU78326,427990,427990,Travel Tienda,1,"Travel Tienda: $427,990",$ 0 (Portátil),$ 35.000 / año (Limpieza sensores),Certificación SEC QR: 9680 | Peso: 13.0 kg | Dimensiones: 455 x 500 x 300 mm | Capacidad Estanque/Tolva: 7.1 L/kg | En Zona H (>1500 msnm) requiere modelo de alta altitud por baja presión de O2.,https://www.solotodo.cl/products/44780
78804,Estufas,Fensa,FHK 950 Eco,Fensa FHK 950 Eco,Estufa Kerosene Láser (Electrónica),Kerosene / Parafina,"0,15 - 0,35 lt/hora (estándar)","0,800 (80%)",-,3000 W / 2580 Kcal/h / 10236 BTU/h,No especificado,419990,Travel Tienda,https://tienda.travel.cl/calefacci%C3%B3n/estufa-fensa-parafina-fhk-950-eco/SKU141553,419990,419990,Travel Tienda,1,"Travel Tienda: $419,990",$ 0 (Portátil),$ 35.000 / año (Limpieza sensores),Certificación SEC QR: 317360 | Peso: 8.0 kg | Dimensiones: 330 x 430 x 240 mm | Capacidad Estanque/Tolva: 5.0 L/kg | En Zona H (>1500 msnm) requiere modelo de alta altitud por baja presión de O2.,https://www.solotodo.cl/products/78804
38043,Estufas,Toyotomi,LC-29,Toyotomi LC-29,Estufa Kerosene Láser (Electrónica),Kerosene / Parafina,295 ml/hora,"0,800 (80%)",-,2610 Kcal/h / 10400 BTU/h,60 m2,419990,Falabella,https://www.falabella.com/falabella-cl/product/3925415/Estufa-Parafina-Laser-3-kW-LC-29-Toyotomi/3925415,419990,419990,Tienda Toyotomi,2,"Falabella: $419,990 | Tienda Toyotomi: $419,990",$ 0 (Portátil),$ 35.000 / año (Limpieza sensores),Certificación SEC QR: 9900000002348 | Peso: 8.0 kg | Dimensiones: 376 x 438 x 296 mm | Capacidad Estanque/Tolva: 5.4 L/kg | En Zona H (>1500 msnm) requiere modelo de alta altitud por baja presión de O2.,https://www.solotodo.cl/products/38043
273137,Estufas,Nouva,LT-600,Nouva LT-600,Estufa a Leña Combustión Lenta,Leña,"1,5 - 3,0 kg/hora (estándar)","0,650 (65%)",-,12 W,240 m2,399990,Sodimac,https://www.sodimac.cl/sodimac-cl/articulo/142892720/product/142892721,399990,399990,Sodimac,1,"Sodimac: $399,990",$ 120.000 (Kit cañones / sellado techumbre),$ 30.000 / año (Deshollinado),Certificación SEC QR: 549598 | Dimensiones: N/A mm | Flete volumen pesado a zonas extremas (+15-25% H/I). Requiere leña seca (<25% hum) o pellet certificado.,https://www.solotodo.cl/products/273137
37825,Estufas,Amesti,Nordic 350,Amesti Nordic 350,Estufa a Leña Combustión Lenta,Leña,1000 g/hora,"0,650 (65%)",-,6000 Kcal/h,116 m2,389990,ABC,https://www.abc.cl/calefactor-a-lena-amesti-nordic-350-gris/27367704.html,389990,329990,Easy,6,"Easy: $329,990 | Falabella Marketplace (AMESTI): $349,900 | Travel Tienda: $369,990 | Hites: $379,990 | ABC: $389,990 (+1 más)",$ 120.000 (Kit cañones / sellado techumbre),$ 30.000 / año (Deshollinado),Certificación SEC QR: 381725 | Dimensiones: 380 x 600 x 470 mm | Flete volumen pesado a zonas extremas (+15-25% H/I). Requiere leña seca (<25% hum) o pellet certificado.,https://www.solotodo.cl/products/37825
81703,Estufas,Corona,FH-3016 (Café),Corona FH-3016 (Café),Estufa Kerosene Láser (Electrónica),Kerosene / Parafina,310 ml/hora,"0,800 (80%)",-,11000 BTU/h,80 m2 / 160 m3,389990,Easy,https://www.easy.cl/estufa-a-parafina-11000-btu-fh-3016-cafe-corona-1281539/p,389990,359990,Travel Tienda,2,"Easy: $389,990 | Travel Tienda: $359,990",$ 0 (Portátil),$ 35.000 / año (Limpieza sensores),Certificación SEC QR: 9900000002620 | Peso: 11.5 kg | Dimensiones: 350 x 430 x 320 mm | Capacidad Estanque/Tolva: 5.0 L/kg | En Zona H (>1500 msnm) requiere modelo de alta altitud por baja presión de O2.,https://www.solotodo.cl/products/81703
78709,Estufas,Thomas,TH-FP100,Thomas TH-FP100,Chimenea Eléctrica Decorativa,Electricidad,2.00 kWh/hora (2000 W),"1,0 (100%)",-,2000 W / 1720 Kcal/h / 6824 BTU/h,No especificado,379990,Falabella Marketplace (Thomas/Siegen),https://www.falabella.com/falabella-cl/product/110725951/Chimenea-Electrica-Thomas-TH-FP100/110725952,379990,274990,Easy,3,"Easy: $274,990 | Falabella Marketplace (Thomas/Siegen): $379,990 | Mercado Libre (COMERCIALIZADORALOSROBLESLT): $379,990",$ 0 (Enchufable 220V),$ 0 (Sin mantención periódica),Certificación SEC QR: 336870 | Peso: 20.5 kg | Dimensiones: 735 x 566 x 275 mm | Enchufable 220V directo. No requiere obras ni ductos.,https://www.solotodo.cl/products/78709
37952,Estufas,Amesti,Scantek 350,Amesti Scantek 350,Estufa a Leña Combustión Lenta,Leña,1000 g/hora,"0,650 (65%)",-,6000 Kcal/h,116 m2,379990,ABC,https://www.abc.cl/calefactor-a-lena-amesti-scantek-350-gris/27367658.html,379990,319990,Easy,5,"Hites: $369,990 | Sodimac: $319,990 | ABC: $379,990 | Easy: $319,990 | Falabella Marketplace (Mimbral): $345,990",$ 120.000 (Kit cañones / sellado techumbre),$ 30.000 / año (Deshollinado),Certificación SEC QR: 484004 | Peso: 67.0 kg | Dimensiones: 380 x 630 x 480 mm | Flete volumen pesado a zonas extremas (+15-25% H/I). Requiere leña seca (<25% hum) o pellet certificado.,https://www.solotodo.cl/products/37952
38574,Estufas,Toyotomi,DC-100,Toyotomi DC-100,Estufa Kerosene Mecha (Cámara Conv/Rad),Kerosene / Parafina,500 ml/hora,"0,800 (80%)",-,4430 Kcal/h / 17500 BTU/h,120 m2,379990,Falabella,"https://www.falabella.com/falabella-cl/product/2374437/Estufa-a-Parafina-Mecha-2,3-kW-DC-100-IMP-Toyotomi/2374437",379990,379990,Tienda Toyotomi,2,"Falabella: $379,990 | Tienda Toyotomi: $379,990",$ 0 (Portátil),$ 25.000 / 2 años (Cambio mecha),Certificación SEC QR: 9900000002356 | Dimensiones: N/A mm | Capacidad Estanque/Tolva: 7.5 L/kg | En Zona H (>1500 msnm) requiere modelo de alta altitud por baja presión de O2.,https://www.solotodo.cl/products/38574
255840,Estufas,Alcazar,Patagonia 350 (Gris Grafito) (PTEX5),Alcazar Patagonia 350 (Gris Grafito) (PTEX5),Estufa a Leña Combustión Lenta,Leña,6.0 kW térmico,0.710 (71%),-,5500 W / 4729 Kcal/h / 6.0 kW,100 m2,359990,Travel Tienda,https://tienda.travel.cl/alcazar/estufa-a-le%C3%B1a-alcazar-patagonia-350/SKU105188,359990,269990,Sodimac,4,"Travel Tienda: $359,990 | Easy: $269,990 | Sodimac: $269,990 | Falabella Marketplace (ALCAZAR): $309,990",$ 120.000 (Kit cañones / sellado techumbre),$ 30.000 / año (Deshollinado),Certificación SEC QR: 501989 | Peso: 61.6 kg | Dimensiones: 310 x 756 x 505 mm | Flete volumen pesado a zonas extremas (+15-25% H/I). Requiere leña seca (<25% hum) o pellet certificado.,https://www.solotodo.cl/products/255840
38160,Estufas,Toyotomi,LC-28 Classic,Toyotomi LC-28 Classic,Estufa Kerosene Láser (Electrónica),Kerosene / Parafina,295 ml/hora,"0,800 (80%)",-,2610 Kcal/h / 10400 BTU/h,60 m2,359990,Precio referencia SoloTodo,,359990,359990,Precio referencia SoloTodo,0,,$ 0 (Portátil),$ 35.000 / año (Limpieza sensores),Certificación SEC QR: 9900000002366 | Peso: 8.0 kg | Dimensiones: 396 x 428 x 377 mm | Capacidad Estanque/Tolva: 5.4 L/kg | En Zona H (>1500 msnm) requiere modelo de alta altitud por baja presión de O2.,https://www.solotodo.cl/products/38160
104630,Estufas,Mademsa,MFHK 540 Plus,Mademsa MFHK 540 Plus,Estufa Kerosene Láser (Electrónica),Kerosene / Parafina,"0,15 - 0,35 lt/hora (estándar)","0,800 (80%)",-,2300 W,45 m2,359990,Ripley,https://simple.ripley.cl/estufa-mademsa-parafina-laser-35-lt-fan-heater-mfhk-540-plus-2000382997576p,359990,359990,Ripley,1,"Ripley: $359,990",$ 0 (Portátil),$ 35.000 / año (Limpieza sensores),Certificación SEC QR: 345620 | Peso: 7.2 kg | Dimensiones: 280 x 393 x 255 mm | Capacidad Estanque/Tolva: 5.0 L/kg | En Zona H (>1500 msnm) requiere modelo de alta altitud por baja presión de O2.,https://www.solotodo.cl/products/104630
43822,Estufas,Mademsa,MFHK 540,Mademsa MFHK 540,Estufa Kerosene Láser (Electrónica),Kerosene / Parafina,"0,15 - 0,35 lt/hora (estándar)","0,800 (80%)",-,2300 W / 1978 Kcal/h / 7848 BTU/h,40 m2,349990,Ripley,https://simple.ripley.cl/estufa-mademsa-fan-heater-mfhk-540-2000320061819p,329990,349990,Ripley,1,"Ripley: $349,990",$ 0 (Portátil),$ 35.000 / año (Limpieza sensores),Certificación SEC QR: 15622 | Peso: 7.2 kg | Dimensiones: 280 x 393 x 255 mm | Capacidad Estanque/Tolva: 3.5 L/kg | En Zona H (>1500 msnm) requiere modelo de alta altitud por baja presión de O2.,https://www.solotodo.cl/products/43822
38064,Estufas,Toyotomi,Omni 230,Toyotomi Omni 230,Estufa Kerosene Mecha (Cámara Conv/Rad),Kerosene / Parafina,659 ml/hora,"0,800 (80%)",-,6770 W / 23000 BTU/h,140 m2,329990,Falabella,https://www.falabella.com/falabella-cl/product/2374438/Estufa-a-kerosene-mecha-Omni-230/2374438,329990,329990,Tienda Toyotomi,2,"Falabella: $329,990 | Tienda Toyotomi: $329,990",$ 0 (Portátil),$ 25.000 / 2 años (Cambio mecha),Certificación SEC QR: 9900000002374 | Peso: 10.7 kg | Dimensiones: 440 x 583 x 440 mm | Capacidad Estanque/Tolva: 7.5 L/kg | En Zona H (>1500 msnm) requiere modelo de alta altitud por baja presión de O2.,https://www.solotodo.cl/products/38064
79385,Estufas,BetterLife,CF1500UV-WT (BLIR1500UVWTW),BetterLife CF1500UV-WT (BLIR1500UVWTW),Calefactor Eléctrico Infrarrojo,Electricidad,1.50 kWh/hora (1500 W),"1,0 (100%)",-,1500 W / 1290 Kcal/h / 5118 BTU/h,70 m2,318990,Travel Tienda,https://tienda.travel.cl/calefacci%C3%B3n/estufa-infrarroja-betterlife-madera-uv-wi-fi-smarthome-70-m-/SKU101989,318990,318990,Travel Tienda,1,"Travel Tienda: $318,990",$ 0 (Enchufable 220V),$ 0 (Sin mantención periódica),Certificación SEC QR: 230168 | Peso: 13.8 kg | Dimensiones: 450 x 460 x 430 mm | Enchufable 220V directo. No requiere obras ni ductos.,https://www.solotodo.cl/products/79385
158746,Estufas,QRubber,EST134VID,QRubber EST134VID,Estufa de Patio,Gas Licuado (GLP),800 g/hora,"0,800 (80%)",-,11000 W,No especificado,305990,Falabella Marketplace (Qrubber),https://www.falabella.com/falabella-cl/product/119500550/Estufa-Exterior-Tipo-Piramide-11-a-15kg-Qrubber/119500555,305990,305990,Falabella Marketplace (Qrubber),1,"Falabella Marketplace (Qrubber): $305,990",$ 0 (Portátil),$ 20.000 / 2 años (Regulador y flexible),Certificación SEC QR: 443553 | Peso: 31.0 kg | Dimensiones: 500 x 2210 x 500 mm,https://www.solotodo.cl/products/158746
270327,Estufas,Toyotomi,GPH-1388,Toyotomi GPH-1388,Estufa de Patio,Gas Licuado (GLP),945 g/hora,"0,800 (80%)",-,13000 W / 11180 Kcal/h / 44372 BTU/h,25 m2,299990,Tienda Toyotomi,https://toyotomi.cl/product/gas-patio-heater-ratan-11-kg-gph-1388/,299990,299990,Tienda Toyotomi,1,"Tienda Toyotomi: $299,990",$ 0 (Portátil),$ 20.000 / 2 años (Regulador y flexible),Certificación SEC QR: 537765 | Peso: 24.0 kg | Dimensiones: 813 x 2222 x 813 mm,https://www.solotodo.cl/products/270327
210784,Estufas,Atlantic,F120 1000W,Atlantic F120 1000W,Convector Eléctrico,Electricidad,1.00 kWh/hora (1000 W),"1,0 (100%)",-,1000 W / 860 Kcal/h,25 m2,279990,Mercado Libre (BOSCACHILE),https://www.mercadolibre.cl/p/MLC68653867?pdp_filters=official_store:all,279990,129990,Mercado Libre (Bosca),4,"Easy: $129,990 | Travel Tienda: $133,990 | Mercado Libre (BOSCACHILE): $279,990 | Mercado Libre (Bosca): $129,990",$ 0 (Enchufable 220V),$ 0 (Sin mantención periódica),Certificación SEC QR: 303992 | Peso: 0.4 kg | Dimensiones: 465 x 461 x 92 mm | Enchufable 220V directo. No requiere obras ni ductos.,https://www.solotodo.cl/products/210784
38505,Estufas,Mademsa,Potenza,Mademsa Potenza,Estufa Kerosene Mecha (Cámara Conv/Rad),Kerosene / Parafina,550 ml/hora,"0,800 (80%)",-,6200 W / 5330 Kcal/h,300 m3,279990,ABC,https://www.abc.cl/estufa-a-parafina-mademsa-potenza-72-l/27407307.html,279990,179990,Paris,5,"Ripley: $269,990 | Paris: $179,990 | Easy: $269,990 | ABC: $279,990 | Travel Tienda: $269,990",$ 0 (Portátil),$ 25.000 / 2 años (Cambio mecha),Certificación SEC QR: 9900000003213 | Peso: 10.8 kg | Dimensiones: 450 x 680 x 450 mm | Capacidad Estanque/Tolva: 7.2 L/kg | En Zona H (>1500 msnm) requiere modelo de alta altitud por baja presión de O2.,https://www.solotodo.cl/products/38505
45263,Estufas,BetterLife,BL2000W / BLIR2000W,BetterLife BL2000W / BLIR2000W,Calefactor Eléctrico Infrarrojo,Electricidad,2.00 kWh/hora (2000 W),"1,0 (100%)",-,2000 W / 1720 Kcal/h / 6824 BTU/h,80 m2,279990,Travel Tienda,https://tienda.travel.cl/calefacci%C3%B3n/estufa-infrarroja-betterlife-wi-fi-smarthome-80-m-/SKU101981,257990,269990,Falabella Marketplace (OXIMIXO),2,"Falabella Marketplace (OXIMIXO): $269,990 | Travel Tienda: $279,990",$ 0 (Enchufable 220V),$ 0 (Sin mantención periódica),Certificación SEC QR: 263548 | Peso: 6.0 kg | Dimensiones: 300 x 760 x 330 mm | Enchufable 220V directo. No requiere obras ni ductos.,https://www.solotodo.cl/products/45263
141574,Estufas,Toyotomi,SW-2084BT,Toyotomi SW-2084BT,Estufa Colgante,Electricidad,2.00 kWh/hora (2000 W),"1,0 (100%)",-,2000 W / 1720 Kcal/h / 6824 BTU/h,15 m2,279990,Tienda Toyotomi,https://toyotomi.cl/product/patio-heater-electrico-2-kw-bluetooth-sw-2084bt/,279990,279990,Tienda Toyotomi,1,"Tienda Toyotomi: $279,990",$ 0 (Enchufable 220V),$ 0 (Sin mantención periódica),Peso: 7.0 kg | Dimensiones: 656 x 140 x 110 mm | Enchufable 220V directo. No requiere obras ni ductos.,https://www.solotodo.cl/products/141574
280374,Estufas,Klyma,Tub Black (KYPH9974),Klyma Tub Black (KYPH9974),Estufa Gas Radiante Infrarroja,Gas Licuado (GLP),800 g/hora,"0,800 (80%)",-,-,25 m2,276990,Travel Tienda,https://tienda.travel.cl/estufas-de-exterior/estufa-a-gas-klyma-exterior-tub-black/SKU121245,276990,276990,Travel Tienda,1,"Travel Tienda: $276,990",$ 0 (Portátil),$ 20.000 / 2 años (Regulador y flexible),Peso: 15.0 kg | Dimensiones: 460 x 1830 x 460 mm,https://www.solotodo.cl/products/280374
245521,Estufas,Klyma,Setax Rattan (KYPH8847),Klyma Setax Rattan (KYPH8847),Estufa de Terraza,Gas Licuado (GLP),946 g/hora,"0,800 (80%)",-,13000 W / 44000 BTU/h,70 m2,266990,Travel Tienda,https://tienda.travel.cl/calefacci%C3%B3n/estufa-a-gas-klyma-exterior-terraza-setax-rattan/SKU103592,266990,266990,Travel Tienda,1,"Travel Tienda: $266,990",$ 0 (Portátil),$ 20.000 / 2 años (Regulador y flexible),Peso: 16.5 kg | Dimensiones: 465 x 2210 x 950 mm,https://www.solotodo.cl/products/245521
141435,Estufas,Bosca,Thelios 1500 WiFi,Bosca Thelios 1500 WiFi,Convector Eléctrico,Electricidad,1.50 kWh/hora (1500 W),"1,0 (100%)",-,1500 W,25 m2,259990,Mercado Libre (Bosca),https://www.mercadolibre.cl/up/MLCU3173061447?pdp_filters=official_store%3Aall,259990,129990,Mercado Libre (Bosca),3,"Travel Tienda: $134,990 | Mercado Libre (Bosca): $259,990 | Mercado Libre (Bosca): $129,990",$ 0 (Enchufable 220V),$ 0 (Sin mantención periódica),Certificación SEC QR: 402170 | Peso: 4.5 kg | Dimensiones: 595 x 400 x 90 mm | Enchufable 220V directo. No requiere obras ni ductos.,https://www.solotodo.cl/products/141435
44236,Estufas,Combi,M2,Combi M2,Estufa de Patio,Gas Licuado (GLP),853 g/hora,"0,800 (80%)",-,12000 W / 10318 Kcal/h / 40970 BTU/h,No especificado,259990,Paris,https://www.paris.cl/estufas-de-exterior-combi-heater-m2-153562999.html,249990,259990,Paris,1,"Paris: $259,990",$ 0 (Portátil),$ 20.000 / 2 años (Regulador y flexible),Certificación SEC QR: 298530 | Dimensiones: N/A mm,https://www.solotodo.cl/products/44236
38577,Estufas,Toyotomi,RB-25,Toyotomi RB-25,Estufa Kerosene Mecha (Cámara Conv/Rad),Kerosene / Parafina,243 ml/hora,"0,800 (80%)",-,2150 Kcal/h / 8500 BTU/h,60 m2,259990,Falabella,"https://www.falabella.com/falabella-cl/product/2607863/Estufa-Parafina-Mecha-2,5-kW-RB-25-Toyotomi/2607863",259990,249990,Tienda Toyotomi,2,"Tienda Toyotomi: $249,990 | Falabella: $259,990",$ 0 (Portátil),$ 25.000 / 2 años (Cambio mecha),Certificación SEC QR: 9900000002345 | Peso: 6.2 kg | Dimensiones: 388 x 475 x 388 mm | Capacidad Estanque/Tolva: 6.0 L/kg | En Zona H (>1500 msnm) requiere modelo de alta altitud por baja presión de O2.,https://www.solotodo.cl/products/38577
397980,Estufas,Bosca,NDK-15DW (Pack de 2),Bosca NDK-15DW (Pack de 2),Convector Eléctrico,Electricidad,1.50 kWh/hora (1500 W),"1,0 (100%)",-,1500 W,No especificado,259980,Easy,https://www.easy.cl/calefactor-pack-ndk-15dw-5115-btu-2-un-1525375/p,259980,259980,Easy,1,"Easy: $259,980",$ 0 (Enchufable 220V),$ 0 (Sin mantención periódica),Certificación SEC QR: 402170 | Peso: 4.5 kg | Dimensiones: 595 x 400 x 90 mm | Enchufable 220V directo. No requiere obras ni ductos.,https://www.solotodo.cl/products/397980
52112,Estufas,Tenki,TN-2235,Tenki TN-2235,Estufa Kerosene Mecha (Cámara Conv/Rad),Kerosene / Parafina,"0,15 - 0,35 lt/hora (estándar)","0,800 (80%)",-,6740 W / 23000 BTU/h,140 m2,249990,Falabella,"https://www.falabella.com/falabella-cl/product/15437526/Estufa-Parafina-Mecha-6,7-kW-TN-2235-Tenki/15437526",249990,249990,Falabella,1,"Falabella: $249,990",$ 0 (Portátil),$ 25.000 / 2 años (Cambio mecha),Certificación SEC QR: 362260 | Dimensiones: 460 x 647 x 460 mm | En Zona H (>1500 msnm) requiere modelo de alta altitud por baja presión de O2.,https://www.solotodo.cl/products/52112
38576,Estufas,Toyotomi,ML-25,Toyotomi ML-25,Estufa Kerosene Mecha (Cámara Conv/Rad),Kerosene / Parafina,243 ml/hora,"0,800 (80%)",-,2150 Kcal/h / 8500 BTU/h,60 m2,249990,Tienda Toyotomi,https://toyotomi.cl/product/estufa-mecha-25-kw-ml-25/,249990,249990,Tienda Toyotomi,1,"Tienda Toyotomi: $249,990",$ 0 (Portátil),$ 25.000 / 2 años (Cambio mecha),Certificación SEC QR: 9900000002363 | Peso: 6.2 kg | Dimensiones: 388 x 475 x 388 mm | Capacidad Estanque/Tolva: 6.0 L/kg | En Zona H (>1500 msnm) requiere modelo de alta altitud por baja presión de O2.,https://www.solotodo.cl/products/38576
106554,Estufas,Kendal,KPM-23 Blanco,Kendal KPM-23 Blanco,Estufa Kerosene Mecha (Cámara Conv/Rad),Kerosene / Parafina,"0,15 - 0,35 lt/hora (estándar)","0,800 (80%)",-,6780 W / 5830 Kcal/h / 23000 BTU/h,120 m2,239990,ABC,https://www.abc.cl/estufa-a-parafina-kendal-kpm-23-72-l/24018890.html,239990,209990,Paris,3,"Paris: $209,990 | Travel Tienda: $223,990 | ABC: $239,990",$ 0 (Portátil),$ 25.000 / 2 años (Cambio mecha),Certificación SEC QR: 356318 | Peso: 10.8 kg | Dimensiones: 480 x 680 x 480 mm | Capacidad Estanque/Tolva: 7.2 L/kg | En Zona H (>1500 msnm) requiere modelo de alta altitud por baja presión de O2.,https://www.solotodo.cl/products/106554
273611,Estufas,Kendal,Infrarroja Golden Tube Blanca,Kendal Infrarroja Golden Tube Blanca,Calefactor Eléctrico Infrarrojo,Electricidad,2.00 kWh/hora (2000 W),"1,0 (100%)",-,2000 W,65 m2,230990,Falabella Marketplace (Construplaza),https://www.falabella.com/falabella-cl/product/144511887/ESTUFA-INFRAROJA-GOLDEN-KENDAL-BLANCA-KH-950/144511888,230990,209990,Easy,3,"Falabella: $209,990 | Easy: $209,990 | Falabella Marketplace (Construplaza): $230,990",$ 0 (Enchufable 220V),$ 0 (Sin mantención periódica),Certificación SEC QR: 552207 | Peso: 6.2 kg | Dimensiones: 254 x 276 x 254 mm | Enchufable 220V directo. No requiere obras ni ductos.,https://www.solotodo.cl/products/273611
241305,Estufas,Ursus Trotter,UT HEATPRO 18 WIFI,Ursus Trotter UT HEATPRO 18 WIFI,Estufa de Terraza,Gas Licuado (GLP),120 - 320 g/hora (estándar),"0,800 (80%)",-,1800 W,18 m2,229990,Hites,https://www.hites.com/calefactor-terraza-ursus-trotter-ut-heatpro-18-wifi-938066001.html,229990,137990,Travel Tienda,5,"Hites: $229,990 | Easy: $149,990 | Falabella: $149,990 | ABC: $139,990 | Travel Tienda: $137,990",$ 0 (Portátil),$ 20.000 / 2 años (Regulador y flexible),Certificación SEC QR: 509133 | Peso: 5.0 kg | Dimensiones: 1240 x 150 x 67 mm,https://www.solotodo.cl/products/241305
38572,Estufas,Toyotomi,KS-27 (Rojo),Toyotomi KS-27 (Rojo),Estufa Kerosene Mecha (Cámara Conv/Rad),Kerosene / Parafina,286 ml/hora,"0,800 (80%)",-,2530 Kcal/h / 10000 BTU/h,80 m2,229990,Tienda Toyotomi,https://toyotomi.cl/product/estufa-mecha-29-kw-ks-27-roja/,229990,229990,Tienda Toyotomi,1,"Tienda Toyotomi: $229,990",$ 0 (Portátil),$ 25.000 / 2 años (Cambio mecha),Certificación SEC QR: 9900000002376 | Peso: 7.7 kg | Dimensiones: 440 x 470 x 440 mm | Capacidad Estanque/Tolva: 6.3 L/kg | En Zona H (>1500 msnm) requiere modelo de alta altitud por baja presión de O2.,https://www.solotodo.cl/products/38572
38573,Estufas,Toyotomi,KS-27 (Blanco),Toyotomi KS-27 (Blanco),Estufa Kerosene Mecha (Cámara Conv/Rad),Kerosene / Parafina,286 ml/hora,"0,800 (80%)",-,2530 Kcal/h / 10000 BTU/h,80 m2,229990,Tienda Toyotomi,https://toyotomi.cl/product/estufa-mecha-29-kw-ks-27-blanca/,229990,229990,Tienda Toyotomi,1,"Tienda Toyotomi: $229,990",$ 0 (Portátil),$ 25.000 / 2 años (Cambio mecha),Certificación SEC QR: 9900000002342 | Peso: 7.7 kg | Dimensiones: 440 x 470 x 440 mm | Capacidad Estanque/Tolva: 6.3 L/kg | En Zona H (>1500 msnm) requiere modelo de alta altitud por baja presión de O2.,https://www.solotodo.cl/products/38573
280697,Estufas,Combi,ER4,Combi ER4,Estufa Eléctrica,Electricidad,2.10 kWh/hora (2100 W),"1,0 (100%)",-,2100 W,15 m2,229990,Sodimac,https://www.sodimac.cl/sodimac-cl/articulo/145109999/product/145110000,229990,229990,Sodimac,1,"Sodimac: $229,990",$ 0 (Enchufable 220V),$ 0 (Sin mantención periódica),Certificación SEC QR: 555531 | Dimensiones: 600 x 2100 x 600 mm | Enchufable 220V directo. No requiere obras ni ductos.,https://www.solotodo.cl/products/280697
62378,Estufas,Airolite,HTV-200R,Airolite HTV-200R,Chimenea Eléctrica Decorativa,Electricidad,2.00 kWh/hora (2000 W),"1,0 (100%)",-,2000 W / 1720 Kcal/h / 6824 BTU/h,No especificado,220990,Travel Tienda,https://tienda.travel.cl/airolite/pack-chimenea-el%C3%A9ctrica-airolite-htv-200r/SKU131731,220990,99990,Sodimac,8,"Paris: $109,990 | Sodimac: $99,990 | Falabella: $139,990 | Easy: $109,990 | Travel Tienda: $147,990 (+3 más)",$ 0 (Enchufable 220V),$ 0 (Sin mantención periódica),Certificación SEC QR: 258112 | Peso: 4.8 kg | Dimensiones: 380 x 870 x 280 mm | Enchufable 220V directo. No requiere obras ni ductos.,https://www.solotodo.cl/products/62378
141434,Estufas,Bosca,Thelios 1000 WiFi,Bosca Thelios 1000 WiFi,Convector Eléctrico,Electricidad,1.00 kWh/hora (1000 W),"1,0 (100%)",-,1000 W,25 m2,219990,Mercado Libre (Bosca),https://www.mercadolibre.cl/up/MLCU3178577960?pdp_filters=official_store%3Aall,219990,69990,Easy,5,"Easy: $69,990 | Sodimac: $97,790 | Travel Tienda: $109,990 | Mercado Libre (Bosca): $219,990 | Mercado Libre (Bosca): $109,990",$ 0 (Enchufable 220V),$ 0 (Sin mantención periódica),Certificación SEC QR: 401883 | Peso: 3.8 kg | Dimensiones: 460 x 400 x 90 mm | Enchufable 220V directo. No requiere obras ni ductos.,https://www.solotodo.cl/products/141434
361120,Estufas,Albin Trotter,Hybrid Pro,Albin Trotter Hybrid Pro,Estufa Gas Radiante Infrarroja,Gas Licuado (GLP),305 g/hora,"0,800 (80%)",-,4200 W / 10500 BTU/h,40 m2,219990,Sodimac,https://www.sodimac.cl/sodimac-cl/articulo/156145025/product/156145026,219990,159990,Easy,4,"Falabella Marketplace (Albin Trotter): $179,990 | Mercado Libre (ALBINTROTTERSA): $179,990 | Easy: $159,990 | Sodimac: $219,990",$ 0 (Portátil),$ 20.000 / 2 años (Regulador y flexible),Certificación SEC QR: 302105 | Peso: 9.5 kg | Dimensiones: 360 x 720 x 385 mm,https://www.solotodo.cl/products/361120
257549,Estufas,Primaterm,ONIX-2000W (Gris),Primaterm ONIX-2000W (Gris),Convector Eléctrico,Electricidad,2.00 kWh/hora (2000 W) / 1500.0 kW térmico,"1,0 (100%)",-,2000 W / 1720 Kcal/h / 6824 BTU/h / 1500.0 kW,25 m2,219990,Easy,https://www.easy.cl/radiador-calefactor-ceramico-onix-2000-wifi-2000-w-blanco-1473793/p,219990,219990,Easy,1,"Easy: $219,990",$ 0 (Enchufable 220V),$ 0 (Sin mantención periódica),Certificación SEC QR: 508100 | Peso: 13.8 kg | Dimensiones: 960 x 460 x 94 mm | Enchufable 220V directo. No requiere obras ni ductos.,https://www.solotodo.cl/products/257549
61815,Estufas,Thörben,THOR 1500 Wifi,Thörben THOR 1500 Wifi,Calefactor Eléctrico Infrarrojo,Electricidad,1.50 kWh/hora (1500 W),"1,0 (100%)",-,1500 W / 5600 BTU/h,60 m2,219990,Falabella Marketplace (Thorben Store),https://www.falabella.com/falabella-cl/product/115220004/Estufa-infrarroja-3-en-1Thor-1500-Wifi/115220005,219990,219990,Falabella Marketplace (Thorben Store),1,"Falabella Marketplace (Thorben Store): $219,990",$ 0 (Enchufable 220V),$ 0 (Sin mantención periódica),Certificación SEC QR: 221705 | Peso: 9.5 kg | Dimensiones: 475 x 400 x 500 mm | Enchufable 220V directo. No requiere obras ni ductos.,https://www.solotodo.cl/products/61815
276722,Estufas,Primaterm,ONIX-2000W (Negro),Primaterm ONIX-2000W (Negro),Convector Eléctrico,Electricidad,2.00 kWh/hora (2000 W) / 1500.0 kW térmico,"1,0 (100%)",-,2000 W / 1720 Kcal/h / 6824 BTU/h / 1500.0 kW,25 m2,219990,Easy,https://www.easy.cl/radiador-calefactor-ceramico-onix-2000-wifi-2000-w-antracita-1473792/p,219990,219990,Easy,1,"Easy: $219,990",$ 0 (Enchufable 220V),$ 0 (Sin mantención periódica),Certificación SEC QR: 508100 | Peso: 13.8 kg | Dimensiones: 960 x 460 x 94 mm | Enchufable 220V directo. No requiere obras ni ductos.,https://www.solotodo.cl/products/276722
397750,Estufas,Bosca,NDK-10DW (pack de 2),Bosca NDK-10DW (pack de 2),Convector Eléctrico,Electricidad,1.00 kWh/hora (1000 W) / 1000.0 kW térmico,"1,0 (100%)",-,1000 W / 3412 BTU/h / 1000.0 kW,25 m2,219980,Easy,https://www.easy.cl/convector-electrico-ndk-10dw-1000w-3412-btuh-2-un-1525376/p,219980,219980,Easy,1,"Easy: $219,980",$ 0 (Enchufable 220V),$ 0 (Sin mantención periódica),Certificación SEC QR: 499162 | Peso: 3.8 kg | Dimensiones: 460 x 400 x 90 mm | Enchufable 220V directo. No requiere obras ni ductos.,https://www.solotodo.cl/products/397750
358503,Estufas,Combi,EP41,Combi EP41,Estufa a Pellet,Pellet,"0,6 - 1,8 kg/hora (estándar)","0,850 (85%)",-,-,No especificado,214990,Sodimac,https://www.sodimac.cl/sodimac-cl/articulo/144946930/product/144946932,214990,214990,Sodimac,1,"Sodimac: $214,990",$ 120.000 (Kit cañones inox / pasamuros),$ 45.000 / año (Deshollinado / crisol),Dimensiones: 400 x 700 x 400 mm | Flete volumen pesado a zonas extremas (+15-25% H/I). Requiere leña seca (<25% hum) o pellet certificado.,https://www.solotodo.cl/products/358503
79482,Estufas,Nex,HFS8000,Nex HFS8000,Chimenea Eléctrica Decorativa,Electricidad,1.50 kWh/hora (1500 W),"1,0 (100%)",-,1500 W / 1291 Kcal/h / 5118 BTU/h,No especificado,209990,Easy,https://www.easy.cl/mueble-chimenea-electrica-1500w-hfs8000-nex-1267600/p,199990,209990,Easy,1,"Easy: $209,990",$ 0 (Enchufable 220V),$ 0 (Sin mantención periódica),Certificación SEC QR: 224772 | Dimensiones: 1090 x 900 x 315 mm | Enchufable 220V directo. No requiere obras ni ductos.,https://www.solotodo.cl/products/79482
273612,Estufas,Kendal,Infrarroja Golden Tube Negra,Kendal Infrarroja Golden Tube Negra,Calefactor Eléctrico Infrarrojo,Electricidad,2.00 kWh/hora (2000 W),"1,0 (100%)",-,2000 W,65 m2,209990,Falabella,https://www.falabella.com/falabella-cl/product/17391030/ESTUFA-KEI-GOLDEN01KENDALKEI-GOLDEN01N/17391030,209990,209990,Falabella,1,"Falabella: $209,990",$ 0 (Enchufable 220V),$ 0 (Sin mantención periódica),Certificación SEC QR: 552207 | Peso: 6.2 kg | Dimensiones: 254 x 276 x 254 mm | Enchufable 220V directo. No requiere obras ni ductos.,https://www.solotodo.cl/products/273612
271315,Estufas,Verken,Litt (Negro),Verken Litt (Negro),Estufa de Patio,Gas Licuado (GLP),720 g/hora / 10.0 kW térmico,"0,800 (80%)",-,10 W / 8600 Kcal/h / 10.0 kW,16 m2,209990,Mercado Libre (VERKEN.CL),https://www.mercadolibre.cl/p/MLC52278186?pdp_filters=official_store:all,209990,209990,Mercado Libre (VERKEN.CL),1,"Mercado Libre (VERKEN.CL): $209,990",$ 0 (Portátil),$ 20.000 / 2 años (Regulador y flexible),Dimensiones: N/A mm,https://www.solotodo.cl/products/271315
107881,Estufas,Sindelen,SR-6250NG,Sindelen SR-6250NG,Estufa Gas Radiante Infrarroja,Gas Licuado (GLP),300 g/hora,"0,800 (80%)",-,4200 W / 3612 Kcal/h / 14331 BTU/h,65 m2,209990,Mercado Libre (SINDELEN),https://www.mercadolibre.cl/p/MLC22629151?pdp_filters=official_store:all,209990,209990,Mercado Libre (SINDELEN),1,"Mercado Libre (SINDELEN): $209,990",$ 0 (Portátil),$ 20.000 / 2 años (Regulador y flexible),Certificación SEC QR: 376624 | Peso: 13.5 kg | Dimensiones: 420 x 730 x 490 mm,https://www.solotodo.cl/products/107881
239894,Estufas,Alcazar,Kaly 15 - Gris,Alcazar Kaly 15 - Gris,Estufa Gas Radiante Infrarroja,Gas Licuado (GLP),305 g/hora,"0,800 (80%)",-,-,40 m2,203990,Sodimac,https://www.sodimac.cl/sodimac-cl/articulo/110003666/product/110003672,203990,203990,Sodimac,1,"Sodimac: $203,990",$ 0 (Portátil),$ 20.000 / 2 años (Regulador y flexible),Certificación SEC QR: 302056 | Peso: 11.7 kg | Dimensiones: 417 x 728 x 500 mm,https://www.solotodo.cl/products/239894
44253,Estufas,Thomas,TH-IR61,Thomas TH-IR61,Calefactor Eléctrico Infrarrojo,Electricidad,1.80 kWh/hora (1800 W),"1,0 (100%)",-,1800 W / 1548 Kcal/h / 6142 BTU/h,No especificado,199990,Falabella,https://www.falabella.com/falabella-cl/product/17389330/Estufa-Infraroja-TH-IR61-Thomas/17389330,199990,199990,Mercado Libre (Thomas),2,"Falabella: $199,990 | Mercado Libre (Thomas): $199,990",$ 0 (Enchufable 220V),$ 0 (Sin mantención periódica),Certificación SEC QR: 258218 | Dimensiones: 390 x 430 x 350 mm | Enchufable 220V directo. No requiere obras ni ductos.,https://www.solotodo.cl/products/44253
61190,Estufas,Ursus Trotter,IRH S-1500 Wifi,Ursus Trotter IRH S-1500 Wifi,Calefactor Eléctrico Infrarrojo,Electricidad,1.50 kWh/hora (1500 W),"1,0 (100%)",-,1500 W,35 m2,199990,Falabella,https://www.falabella.com/falabella-cl/product/16178889/Estufa-Electrica-1.5-Kw-Rhs-1500-Wifi-Ursus-Trotter/16178889,199990,129990,Paris,4,"Paris: $129,990 | Falabella: $199,990 | Hites: $169,990 | Mercado Libre: $199,990",$ 0 (Enchufable 220V),$ 0 (Sin mantención periódica),Certificación SEC QR: 219220 | Peso: 25.0 kg | Dimensiones: 290 x 420 x 320 mm | Enchufable 220V directo. No requiere obras ni ductos.,https://www.solotodo.cl/products/61190
60453,Estufas,Thörben,GREEN 1500 2 EN 1 (Madera),Thörben GREEN 1500 2 EN 1 (Madera),Calefactor Eléctrico Infrarrojo,Electricidad,1.50 kWh/hora (1500 W),"1,0 (100%)",-,1500 W / 5600 BTU/h,60 m2,199990,Hites,https://www.hites.com/estufa-infrarroja-thorben-grenn-1500-791143001.html,199990,169990,Falabella Marketplace (Thorben Store),2,"Hites: $199,990 | Falabella Marketplace (Thorben Store): $169,990",$ 0 (Enchufable 220V),$ 0 (Sin mantención periódica),Certificación SEC QR: 221705 | Peso: 8.5 kg | Dimensiones: 355 x 430 x 400 mm | Enchufable 220V directo. No requiere obras ni ductos.,https://www.solotodo.cl/products/60453
241767,Estufas,Combi,M12,Combi M12,Estufa de Patio,Gas Licuado (GLP),240 g/hora,"0,800 (80%)",-,3500 W,5 m2,199990,Paris,https://www.paris.cl/estufa-exterior-3500w-m12-reflectante-696574999.html,199990,199990,Paris,1,"Paris: $199,990",$ 0 (Portátil),$ 20.000 / 2 años (Regulador y flexible),Certificación SEC QR: 505116 | Peso: 27.0 kg | Dimensiones: 460 x 1460 x 460 mm,https://www.solotodo.cl/products/241767
37795,Estufas,Toyotomi,KS-23,Toyotomi KS-23,Estufa Kerosene Mecha (Cámara Conv/Rad),Kerosene / Parafina,219 ml/hora,"0,800 (80%)",-,2300 W / 1983 Kcal/h / 7850 BTU/h,50 m2,199990,Falabella,"https://www.falabella.com/falabella-cl/product/4433248/Estufa-Parafina-Mecha-2,3-kW-KS-23-Toyotomi/4433248",199990,199990,Tienda Toyotomi,2,"Falabella: $199,990 | Tienda Toyotomi: $199,990",$ 0 (Portátil),$ 25.000 / 2 años (Cambio mecha),Certificación SEC QR: 9900000002358 | Peso: 6.6 kg | Dimensiones: 446 x 422 x 330 mm | Capacidad Estanque/Tolva: 3.6 L/kg | En Zona H (>1500 msnm) requiere modelo de alta altitud por baja presión de O2.,https://www.solotodo.cl/products/37795
273327,Estufas,Thörben,Thor KW Heat 4400,Thörben Thor KW Heat 4400,Estufa Kerosene Mecha (Cámara Conv/Rad),Kerosene / Parafina,460 ml/hora / 5.1 kW térmico,"0,800 (80%)",-,5100 W / 4394 Kcal/h / 5.1 kW,20 m2,199990,Falabella Marketplace (Thorben Store),"https://www.falabella.com/falabella-cl/product/143347055/Estufa-Parafina-Mecha-7,2-Litros-4.9Kw-Thor-KW-Heat-4400/143347056",199990,199990,Falabella Marketplace (Thorben Store),1,"Falabella Marketplace (Thorben Store): $199,990",$ 0 (Portátil),$ 25.000 / 2 años (Cambio mecha),Certificación SEC QR: 553015 | Peso: 10.5 kg | Dimensiones: 455 x 600 x 455 mm | En Zona H (>1500 msnm) requiere modelo de alta altitud por baja presión de O2.,https://www.solotodo.cl/products/273327
271317,Estufas,Ursus Trotter,UT FRX-4200ET,Ursus Trotter UT FRX-4200ET,Estufa Gas Radiante Infrarroja,Gas Licuado (GLP),120 - 320 g/hora (estándar),"0,800 (80%)",-,1400 W,No especificado,198066,Mercado Libre,https://www.mercadolibre.cl/p/MLC50728385?pdp_filters=official_store:all,198066,198066,Mercado Libre,1,"Mercado Libre: $198,066",$ 0 (Portátil),$ 20.000 / 2 años (Regulador y flexible),Certificación SEC QR: 537024 | Peso: 10.6 kg | Dimensiones: 420 x 735 x 520 mm,https://www.solotodo.cl/products/271317
276719,Estufas,Primaterm,ONIX-1500W (Negro),Primaterm ONIX-1500W (Negro),Calefactor Eléctrico Cerámico / PTC,Electricidad,1.50 kWh/hora (1500 W),"1,0 (100%)",-,1500 W,24 m2,197990,Easy,https://www.easy.cl/radiador-calefactor-ceramico-1500w-onix-1500-wi-fi-antracita-1473790/p,197990,197990,Easy,1,"Easy: $197,990",$ 0 (Enchufable 220V),$ 0 (Sin mantención periódica),Certificación SEC QR: 508095 | Peso: 11.3 kg | Dimensiones: 760 x 460 x 94 mm | Enchufable 220V directo. No requiere obras ni ductos.,https://www.solotodo.cl/products/276719
257550,Estufas,Primaterm,ONIX-1500W (Blanco),Primaterm ONIX-1500W (Blanco),Convector Eléctrico,Electricidad,1.50 kWh/hora (1500 W) / 1500.0 kW térmico,"1,0 (100%)",-,1500 W / 1290 Kcal/h / 5120 BTU/h / 1500.0 kW,20 m2,197990,Easy,https://www.easy.cl/radiador-calefactor-ceramico-onix-1500-wifi-1500-w-blanco-1473791/p,197990,197990,Easy,1,"Easy: $197,990",$ 0 (Enchufable 220V),$ 0 (Sin mantención periódica),Certificación SEC QR: 508095 | Peso: 11.3 kg | Dimensiones: 760 x 460 x 94 mm | Enchufable 220V directo. No requiere obras ni ductos.,https://www.solotodo.cl/products/257550
253178,Estufas,Klyma,Cildro LW Inox (KYPH8922),Klyma Cildro LW Inox (KYPH8922),Estufa de Terraza,Gas Licuado (GLP),946 g/hora,"0,800 (80%)",-,11000 W / 37540 BTU/h,30 m2,197990,Travel Tienda,https://tienda.travel.cl/calefacci%C3%B3n/estufa-a-gas-klyma-exterior-terraza-cildro-lw-inox-135-metros/SKU103587,197990,197990,Travel Tienda,1,"Travel Tienda: $197,990",$ 0 (Portátil),$ 20.000 / 2 años (Regulador y flexible),Certificación SEC QR: 523674 | Peso: 12.0 kg | Dimensiones: 460 x 1350 x 460 mm,https://www.solotodo.cl/products/253178
38051,Estufas,Fensa,F720+,Fensa F720+,Estufa Kerosene Mecha (Cámara Conv/Rad),Kerosene / Parafina,240 ml/hora,"0,800 (80%)",-,2700 W,17 m2,189990,Ripley,https://simple.ripley.cl/estufa-fensa-parafina-mecha-42-lt-f-720-2000362783113p,189990,102990,Lider Marketplace (ELECTROLUX DE CHILE S.A.),8,"Paris: $109,990 | Ripley: $189,990 | Easy: $189,990 | Sodimac: $154,790 | Falabella Marketplace (Electrolux Group): $104,990 (+3 más)",$ 0 (Portátil),$ 25.000 / 2 años (Cambio mecha),Certificación SEC QR: 210130 | Peso: 8.6 kg | Dimensiones: 454 x 495 x 326 mm | Capacidad Estanque/Tolva: 4.2 L/kg | En Zona H (>1500 msnm) requiere modelo de alta altitud por baja presión de O2.,https://www.solotodo.cl/products/38051
38012,Estufas,Mademsa,Fiamma Pro,Mademsa Fiamma Pro,Estufa Kerosene Mecha (Cámara Conv/Rad),Kerosene / Parafina,240 ml/hora,"0,800 (80%)",-,2700 W / 9000 BTU/h,17 m2,189990,Ripley,https://simple.ripley.cl/estufa-mademsa-parafina-mecha-42-lt-fiamma-pro-2000362783137p,189990,108990,Hites,7,"Ripley: $189,990 | Hites: $108,990 | Easy: $189,990 | Sodimac: $139,990 | ABC: $189,990 (+2 más)",$ 0 (Portátil),$ 25.000 / 2 años (Cambio mecha),Certificación SEC QR: 210130 | Peso: 8.6 kg | Dimensiones: 454 x 495 x 326 mm | Capacidad Estanque/Tolva: 4.2 L/kg | En Zona H (>1500 msnm) requiere modelo de alta altitud por baja presión de O2.,https://www.solotodo.cl/products/38012
112331,Estufas,Atlantic,New Solius 1500,Atlantic New Solius 1500,Radiador Eléctrico,Electricidad,1.50 kWh/hora (1500 W),"1,0 (100%)",-,1500 W,35 m2,189990,Falabella Marketplace (BOSCA),https://www.falabella.com/falabella-cl/product/116568162/estufa-electrica-atlantic-new-solius-1500/116568164,189990,139990,ABC,4,"Sodimac: $159,990 | Travel Tienda: $184,990 | ABC: $139,990 | Falabella Marketplace (BOSCA): $189,990",$ 0 (Enchufable 220V),$ 0 (Sin mantención periódica),Certificación SEC QR: 249542 | Peso: 7.8 kg | Dimensiones: 823 x 477 x 13 mm | Enchufable 220V directo. No requiere obras ni ductos.,https://www.solotodo.cl/products/112331
271127,Estufas,Ursus Trotter,UT FRX-2800ET,Ursus Trotter UT FRX-2800ET,Calefactor Eléctrico Infrarrojo,Electricidad,Según potencia eléctrica conectada,"1,0 (100%)",-,-,35 m2,189990,Falabella,https://www.falabella.com/falabella-cl/product/17367855/Estufa-a-Gas-8.5-Kg-UT-FRX-2800ET-Ursus-Trotter/17367855,189990,164990,Mercado Libre,5,"Falabella: $189,990 | Paris: $164,990 | ABC: $169,990 | Travel Tienda: $189,990 | Mercado Libre: $164,990",$ 0 (Enchufable 220V),$ 0 (Sin mantención periódica),Certificación SEC QR: 535534 | Peso: 8.4 kg | Dimensiones: 325 x 660 x 370 mm | Enchufable 220V directo. No requiere obras ni ductos.,https://www.solotodo.cl/products/271127
114224,Estufas,Bosch,HC4000-20,Bosch HC4000-20,Convector Eléctrico,Electricidad,2.00 kWh/hora (2000 W),"1,0 (100%)",-,2000 W,49 m2,189990,Sodimac,https://www.sodimac.cl/sodimac-cl/articulo/110378716/product/110378725,189990,179990,Hites,5,"Sodimac: $189,990 | Hites: $179,990 | Travel Tienda: $180,990 | Mercado Libre (ROBERTBOSCHSA): $189,990 | Mercado Libre (Junkers Bosch): $189,990",$ 0 (Enchufable 220V),$ 0 (Sin mantención periódica),Certificación SEC QR: 371812 | Peso: 5.4 kg | Dimensiones: 754 x 451 x 56 mm | Enchufable 220V directo. No requiere obras ni ductos.,https://www.solotodo.cl/products/114224
78816,Estufas,Atlantic,New Solius 1000 Wifi,Atlantic New Solius 1000 Wifi,Radiador Eléctrico,Electricidad,1.00 kWh/hora (1000 W),"1,0 (100%)",-,1000 W / 860 Kcal/h / 3412 BTU/h,25 m2,189990,Easy,https://www.easy.cl/calefactor-electrico-1000w-solius-wi-fi-blanco-1284424/p,189990,189990,Sodimac,2,"Easy: $189,990 | Sodimac: $189,990",$ 0 (Enchufable 220V),$ 0 (Sin mantención periódica),Certificación SEC QR: 303866 | Peso: 6.6 kg | Dimensiones: 601 x 477 x 13 mm | Enchufable 220V directo. No requiere obras ni ductos.,https://www.solotodo.cl/products/78816
253179,Estufas,Klyma,Cildro LW Negro (KYPH8915),Klyma Cildro LW Negro (KYPH8915),Estufa de Terraza,Gas Licuado (GLP),946 g/hora,"0,800 (80%)",-,11000 W / 37540 BTU/h,30 m2,187990,Travel Tienda,https://tienda.travel.cl/calefacci%C3%B3n/estufa-a-gas-klyma-exterior-terraza-cildro-lw-negro-135-metros/SKU103589,187990,187990,Travel Tienda,1,"Travel Tienda: $187,990",$ 0 (Portátil),$ 20.000 / 2 años (Regulador y flexible),Certificación SEC QR: 502212 | Peso: 12.0 kg | Dimensiones: 460 x 1350 x 460 mm,https://www.solotodo.cl/products/253179
273140,Estufas,Thörben,Thor Fireplace 3D Plus CACHITHO1633294,Thörben Thor Fireplace 3D Plus CACHITHO1633294,Estufa Eléctrica,Electricidad,Según potencia eléctrica conectada,"1,0 (100%)",-,-,35 m2,182990,Travel Tienda,https://tienda.travel.cl/estufas-el%C3%A9ctricas/chimenea-el%C3%A9ctrica-thorben-2-potencias-2000w-thor-fireplace-3d-plus-negro/SKU121504,182990,182990,Travel Tienda,1,"Travel Tienda: $182,990",$ 0 (Enchufable 220V),$ 0 (Sin mantención periódica),Certificación SEC QR: 548023 | Dimensiones: 485 x 790 x 375 mm | Enchufable 220V directo. No requiere obras ni ductos.,https://www.solotodo.cl/products/273140
87687,Estufas,Atlantic,New Solius 750 Wifi,Atlantic New Solius 750 Wifi,Radiador Eléctrico,Electricidad,0.75 kWh/hora (750 W),"1,0 (100%)",-,750 W / 645 Kcal/h / 2559 BTU/h,15 m2,179990,Travel Tienda,https://tienda.travel.cl/bosca/calefactor-electrico-atlantic-new-solius-wifi-750/SKU96672,179990,94990,Easy,5,"Easy: $94,990 | Sodimac: $159,990 | Travel Tienda: $179,990 | ABC: $119,990 | Mercado Libre (BOSCACHILE): $179,990",$ 0 (Enchufable 220V),$ 0 (Sin mantención periódica),Certificación SEC QR: 249396 | Peso: 5.2 kg | Dimensiones: 527 x 477 x 130 mm | Enchufable 220V directo. No requiere obras ni ductos.,https://www.solotodo.cl/products/87687
44252,Estufas,Thomas,TH-IR60,Thomas TH-IR60,Calefactor Eléctrico Infrarrojo,Electricidad,1.80 kWh/hora (1800 W),"1,0 (100%)",-,1800 W / 1548 Kcal/h / 6142 BTU/h,No especificado,179990,Falabella,https://www.falabella.com/falabella-cl/product/17389329/Estufa-Infraroja-TH-IR60-Thomas/17389329,179990,109990,Easy,6,"Paris: $129,990 | Easy: $109,990 | Sodimac: $129,990 | Falabella: $179,990 | Mercado Libre (COMERCIALIZADORALOSROBLESLT): $179,990 (+1 más)",$ 0 (Enchufable 220V),$ 0 (Sin mantención periódica),Certificación SEC QR: 258218 | Dimensiones: 390 x 430 x 350 mm | Enchufable 220V directo. No requiere obras ni ductos.,https://www.solotodo.cl/products/44252
38358,Estufas,Atlantic,Solius 1500,Atlantic Solius 1500,Radiador Eléctrico,Electricidad,1.50 kWh/hora (1500 W),"1,0 (100%)",-,1500 W / 6820 Kcal/h,35 m2,179990,Mercado Libre (Bosca),https://www.mercadolibre.cl/up/MLCU93529313?pdp_filters=official_store%3Aall,179990,109990,Easy,2,"Easy: $109,990 | Mercado Libre (Bosca): $179,990",$ 0 (Enchufable 220V),$ 0 (Sin mantención periódica),Certificación SEC QR: 249542 | Peso: 6.0 kg | Dimensiones: 815 x 450 x 98 mm | Enchufable 220V directo. No requiere obras ni ductos.,https://www.solotodo.cl/products/38358
392305,Estufas,Verken,HeatGlass - Negro,Verken HeatGlass - Negro,Convector Eléctrico,Electricidad,2.00 kWh/hora (2000 W),"1,0 (100%)",-,2000 W,25 m2,179990,Mercado Libre (VERKEN.CL),https://www.mercadolibre.cl/p/MLC68733694?pdp_filters=official_store:all,179990,109990,Falabella Marketplace (Verken),2,"Mercado Libre (VERKEN.CL): $179,990 | Falabella Marketplace (Verken): $109,990",$ 0 (Enchufable 220V),$ 0 (Sin mantención periódica),Peso: 9.0 kg | Dimensiones: 75 x 770 x 470 mm | Enchufable 220V directo. No requiere obras ni ductos.,https://www.solotodo.cl/products/392305
78805,Estufas,Ursus Trotter,IRH S-1500,Ursus Trotter IRH S-1500,Calefactor Eléctrico Infrarrojo,Electricidad,1.50 kWh/hora (1500 W),"1,0 (100%)",-,1500 W / 1290 Kcal/h / 5118 BTU/h,35 m2,179990,Hites,https://www.hites.com/estufa-infrarroja-ursus-trotter-irh-s-1500-851026001.html,179990,127390,Mercado Libre,5,"Hites: $179,990 | Falabella: $179,990 | Sodimac: $134,990 | ABC: $139,990 | Mercado Libre: $127,390",$ 0 (Enchufable 220V),$ 0 (Sin mantención periódica),Certificación SEC QR: 219220 | Peso: 5.7 kg | Dimensiones: 290 x 417 x 292 mm | Enchufable 220V directo. No requiere obras ni ductos.,https://www.solotodo.cl/products/78805
45669,Estufas,Sumoheat,SH-85,Sumoheat SH-85,Estufa Kerosene Mecha (Cámara Conv/Rad),Kerosene / Parafina,210 ml/hora,"0,800 (80%)",-,8500 BTU/h,60 m2 / 120 m3,179990,Travel Tienda,https://tienda.travel.cl/estufas-a-parafina/estufa-a-mecha-sumoheat-sh-85-radiante/SKU120781,179990,179990,Travel Tienda,1,"Travel Tienda: $179,990",$ 0 (Portátil),$ 25.000 / 2 años (Cambio mecha),Certificación SEC QR: 257272 | Peso: 9.2 kg | Dimensiones: 533 x 457 x 299 mm | Capacidad Estanque/Tolva: 4.5 L/kg | En Zona H (>1500 msnm) requiere modelo de alta altitud por baja presión de O2.,https://www.solotodo.cl/products/45669
38246,Estufas,Tenki,TN77,Tenki TN77,Estufa Kerosene Mecha (Cámara Conv/Rad),Kerosene / Parafina,285 ml/hora,"0,800 (80%)",-,2525 Kcal/h / 10000 BTU/h,60 m2,179990,Falabella,"https://www.falabella.com/falabella-cl/product/3001240/Estufa-Parafina-Mecha-2,9-kW-TN-77-Tenki/3001240",179990,179990,Falabella,1,"Falabella: $179,990",$ 0 (Portátil),$ 25.000 / 2 años (Cambio mecha),Certificación SEC QR: 225522 | Peso: 7.0 kg | Dimensiones: 360 x 500 x 360 mm | Capacidad Estanque/Tolva: 4.5 L/kg | En Zona H (>1500 msnm) requiere modelo de alta altitud por baja presión de O2.,https://www.solotodo.cl/products/38246
357070,Estufas,Thörben,Thor GL 15K Gold Rose,Thörben Thor GL 15K Gold Rose,Estufa Gas Radiante Infrarroja,Gas Licuado (GLP),120 - 320 g/hora (estándar),"0,800 (80%)",-,-,100 m2,179990,Precio referencia SoloTodo,,179990,179990,Precio referencia SoloTodo,0,,$ 0 (Portátil),$ 20.000 / 2 años (Regulador y flexible),"Certificación SEC QR: 533727,532113 | Dimensiones: N/A mm",https://www.solotodo.cl/products/357070
42066,Estufas,Thörben,GREEN 1500 2 EN 1 (Negro),Thörben GREEN 1500 2 EN 1 (Negro),Calefactor Eléctrico Infrarrojo,Electricidad,1.50 kWh/hora (1500 W),"1,0 (100%)",-,1500 W / 5600 BTU/h,60 m2,179990,Falabella Marketplace (Thorben Store),https://www.falabella.com/falabella-cl/product/115219693/Estufa-infrarroja-2-en-1-Thor-Green-1500-Wifi/115219694,179990,179990,Falabella Marketplace (Thorben Store),1,"Falabella Marketplace (Thorben Store): $179,990",$ 0 (Enchufable 220V),$ 0 (Sin mantención periódica),Certificación SEC QR: 221705 | Peso: 8.5 kg | Dimensiones: 355 x 430 x 400 mm | Enchufable 220V directo. No requiere obras ni ductos.,https://www.solotodo.cl/products/42066
141573,Estufas,Toyotomi,SW-2042,Toyotomi SW-2042,Estufa Colgante,Electricidad,2.00 kWh/hora (2000 W),"1,0 (100%)",-,2000 W / 1720 Kcal/h / 6824 BTU/h,15 m2,179990,Tienda Toyotomi,https://toyotomi.cl/product/patio-heater-electrico-2-kw-sw-2042/,179990,179990,Tienda Toyotomi,1,"Tienda Toyotomi: $179,990",$ 0 (Enchufable 220V),$ 0 (Sin mantención periódica),Peso: 3.7 kg | Dimensiones: 736 x 130 x 108 mm | Enchufable 220V directo. No requiere obras ni ductos.,https://www.solotodo.cl/products/141573
79729,Estufas,Atlantic,New Solius 1500 Wifi,Atlantic New Solius 1500 Wifi,Radiador Eléctrico,Electricidad,1.50 kWh/hora (1500 W),"1,0 (100%)",-,1500 W,35 m2,177790,Sodimac,https://www.sodimac.cl/sodimac-cl/articulo/110003029/product/110003033,177790,119990,Easy,2,"Easy: $119,990 | Sodimac: $177,790",$ 0 (Enchufable 220V),$ 0 (Sin mantención periódica),Certificación SEC QR: 249542 | Peso: 7.8 kg | Dimensiones: 823 x 477 x 13 mm | Enchufable 220V directo. No requiere obras ni ductos.,https://www.solotodo.cl/products/79729
238591,Estufas,Sindelen,Sunny SR-5350TNG,Sindelen Sunny SR-5350TNG,Estufa Híbrida,Gas Licuado (GLP),120 - 320 g/hora (estándar),"0,800 (80%)",-,1300 W / 2365 Kcal/h / 9500 BTU/h,15 m3,169990,Mercado Libre (Sindelen),https://www.mercadolibre.cl/up/MLCU350408199?pdp_filters=official_store%3Aall,169990,169990,Mercado Libre (Sindelen),1,"Mercado Libre (Sindelen): $169,990",$ 0 (Portátil),$ 20.000 / 2 años (Regulador y flexible),Certificación SEC QR: 478874 | Peso: 7.8 kg | Dimensiones: 300 x 600 x 385 mm,https://www.solotodo.cl/products/238591
38353,Estufas,Fensa,F1120+,Fensa F1120+,Estufa Kerosene Mecha (Cámara Conv/Rad),Kerosene / Parafina,240 ml/hora,"0,800 (80%)",-,2700 W,17 m2,169990,Ripley,https://simple.ripley.cl/estufa-fensa-parafina-mecha-4-lt-f-1120-2000362783120p,169990,169990,Ripley,1,"Ripley: $169,990",$ 0 (Portátil),$ 25.000 / 2 años (Cambio mecha),Certificación SEC QR: 210940 | Peso: 7.5 kg | Dimensiones: 404 x 475 x 320 mm | Capacidad Estanque/Tolva: 4.0 L/kg | En Zona H (>1500 msnm) requiere modelo de alta altitud por baja presión de O2.,https://www.solotodo.cl/products/38353
37999,Estufas,Mademsa,Foguita PRO,Mademsa Foguita PRO,Estufa Kerosene Mecha (Cámara Conv/Rad),Kerosene / Parafina,240 ml/hora,"0,800 (80%)",-,2700 W,17 m2,169990,Ripley,https://simple.ripley.cl/estufa-mademsa-parafina-mecha-4-lt-foguita-pro-2000362783144p,169990,169990,Ripley,1,"Ripley: $169,990",$ 0 (Portátil),$ 25.000 / 2 años (Cambio mecha),Certificación SEC QR: 9900000003211 | Peso: 7.5 kg | Dimensiones: 404 x 475 x 320 mm | Capacidad Estanque/Tolva: 4.0 L/kg | En Zona H (>1500 msnm) requiere modelo de alta altitud por baja presión de O2.,https://www.solotodo.cl/products/37999
38959,Estufas,Sumoheat,SH-77 (Negro),Sumoheat SH-77 (Negro),Estufa Kerosene Mecha (Cámara Conv/Rad),Kerosene / Parafina,200 ml/hora,"0,800 (80%)",-,10000 BTU/h,60 m2,169990,Travel Tienda,https://tienda.travel.cl/estufas-a-parafina/estufa-a-mecha-sumoheat-sh-77-black/SKU120768,169990,169990,Travel Tienda,1,"Travel Tienda: $169,990",$ 0 (Portátil),$ 25.000 / 2 años (Cambio mecha),Certificación SEC QR: 219696 | Peso: 8.0 kg | Dimensiones: 375 x 500 x 375 mm | Capacidad Estanque/Tolva: 4.5 L/kg | En Zona H (>1500 msnm) requiere modelo de alta altitud por baja presión de O2.,https://www.solotodo.cl/products/38959
270323,Estufas,Ursus Trotter,UT FRX-4200,Ursus Trotter UT FRX-4200,Estufa Gas Radiante Infrarroja,Gas Licuado (GLP),120 - 320 g/hora (estándar),"0,800 (80%)",-,1400 W,No especificado,169990,ABC,https://www.abc.cl/estufa-a-gas-ursus-trotter-ut-frx-4200-15-kg/28413947.html,169990,169990,ABC,1,"ABC: $169,990",$ 0 (Portátil),$ 20.000 / 2 años (Regulador y flexible),Certificación SEC QR: 536788 | Peso: 11.3 kg | Dimensiones: 420 x 735 x 520 mm,https://www.solotodo.cl/products/270323
276765,Estufas,Klyma,Setax White,Klyma Setax White,Estufa de Terraza,Gas Licuado (GLP),946 g/hora,"0,800 (80%)",-,13000 W / 44000 BTU/h,70 m2,167990,Travel Tienda,https://tienda.travel.cl/calefacci%C3%B3n-exterior/estufa-a-gas-klyma-exterior-terraza-setax-white/SKU121244,167990,167990,Travel Tienda,1,"Travel Tienda: $167,990",$ 0 (Portátil),$ 20.000 / 2 años (Regulador y flexible),Peso: 16.5 kg | Dimensiones: 465 x 2210 x 950 mm,https://www.solotodo.cl/products/276765
276721,Estufas,Primaterm,ONIX-1000 (Negro),Primaterm ONIX-1000 (Negro),Calefactor Eléctrico Cerámico / PTC,Electricidad,1.00 kWh/hora (1000 W),"1,0 (100%)",-,1000 W,15 m2,165990,Easy,https://www.easy.cl/radiador-calefactor-ceramico-onix-1000-wifi-1000-w-antracita-1473788/p,165990,165990,Easy,1,"Easy: $165,990",$ 0 (Enchufable 220V),$ 0 (Sin mantención periódica),Certificación SEC QR: 508100 | Peso: 9.4 kg | Dimensiones: 560 x 460 x 94 mm | Enchufable 220V directo. No requiere obras ni ductos.,https://www.solotodo.cl/products/276721
44247,Estufas,Thomas,TH-FP70,Thomas TH-FP70,Chimenea Eléctrica Decorativa,Electricidad,2.00 kWh/hora (2000 W),"1,0 (100%)",-,2000 W / 1720 Kcal/h / 6824 BTU/h,No especificado,164990,ABC,https://www.abc.cl/chimenea-electrica-thomas-th-fp70/22968424.html,164990,99990,Falabella Marketplace (Thomas/Siegen),5,"Paris: $129,990 | Easy: $119,990 | Sodimac: $109,990 | ABC: $164,990 | Falabella Marketplace (Thomas/Siegen): $99,990",$ 0 (Enchufable 220V),$ 0 (Sin mantención periódica),Certificación SEC QR: 257860 | Dimensiones: 490 x 670 x 320 mm | Enchufable 220V directo. No requiere obras ni ductos.,https://www.solotodo.cl/products/44247
382838,Estufas,Sumoheat,SH PLUS,Sumoheat SH PLUS,Estufa de Terraza,Gas Licuado (GLP),120 - 320 g/hora (estándar),"0,800 (80%)",-,2000 W,25 m2,164990,Travel Tienda,https://tienda.travel.cl/calefacci%C3%B3n-exterior/estufa-electrica-sumo-de-terraza-sumoheat-sh-plus/SKU138028,164990,164990,Travel Tienda,1,"Travel Tienda: $164,990",$ 0 (Portátil),$ 20.000 / 2 años (Regulador y flexible),Certificación SEC QR: 561720 | Dimensiones: 500 x 20750 x 500 mm,https://www.solotodo.cl/products/382838
38671,Estufas,Mademsa,Vittale 8 CP,Mademsa Vittale 8 CP,Estufa Gas Radiante Infrarroja,Gas Licuado (GLP),230 g/hora,"0,800 (80%)",-,2750 W / 2365 Kcal/h / 9383 BTU/h,No especificado,164990,Hites,https://www.hites.com/estufa-a-gas-mademsa-vittale-8-cp-5-kg-627674001.html,164990,164990,Hites,1,"Hites: $164,990",$ 0 (Portátil),$ 20.000 / 2 años (Regulador y flexible),Certificación SEC QR: 45594 | Peso: 8.4 kg | Dimensiones: 305 x 650 x 400 mm,https://www.solotodo.cl/products/38671
61850,Estufas,Thomas,TH-FP75,Thomas TH-FP75,Chimenea Eléctrica Decorativa,Electricidad,1.85 kWh/hora (1850 W),"1,0 (100%)",-,1850 W / 1590 Kcal/h / 6312 BTU/h,No especificado,159990,Mercado Libre (Thomas),https://www.mercadolibre.cl/up/MLCU21492749?pdp_filters=official_store%3Aall,159990,89990,Falabella Marketplace (Thomas/Siegen),4,"Easy: $89,990 | Sodimac: $127,990 | Falabella Marketplace (Thomas/Siegen): $89,990 | Mercado Libre (Thomas): $159,990",$ 0 (Enchufable 220V),$ 0 (Sin mantención periódica),Certificación SEC QR: 292959 | Dimensiones: 500 x 575 x 285 mm | Enchufable 220V directo. No requiere obras ni ductos.,https://www.solotodo.cl/products/61850
87686,Estufas,Atlantic,New Solius 750,Atlantic New Solius 750,Radiador Eléctrico,Electricidad,0.75 kWh/hora (750 W),"1,0 (100%)",-,750 W / 645 Kcal/h / 2559 BTU/h,15 m2,159990,Travel Tienda,https://tienda.travel.cl/bosca/calefactor-electrico-atlantic-new-solius-750/SKU96682,159990,94990,Easy,5,"Sodimac: $133,390 | Travel Tienda: $159,990 | Easy: $94,990 | Falabella Marketplace (BOSCA): $159,990 | Mercado Libre (Bosca): $149,990",$ 0 (Enchufable 220V),$ 0 (Sin mantención periódica),Certificación SEC QR: 249396 | Peso: 5.2 kg | Dimensiones: 527 x 477 x 130 mm | Enchufable 220V directo. No requiere obras ni ductos.,https://www.solotodo.cl/products/87686
257548,Estufas,Primaterm,ONIX-1500W (Gris),Primaterm ONIX-1500W (Gris),Convector Eléctrico,Electricidad,1.50 kWh/hora (1500 W) / 1500.0 kW térmico,"1,0 (100%)",-,1500 W / 1290 Kcal/h / 5120 BTU/h / 1500.0 kW,20 m2,159990,Easy,https://www.easy.cl/radiador-calefactor-ceramico-1500w-onix-1500-antracita-1439575/p,159990,159990,Easy,1,"Easy: $159,990",$ 0 (Enchufable 220V),$ 0 (Sin mantención periódica),Certificación SEC QR: 508095 | Peso: 11.3 kg | Dimensiones: 760 x 460 x 94 mm | Enchufable 220V directo. No requiere obras ni ductos.,https://www.solotodo.cl/products/257548
82539,Estufas,Atlantic,New Solius 1000,Atlantic New Solius 1000,Radiador Eléctrico,Electricidad,1.00 kWh/hora (1000 W),"1,0 (100%)",-,1000 W / 860 Kcal/h / 3412 BTU/h,25 m2,159990,Easy,https://www.easy.cl/calefactor-electrico-solius-1000-w-1209406/p,159990,159990,Easy,1,"Easy: $159,990",$ 0 (Enchufable 220V),$ 0 (Sin mantención periódica),Certificación SEC QR: 249399 | Peso: 6.6 kg | Dimensiones: 601 x 477 x 13 mm | Enchufable 220V directo. No requiere obras ni ductos.,https://www.solotodo.cl/products/82539
114225,Estufas,Bosch,HC4000-10,Bosch HC4000-10,Convector Eléctrico,Electricidad,1.00 kWh/hora (1000 W),"1,0 (100%)",-,1000 W,25 m2,157990,Mercado Libre (Junkers Bosch),https://www.mercadolibre.cl/up/MLCU3168964643?pdp_filters=official_store%3Aall,157990,142990,Hites,3,"Hites: $142,990 | Mercado Libre (ROBERTBOSCHSA): $149,990 | Mercado Libre (Junkers Bosch): $157,990",$ 0 (Enchufable 220V),$ 0 (Sin mantención periódica),Certificación SEC QR: 371810 | Peso: 3.3 kg | Dimensiones: 458 x 451 x 56 mm | Enchufable 220V directo. No requiere obras ni ductos.,https://www.solotodo.cl/products/114225
158745,Estufas,QRubber,EST186REF,QRubber EST186REF,Estufa de Patio,Gas Licuado (GLP),870 g/hora,"0,800 (80%)",-,13000 W,No especificado,156990,Falabella Marketplace (Qrubber),https://www.falabella.com/falabella-cl/product/143202289/Estufa-Exterior-Tipo-Reflector-11kg-Color-Negro-Qrubber/143202290,156990,156990,Falabella Marketplace (Qrubber),1,"Falabella Marketplace (Qrubber): $156,990",$ 0 (Portátil),$ 20.000 / 2 años (Regulador y flexible),Certificación SEC QR: 443556 | Peso: 17.0 kg | Dimensiones: 810 x 2210 x 810 mm,https://www.solotodo.cl/products/158745
387881,Estufas,Loven,WKH-4400,Loven WKH-4400,Estufa Kerosene Mecha (Cámara Conv/Rad),Kerosene / Parafina,500 ml/hora,"0,800 (80%)",-,-,90 m2,149990,Ripley,https://simple.ripley.cl/estufa-parafina-mecha-loven-wkh-4400-2000398171533p,134991,149990,Ripley,1,"Ripley: $149,990",$ 0 (Portátil),$ 25.000 / 2 años (Cambio mecha),Dimensiones: N/A mm | Capacidad Estanque/Tolva: 7.0 L/kg | En Zona H (>1500 msnm) requiere modelo de alta altitud por baja presión de O2.,https://www.solotodo.cl/products/387881
271128,Estufas,Ursus Trotter,UT FRX-4200T,Ursus Trotter UT FRX-4200T,Estufa Gas Radiante Infrarroja,Gas Licuado (GLP),120 - 320 g/hora (estándar),"0,800 (80%)",-,-,55 m2,149990,Precio referencia SoloTodo,,139990,149990,Precio referencia SoloTodo,0,,$ 0 (Portátil),$ 20.000 / 2 años (Regulador y flexible),Certificación SEC QR: 536795 | Peso: 10.4 kg | Dimensiones: 420 x 735 x 520 mm,https://www.solotodo.cl/products/271128
37770,Estufas,Tenki,TK-245,Tenki TK-245,Estufa Kerosene Mecha (Cámara Conv/Rad),Kerosene / Parafina,204 ml/hora,"0,800 (80%)",-,7200 BTU/h,50 m2,149990,Falabella,"https://www.falabella.com/falabella-cl/product/4433293/Estufa-Parafina-Mecha-2,1-kW-TK-245-Tenki/4433293",149990,149990,Falabella,1,"Falabella: $149,990",$ 0 (Portátil),$ 25.000 / 2 años (Cambio mecha),Certificación SEC QR: 250031 | Peso: 6.1 kg | Dimensiones: 345 x 395 x 340 mm | Capacidad Estanque/Tolva: 3.2 L/kg | En Zona H (>1500 msnm) requiere modelo de alta altitud por baja presión de O2.,https://www.solotodo.cl/products/37770
106548,Estufas,Airolite,CO-AL 1500 WIFI,Airolite CO-AL 1500 WIFI,Convector Eléctrico,Electricidad,1.50 kWh/hora (1500 W),"1,0 (100%)",-,1500 W / 1290 Kcal/h / 5118 BTU/h,20 m2,149990,ABC,https://www.abc.cl/convector-electrico-airolite-co-al-1500w-wi-fi/23842971.html,149990,149990,ABC,1,"ABC: $149,990",$ 0 (Enchufable 220V),$ 0 (Sin mantención periódica),Certificación SEC QR: 375438 | Peso: 6.4 kg | Dimensiones: 730 x 490 x 130 mm | Enchufable 220V directo. No requiere obras ni ductos.,https://www.solotodo.cl/products/106548
43391,Estufas,Kaltemp,Wally Wifi 1500 Inverter,Kaltemp Wally Wifi 1500 Inverter,Calefactor Eléctrico Infrarrojo,Electricidad,1.50 kWh/hora (1500 W),"1,0 (100%)",-,1500 W / 5121 BTU/h,35 m2,149990,Travel Tienda,https://tienda.travel.cl/calefacci%C3%B3n/convector-el%C3%A9ctrico-kaltemp-apolo-inverter-2000-watts-wifi/SKU65313,149990,149990,Travel Tienda,1,"Travel Tienda: $149,990",$ 0 (Enchufable 220V),$ 0 (Sin mantención periódica),Certificación SEC QR: 234987 | Peso: 4.2 kg | Dimensiones: 650 x 413 x 110 mm | Enchufable 220V directo. No requiere obras ni ductos.,https://www.solotodo.cl/products/43391
357069,Estufas,Thörben,Thor GL 15K Silver,Thörben Thor GL 15K Silver,Estufa Gas Radiante Infrarroja,Gas Licuado (GLP),120 - 320 g/hora (estándar),"0,800 (80%)",-,-,60 m2,149990,Precio referencia SoloTodo,,149990,149990,Precio referencia SoloTodo,0,,$ 0 (Portátil),$ 20.000 / 2 años (Regulador y flexible),"Certificación SEC QR: 532113,533727 | Peso: 12.0 kg | Dimensiones: 420 x 720 x 510 mm",https://www.solotodo.cl/products/357069
38571,Estufas,Toyotomi,CE2088,Toyotomi CE2088,Convector Eléctrico,Electricidad,2.00 kWh/hora (2000 W),"1,0 (100%)",-,2000 W / 1720 Kcal/h,25 m2,149990,Tienda Toyotomi,https://toyotomi.cl/product/convector-electrico-2-kw-ce-2088/,149990,149990,Tienda Toyotomi,1,"Tienda Toyotomi: $149,990",$ 0 (Enchufable 220V),$ 0 (Sin mantención periódica),Certificación SEC QR: 147239 | Peso: 9.0 kg | Dimensiones: 800 x 413 x 114 mm | Enchufable 220V directo. No requiere obras ni ductos.,https://www.solotodo.cl/products/38571
273135,Estufas,Kendal,KGQ-5R (Roja),Kendal KGQ-5R (Roja),Estufa Gas Radiante Infrarroja,Gas Licuado (GLP),120 - 320 g/hora (estándar),"0,800 (80%)",-,4 W,60 m2,147990,Falabella,https://www.falabella.com/falabella-cl/product/17391035/ESTUFA-A-GAS-KGQ-5R-ROJAKENDALKGQ-5R/17391035,147990,147990,Falabella,1,"Falabella: $147,990",$ 0 (Portátil),$ 20.000 / 2 años (Regulador y flexible),Certificación SEC QR: 531871 | Dimensiones: 600 x 400 x 400 mm,https://www.solotodo.cl/products/273135
37783,Estufas,Kendal,KPCH-05A,Kendal KPCH-05A,Calefactor Eléctrico Infrarrojo,Electricidad,1.50 kWh/hora (1500 W),"1,0 (100%)",-,1500 W / 5121 BTU/h,30 m2,146990,Falabella,https://www.falabella.com/falabella-cl/product/5725349/Estufa-Infrarroja-5200-BTU-4-En-1-Wifi-Kendal/5725349,146990,146990,Falabella,1,"Falabella: $146,990",$ 0 (Enchufable 220V),$ 0 (Sin mantención periódica),Certificación SEC QR: 225169 | Dimensiones: 470 x 490 x 378 mm | Enchufable 220V directo. No requiere obras ni ductos.,https://www.solotodo.cl/products/37783
276729,Estufas,Primaterm,ALUMAX-2000W,Primaterm ALUMAX-2000W,Radiador Eléctrico,Electricidad,2.00 kWh/hora (2000 W),"1,0 (100%)",-,2000 W,30 m2,145990,Easy,https://www.easy.cl/estufa-calefactor-electrico-alumax-wifi-2000-w-6800-btu-1473797/p,145990,124990,Falabella Marketplace (PRIMATERM SPA),2,"Falabella Marketplace (PRIMATERM SPA): $124,990 | Easy: $145,990",$ 0 (Enchufable 220V),$ 0 (Sin mantención periódica),Certificación SEC QR: 508089 | Peso: 7.8 kg | Dimensiones: 950 x 450 x 96 mm | Enchufable 220V directo. No requiere obras ni ductos.,https://www.solotodo.cl/products/276729
47580,Estufas,Ursus Trotter,UT MC-20 WiFi,Ursus Trotter UT MC-20 WiFi,Convector Eléctrico,Electricidad,2.00 kWh/hora (2000 W),"1,0 (100%)",-,2000 W / 1719 Kcal/h / 6824 BTU/h,20 m2,144990,Hites,https://www.hites.com/convector-electrico-ursus-trotter-mc-20-794666001.html,144990,99990,ABC,3,"Hites: $144,990 | Sodimac: $109,990 | ABC: $99,990",$ 0 (Enchufable 220V),$ 0 (Sin mantención periódica),Certificación SEC QR: 468092 | Peso: 6.8 kg | Dimensiones: 965 x 465 x 130 mm | Enchufable 220V directo. No requiere obras ni ductos.,https://www.solotodo.cl/products/47580
366889,Estufas,Combi,EP60,Combi EP60,Estufa a Pellet,Pellet,"0,6 - 1,8 kg/hora (estándar)","0,850 (85%)",-,-,2 m2,144990,Sodimac,https://www.sodimac.cl/sodimac-cl/articulo/144946802/product/144946803,144990,144990,Sodimac,1,"Sodimac: $144,990",$ 120.000 (Kit cañones inox / pasamuros),$ 45.000 / año (Deshollinado / crisol),Peso: 5.3 kg | Dimensiones: 600 x 400 x 580 mm | Flete volumen pesado a zonas extremas (+15-25% H/I). Requiere leña seca (<25% hum) o pellet certificado.,https://www.solotodo.cl/products/366889
37755,Estufas,Kendal,KPH-96T,Kendal KPH-96T,Calefactor Eléctrico Infrarrojo,Electricidad,1.50 kWh/hora (1500 W),"1,0 (100%)",-,1500 W,30 m2,144990,Falabella,https://www.falabella.com/falabella-cl/product/5759667/Estufa-Infrarroja-5200-BTU-KPH-96T-Kendal/5759667,144990,144990,Falabella,1,"Falabella: $144,990",$ 0 (Enchufable 220V),$ 0 (Sin mantención periódica),Certificación SEC QR: 223804 | Peso: 7.0 kg | Dimensiones: 340 x 425 x 410 mm | Enchufable 220V directo. No requiere obras ni ductos.,https://www.solotodo.cl/products/37755
62195,Estufas,Airolite,CO-1500T Blanco,Airolite CO-1500T Blanco,Convector Eléctrico,Electricidad,1.50 kWh/hora (1500 W),"1,0 (100%)",-,1500 W / 1290 Kcal/h / 5118 BTU/h,No especificado,139990,ABC,https://www.abc.cl/convector-electrico-airolite-co-1500t-1500w-wi-fi/22729985.html,139990,84990,Sodimac,3,"Easy: $99,990 | Sodimac: $84,990 | ABC: $139,990",$ 0 (Enchufable 220V),$ 0 (Sin mantención periódica),Certificación SEC QR: 298379 | Peso: 6.4 kg | Dimensiones: 760 x 490 x 130 mm | Enchufable 220V directo. No requiere obras ni ductos.,https://www.solotodo.cl/products/62195
273141,Estufas,Thörben,Thor Fireplace 3D CACHITHO1633287,Thörben Thor Fireplace 3D CACHITHO1633287,Chimenea Eléctrica Decorativa,Electricidad,1.80 kWh/hora (1800 W),"1,0 (100%)",-,1800 W,30 m2,139990,Falabella Marketplace (GRUPO MOBAR SPA),https://www.falabella.com/falabella-cl/product/152634550/chimenea-electrica-thor-fireplace-3d-calefaccion-diseno-deco/152634551,139990,89990,Paris,2,"Paris: $89,990 | Falabella Marketplace (GRUPO MOBAR SPA): $139,990",$ 0 (Enchufable 220V),$ 0 (Sin mantención periódica),Certificación SEC QR: 547830 | Dimensiones: 430 x 600 x 300 mm | Enchufable 220V directo. No requiere obras ni ductos.,https://www.solotodo.cl/products/273141
241304,Estufas,Ursus Trotter,UT INFRAHEAT 20 WIFI,Ursus Trotter UT INFRAHEAT 20 WIFI,Estufa de Terraza,Gas Licuado (GLP),120 - 320 g/hora (estándar),"0,800 (80%)",-,2000 W,20 m2,139990,Paris,https://www.paris.cl/calefactor-de-terraza-2000w-infraheat-20-wifi-682217999.html,139990,91990,Travel Tienda,6,"Easy: $99,990 | Falabella: $99,990 | Paris: $139,990 | ABC: $94,990 | Travel Tienda: $91,990 (+1 más)",$ 0 (Portátil),$ 20.000 / 2 años (Regulador y flexible),Certificación SEC QR: 509266 | Peso: 6.0 kg | Dimensiones: 894 x 160 x 88 mm,https://www.solotodo.cl/products/241304
276725,Estufas,Primaterm,ALUMAX-1500W,Primaterm ALUMAX-1500W,Radiador Eléctrico,Electricidad,1.50 kWh/hora (1500 W),"1,0 (100%)",-,1500 W,24 m2,139990,Easy,https://www.easy.cl/estufa-calefactor-electrico-alumax-wifi-1500-w-5100-btu-1473796/p,139990,105990,Easy,3,"Falabella Marketplace (PRIMATERM SPA): $119,990 | Easy: $139,990 | Easy: $105,990",$ 0 (Enchufable 220V),$ 0 (Sin mantención periódica),Certificación SEC QR: 508086 | Peso: 6.0 kg | Dimensiones: 750 x 450 x 96 mm | Enchufable 220V directo. No requiere obras ni ductos.,https://www.solotodo.cl/products/276725
357081,Estufas,Verken,Svart Pro,Verken Svart Pro,Estufa Gas Radiante Infrarroja,Gas Licuado (GLP),120 - 320 g/hora (estándar),"0,800 (80%)",-,12500 W,20 m2,139990,Mercado Libre (Verken),https://www.mercadolibre.cl/up/MLCU4096316457?pdp_filters=official_store%3Aall,139990,119990,Mercado Libre (VERKEN.CL),4,"Falabella Marketplace (Verken): $129,990 | Falabella Marketplace (Verken): $129,990 | Mercado Libre (VERKEN.CL): $119,990 | Mercado Libre (Verken): $139,990",$ 0 (Portátil),$ 20.000 / 2 años (Regulador y flexible),Certificación SEC QR: 479756 | Peso: 17.0 kg | Dimensiones: 810 x 2210 x 460 mm | Capacidad Estanque/Tolva: 11.0 L/kg,https://www.solotodo.cl/products/357081
114226,Estufas,Bosch,HC4000-5,Bosch HC4000-5,Convector Eléctrico,Electricidad,0.50 kWh/hora (500 W),"1,0 (100%)",-,500 W,12 m2,139990,Easy,https://www.easy.cl/convector-electrico-500w-hc-4000-5-bosch-1308612/p,139990,122990,Hites,4,"Easy: $139,990 | Hites: $122,990 | Mercado Libre (ROBERTBOSCHSA): $128,990 | Mercado Libre (Junkers Bosch): $135,990",$ 0 (Enchufable 220V),$ 0 (Sin mantención periódica),Certificación SEC QR: 371809 | Peso: 3.1 kg | Dimensiones: 380 x 451 x 56 mm | Enchufable 220V directo. No requiere obras ni ductos.,https://www.solotodo.cl/products/114226
270278,Estufas,Ursus Trotter,UT FRX-2800,Ursus Trotter UT FRX-2800,Calefactor Eléctrico Infrarrojo,Electricidad,Según potencia eléctrica conectada,"1,0 (100%)",-,-,35 m2,139990,ABC,https://www.abc.cl/estufa-a-gas-ursus-trotter-ut-frx-2800-5-kg/28414994.html,139990,124990,Easy,3,"Easy: $124,990 | ABC: $139,990 | Mercado Libre: $133,834",$ 0 (Enchufable 220V),$ 0 (Sin mantención periódica),Certificación SEC QR: 534821 | Peso: 8.4 kg | Dimensiones: 325 x 660 x 370 mm | Enchufable 220V directo. No requiere obras ni ductos.,https://www.solotodo.cl/products/270278
105874,Estufas,Sindelen,SR-6300NG Negra (Sunny),Sindelen SR-6300NG Negra (Sunny),Estufa Híbrida,Gas Licuado (GLP),120 - 320 g/hora (estándar),"0,800 (80%)",-,4200 W / 3612 Kcal/h / 14331 BTU/h,No especificado,139990,Precio referencia SoloTodo,,125991,139990,Precio referencia SoloTodo,0,,$ 0 (Portátil),$ 20.000 / 2 años (Regulador y flexible),Certificación SEC QR: 357381 | Peso: 12.5 kg | Dimensiones: 420 x 730 x 420 mm,https://www.solotodo.cl/products/105874
44781,Estufas,Anwo,IR1500-BUV,Anwo IR1500-BUV,Calefactor Eléctrico Infrarrojo,Electricidad,1.50 kWh/hora (1500 W),"1,0 (100%)",-,1500 W / 1290 Kcal/h / 5118 BTU/h,35 m2,139990,Falabella Marketplace (Anwo),https://www.falabella.com/falabella-cl/product/121642786/Estufa-Electrica-Infrarroja-Anwo-1500-Watts-Filtro-UV-Madera/121642789,139990,139990,Falabella Marketplace (Anwo),1,"Falabella Marketplace (Anwo): $139,990",$ 0 (Enchufable 220V),$ 0 (Sin mantención periódica),Certificación SEC QR: 259974 | Peso: 6.2 kg | Dimensiones: 290 x 380 x 360 mm | Enchufable 220V directo. No requiere obras ni ductos.,https://www.solotodo.cl/products/44781
396865,Estufas,Daewoo,DACZGB-A,Daewoo DACZGB-A,Estufa de Patio,Gas Licuado (GLP),120 - 320 g/hora (estándar),"0,800 (80%)",-,10320 Kcal/h,50 m2,139990,Falabella Marketplace (DAEWOO CHILE),https://www.falabella.com/falabella-cl/product/132011809/Estufa-Calefactor-de-Exterior-Daewoo-Hongo-PatioTerraza-a-Gas…/132011810,139990,139990,Falabella Marketplace (DAEWOO CHILE),1,"Falabella Marketplace (DAEWOO CHILE): $139,990",$ 0 (Portátil),$ 20.000 / 2 años (Regulador y flexible),Certificación SEC QR: 512965 | Peso: 22.0 kg | Dimensiones: N/A mm,https://www.solotodo.cl/products/396865
105641,Estufas,Kendal,KPM-3300,Kendal KPM-3300,Estufa Kerosene Mecha (Cámara Conv/Rad),Kerosene / Parafina,310 ml/hora,"0,800 (80%)",-,3200 W / 2752 Kcal/h / 11000 BTU/h,70 m2,139990,Easy,https://www.easy.cl/estufa-a-parafina-9000-btu-kpm-3300-negroblanco-1306972/p,139990,139990,Hites,2,"Easy: $139,990 | Hites: $139,990",$ 0 (Portátil),$ 25.000 / 2 años (Cambio mecha),Certificación SEC QR: 357376 | Peso: 10.8 kg | Dimensiones: 320 x 470 x 320 mm | Capacidad Estanque/Tolva: 5.3 L/kg | En Zona H (>1500 msnm) requiere modelo de alta altitud por baja presión de O2.,https://www.solotodo.cl/products/105641
45152,Estufas,Corona,RX-2485,Corona RX-2485,Estufa Kerosene Mecha (Cámara Conv/Rad),Kerosene / Parafina,235 g/hora,"0,800 (80%)",-,2432 W / 2091 Kcal/h / 8300 BTU/h,60 m2 / 120 m3,139990,Precio referencia SoloTodo,,139990,139990,Precio referencia SoloTodo,0,,$ 0 (Portátil),$ 25.000 / 2 años (Cambio mecha),Certificación SEC QR: 9900000003227 | Peso: 7.3 kg | Dimensiones: 452 x 475 x 324 mm | Capacidad Estanque/Tolva: 4.0 L/kg | En Zona H (>1500 msnm) requiere modelo de alta altitud por baja presión de O2.,https://www.solotodo.cl/products/45152
79103,Estufas,Toyotomi,TW-2079W,Toyotomi TW-2079W,Termoventilador Eléctrico,Electricidad,195 g/hora / 2.00 kWh/hora (2000 W),"1,0 (100%)",-,2000 W / 1720 Kcal/h / 6824 BTU/h,No especificado,139990,Tienda Toyotomi,https://toyotomi.cl/product/termoventilador-electrico-tw-2079w/,139990,139990,Tienda Toyotomi,1,"Tienda Toyotomi: $139,990",$ 0 (Enchufable 220V),$ 0 (Sin mantención periódica),Certificación SEC QR: 336585 | Dimensiones: N/A mm | Enchufable 220V directo. No requiere obras ni ductos.,https://www.solotodo.cl/products/79103
382837,Estufas,Sumoheat,SH STAR,Sumoheat SH STAR,Estufa de Terraza,Gas Licuado (GLP),120 - 320 g/hora (estándar),"0,800 (80%)",-,2000 W,25 m2,137990,Travel Tienda,https://tienda.travel.cl/calefacci%C3%B3n-exterior/estufa-electrica-sumo-de-terraza-sumoheat-sh-star/SKU138029,137990,137990,Travel Tienda,1,"Travel Tienda: $137,990",$ 0 (Portátil),$ 20.000 / 2 años (Regulador y flexible),Certificación SEC QR: 561535 | Peso: 2.8 kg | Dimensiones: N/A mm,https://www.solotodo.cl/products/382837
267119,Estufas,Mademsa,EH100,Mademsa EH100,Estufa Eléctrica,Electricidad,2.00 kWh/hora (2000 W),"1,0 (100%)",-,2000 W,20 m2,129990,ABC,https://www.abc.cl/estufa-electrica-mademsa-inf10-1500-w/28374160.html,129990,52990,Falabella Marketplace (Electrolux Group),5,"Paris: $78,990 | Easy: $79,990 | ABC: $129,990 | Mercado Libre (ELECTROLUXCL): $54,990 | Falabella Marketplace (Electrolux Group): $52,990",$ 0 (Enchufable 220V),$ 0 (Sin mantención periódica),Certificación SEC QR: 530412 | Peso: 2.5 kg | Dimensiones: 200 x 520 x 200 mm | Enchufable 220V directo. No requiere obras ni ductos.,https://www.solotodo.cl/products/267119
109668,Estufas,Toyotomi,CE-1572W Wifi,Toyotomi CE-1572W Wifi,Convector Eléctrico,Electricidad,1.50 kWh/hora (1500 W),"1,0 (100%)",-,1500 W / 1290 Kcal/h / 5118 BTU/h,20 m2,129990,Tienda Toyotomi,https://toyotomi.cl/product/convector-electrico-ce-1572w-wifi/,129990,129990,Tienda Toyotomi,1,"Tienda Toyotomi: $129,990",$ 0 (Enchufable 220V),$ 0 (Sin mantención periódica),Certificación SEC QR: 376703 | Peso: 6.0 kg | Dimensiones: 700 x 540 x 110 mm | Enchufable 220V directo. No requiere obras ni ductos.,https://www.solotodo.cl/products/109668
38475,Estufas,Ursus Trotter,IRH W-1500,Ursus Trotter IRH W-1500,Calefactor Eléctrico Infrarrojo,Electricidad,1.50 kWh/hora (1500 W),"1,0 (100%)",-,1500 W,35 m2,129990,Paris,https://www.paris.cl/calefactor-infrarrojo-1500w-ut-irh-s-1500-marron-112110999.html,119990,129990,Paris,1,"Paris: $129,990",$ 0 (Enchufable 220V),$ 0 (Sin mantención periódica),Certificación SEC QR: 219220 | Peso: 9.6 kg | Dimensiones: 385 x 475 x 490 mm | Enchufable 220V directo. No requiere obras ni ductos.,https://www.solotodo.cl/products/38475
395115,Estufas,b-Fresh,R6982,b-Fresh R6982,Estufa de Patio,Gas Licuado (GLP),120 - 320 g/hora (estándar),"0,800 (80%)",-,13000 W / 50000 BTU/h,13 m2,129990,Falabella Marketplace (DCIC Group),https://www.falabella.com/falabella-cl/product/150954495/estufa-de-patio-exterior-a-gas-50-000-btu-antivuelco-bfresh-marron-oscuro/150954496,119990,129990,Falabella Marketplace (DCIC Group),1,"Falabella Marketplace (DCIC Group): $129,990",$ 0 (Portátil),$ 20.000 / 2 años (Regulador y flexible),Peso: 13.0 kg | Dimensiones: 810 x 2170 x 730 mm | Capacidad Estanque/Tolva: 11.0 L/kg,https://www.solotodo.cl/products/395115
395112,Estufas,b-Fresh,R6983,b-Fresh R6983,Estufa de Patio,Gas Licuado (GLP),120 - 320 g/hora (estándar),"0,800 (80%)",-,13000 W / 50000 BTU/h,13 m2,129990,Falabella Marketplace (DCIC Group),https://www.falabella.com/falabella-cl/product/150871300/estufa-de-patio-exterior-a-gas-50-000-btu-plateado-antivuelco-bfresh/150871301,119990,129990,Falabella Marketplace (DCIC Group),1,"Falabella Marketplace (DCIC Group): $129,990",$ 0 (Portátil),$ 20.000 / 2 años (Regulador y flexible),Peso: 13.0 kg | Dimensiones: 810 x 2170 x 730 mm | Capacidad Estanque/Tolva: 11.0 L/kg,https://www.solotodo.cl/products/395112
273614,Estufas,Kendal,KCE-CIMENA01,Kendal KCE-CIMENA01,Chimenea Eléctrica Decorativa,Electricidad,1.70 kWh/hora (1700 W),"1,0 (100%)",-,1700 W,20 m2,129990,Falabella,https://www.falabella.com/falabella-cl/product/80707872/chimenea-electrica-nd-18d5p-kendal/80707872,129990,129990,Falabella,1,"Falabella: $129,990",$ 0 (Enchufable 220V),$ 0 (Sin mantención periódica),Certificación SEC QR: 550572 | Dimensiones: 655 x 353 x 545 mm | Enchufable 220V directo. No requiere obras ni ductos.,https://www.solotodo.cl/products/273614
79110,Estufas,Toyotomi,MH-2092W,Toyotomi MH-2092W,Termoventilador Eléctrico,Electricidad,2.00 kWh/hora (2000 W),"1,0 (100%)",-,2000 W / 1720 Kcal/h / 6824 BTU/h,No especificado,129990,Tienda Toyotomi,https://toyotomi.cl/product/termoventilador-2-kw-mh-2092w/,129990,129990,Tienda Toyotomi,1,"Tienda Toyotomi: $129,990",$ 0 (Enchufable 220V),$ 0 (Sin mantención periódica),Certificación SEC QR: 337017 | Dimensiones: N/A mm | Enchufable 220V directo. No requiere obras ni ductos.,https://www.solotodo.cl/products/79110
382836,Estufas,Sumoheat,SH 2000,Sumoheat SH 2000,Estufa de Terraza,Gas Licuado (GLP),120 - 320 g/hora (estándar),"0,800 (80%)",-,2000 W,25 m2,128990,Travel Tienda,https://tienda.travel.cl/calefacci%C3%B3n-exterior/estufa-electrica-sumo-de-terraza-sumoheat-sh-2000/SKU138026,128990,128990,Travel Tienda,1,"Travel Tienda: $128,990",$ 0 (Portátil),$ 20.000 / 2 años (Regulador y flexible),Certificación SEC QR: 561709 | Dimensiones: 500 x 255 x 500 mm,https://www.solotodo.cl/products/382836
140573,Estufas,Airolite,RB1507TP,Airolite RB1507TP,Calefactor Óleo-eléctrico,Electricidad,1.50 kWh/hora (1500 W),"1,0 (100%)",-,1500 W,15 m2,124990,Travel Tienda,https://tienda.travel.cl/airolite/pack-radiador-oleoel%C3%A9ctrico-airolite-rb-1507tp/SKU131707,124990,62990,Sodimac,4,"Sodimac: $62,990 | Travel Tienda: $76,990 | Falabella: $79,990 | Travel Tienda: $124,990",$ 0 (Enchufable 220V),$ 0 (Sin mantención periódica),Certificación SEC QR: 424257 | Dimensiones: 240 x 650 x 340 mm | Enchufable 220V directo. No requiere obras ni ductos.,https://www.solotodo.cl/products/140573
44240,Estufas,Ursus Trotter,UT MC-15D WiFi,Ursus Trotter UT MC-15D WiFi,Convector Eléctrico,Electricidad,1.50 kWh/hora (1500 W),"1,0 (100%)",-,1500 W / 1289 Kcal/h / 5118 BTU/h,15 m2,124990,Hites,https://www.hites.com/convector-electrico-ursus-trotter-mc--15-wifi-794667001.html,124990,89990,Easy,3,"Hites: $124,990 | Sodimac: $93,990 | Easy: $89,990",$ 0 (Enchufable 220V),$ 0 (Sin mantención periódica),Certificación SEC QR: 257416 | Peso: 5.7 kg | Dimensiones: 805 x 465 x 130 mm | Enchufable 220V directo. No requiere obras ni ductos.,https://www.solotodo.cl/products/44240
271977,Estufas,Ursus Trotter,Mc-15 WiFi,Ursus Trotter Mc-15 WiFi,Convector Eléctrico,Electricidad,1.50 kWh/hora (1500 W),"1,0 (100%)",-,1500 W,15 m2,124990,Falabella,https://www.falabella.com/falabella-cl/product/16178890/Estufa-Electrica-1.5-Kw-Mc-15-Wifi-Ursus-Trotter/16178890,124990,99990,ABC,2,"ABC: $99,990 | Falabella: $124,990",$ 0 (Enchufable 220V),$ 0 (Sin mantención periódica),Certificación SEC QR: 470190 | Peso: 6.0 kg | Dimensiones: 810 x 470 x 130 mm | Enchufable 220V directo. No requiere obras ni ductos.,https://www.solotodo.cl/products/271977
43231,Estufas,Alcazar,Roble (Negro),Alcazar Roble (Negro),Chimenea Eléctrica Decorativa,Electricidad,1.68 kWh/hora (1680 W),"1,0 (100%)",-,1680 W,20 m2,122990,Travel Tienda,https://tienda.travel.cl/alcazar/estufa-el%C3%A9ctrica-alcazar-roble/SKU100412,122990,122990,Travel Tienda,1,"Travel Tienda: $122,990",$ 0 (Enchufable 220V),$ 0 (Sin mantención periódica),Certificación SEC QR: 295433 | Peso: 8.4 kg | Dimensiones: 377 x 548 x 255 mm | Enchufable 220V directo. No requiere obras ni ductos.,https://www.solotodo.cl/products/43231
213926,Estufas,Kaltemp,Wally Inverter 1000 (KLES0036),Kaltemp Wally Inverter 1000 (KLES0036),Convector Eléctrico,Electricidad,1.00 kWh/hora (1000 W),"1,0 (100%)",-,1000 W,12 m2,121990,Travel Tienda,https://tienda.travel.cl/calefacci%C3%B3n/convector-el%C3%A9ctrico-kaltemp-apolo-inverter-1500-watts-wifi/SKU65309,121990,121990,Travel Tienda,1,"Travel Tienda: $121,990",$ 0 (Enchufable 220V),$ 0 (Sin mantención periódica),Certificación SEC QR: 234986 | Peso: 3.5 kg | Dimensiones: 480 x 314 x 99 mm | Enchufable 220V directo. No requiere obras ni ductos.,https://www.solotodo.cl/products/213926
257551,Estufas,Primaterm,ALUMAX-1000W,Primaterm ALUMAX-1000W,Convector Eléctrico,Electricidad,1.00 kWh/hora (1000 W) / 1000.0 kW térmico,"1,0 (100%)",-,1000 W / 860 Kcal/h / 3412 BTU/h / 1000.0 kW,15 m2,119990,Easy,https://www.easy.cl/estufa-calefactor-electrico-alumax-wifi-1000-w-3400-btu-1473795/p,119990,119990,Easy,1,"Easy: $119,990",$ 0 (Enchufable 220V),$ 0 (Sin mantención periódica),Certificación SEC QR: 508049 | Peso: 4.7 kg | Dimensiones: 550 x 450 x 125 mm | Enchufable 220V directo. No requiere obras ni ductos.,https://www.solotodo.cl/products/257551
273139,Estufas,Primaterm,Starlife,Primaterm Starlife,Convector Eléctrico,Electricidad,2.00 kWh/hora (2000 W),"1,0 (100%)",-,2000 W,No especificado,119990,Easy,https://www.easy.cl/radiador-convector-electrico-starlife-2000-w-antracita-1439584/p,119990,119990,Easy,1,"Easy: $119,990",$ 0 (Enchufable 220V),$ 0 (Sin mantención periódica),Certificación SEC QR: 508565 | Peso: 4.0 kg | Dimensiones: 700 x 470 x 80 mm | Enchufable 220V directo. No requiere obras ni ductos.,https://www.solotodo.cl/products/273139
392280,Estufas,Verken,HeatGlass,Verken HeatGlass,Convector Eléctrico,Electricidad,2.00 kWh/hora (2000 W),"1,0 (100%)",-,2000 W,25 m2,119990,Mercado Libre (VERKEN.CL),https://www.mercadolibre.cl/p/MLC69044505?pdp_filters=official_store:all,119990,119990,Mercado Libre (VERKEN.CL),1,"Mercado Libre (VERKEN.CL): $119,990",$ 0 (Enchufable 220V),$ 0 (Sin mantención periódica),Peso: 9.0 kg | Dimensiones: 75 x 770 x 470 mm | Enchufable 220V directo. No requiere obras ni ductos.,https://www.solotodo.cl/products/392280
239913,Estufas,Kendal,KG-5 (Negro),Kendal KG-5 (Negro),Estufa Gas Radiante Infrarroja,Gas Licuado (GLP),120 - 320 g/hora (estándar),"0,800 (80%)",-,2800 W,No especificado,119990,Hites,https://www.hites.com/estufa-a-gas-infrarroja-kendal-5-kg-764148001.html,119990,119990,Hites,1,"Hites: $119,990",$ 0 (Portátil),$ 20.000 / 2 años (Regulador y flexible),Certificación SEC QR: 257793 | Peso: 7.0 kg | Dimensiones: 600 x 310 x 340 mm,https://www.solotodo.cl/products/239913
239216,Estufas,Ursus Trotter,UT MC-10 WiFi,Ursus Trotter UT MC-10 WiFi,Convector Eléctrico,Electricidad,1.00 kWh/hora (1000 W),"1,0 (100%)",-,1000 W,10 m2,114990,Hites,https://www.hites.com/convector-electrico-ursus-trotter-ut-mc-10-938065001.html,114990,89990,Paris,5,"Paris: $89,990 | Hites: $114,990 | Sodimac: $95,890 | Travel Tienda: $105,990 | Mercado Libre: $95,890",$ 0 (Enchufable 220V),$ 0 (Sin mantención periódica),Certificación SEC QR: 503904 | Peso: 3.9 kg | Dimensiones: 600 x 455 x 90 mm | Enchufable 220V directo. No requiere obras ni ductos.,https://www.solotodo.cl/products/239216
267049,Estufas,Mademsa,INF10,Mademsa INF10,Calefactor Eléctrico Infrarrojo,Electricidad,1.50 kWh/hora (1500 W),"1,0 (100%)",-,1500 W,20 m2,111290,Sodimac,https://www.sodimac.cl/sodimac-cl/articulo/141467457/product/141467458,111290,63273,Mercado Libre (ELECTROLUXCL),5,"Sodimac: $111,290 | ABC: $79,990 | Mercado Libre (ELECTROLUXCL): $63,273 | Paris Marketplace (Electrolux): $77,990 | Falabella Marketplace (Electrolux Group): $77,990",$ 0 (Enchufable 220V),$ 0 (Sin mantención periódica),Certificación SEC QR: 530391 | Peso: 6.5 kg | Dimensiones: 290 x 377 x 377 mm | Enchufable 220V directo. No requiere obras ni ductos.,https://www.solotodo.cl/products/267049
62394,Estufas,Airolite,RB2018T,Airolite RB2018T,Calefactor Óleo-eléctrico,Electricidad,2.00 kWh/hora (2000 W),"1,0 (100%)",-,2000 W / 1720 Kcal/h / 6824 BTU/h,No especificado,109990,ABC,https://www.abc.cl/convector-electrico-airolite-rb2018t-2000w/22730096.html,109990,49990,Falabella Marketplace (AIROLITE),4,"Easy: $77,990 | Sodimac: $69,990 | ABC: $109,990 | Falabella Marketplace (AIROLITE): $49,990",$ 0 (Enchufable 220V),$ 0 (Sin mantención periódica),Certificación SEC QR: 258047 | Peso: 8.2 kg | Dimensiones: 660 x 665 x 195 mm | Enchufable 220V directo. No requiere obras ni ductos.,https://www.solotodo.cl/products/62394
382285,Estufas,Sindelen,EP-571NG,Sindelen EP-571NG,Estufa Kerosene Mecha (Cámara Conv/Rad),Kerosene / Parafina,268 ml/hora,"0,800 (80%)",-,2152 Kcal/h,No especificado,109990,Falabella Marketplace (Sindelen),https://www.falabella.com/falabella-cl/product/152113332/estufa-a-parafina-sunnymet-ep-571ng/152113333,109990,109990,Falabella Marketplace (Sindelen),1,"Falabella Marketplace (Sindelen): $109,990",$ 0 (Portátil),$ 25.000 / 2 años (Cambio mecha),Certificación SEC QR: 457613 | Peso: 8.5 kg | Dimensiones: 425 x 494 x 305 mm | Capacidad Estanque/Tolva: 5.4 L/kg | En Zona H (>1500 msnm) requiere modelo de alta altitud por baja presión de O2.,https://www.solotodo.cl/products/382285
158738,Estufas,Anwo,NDFL.2000V,Anwo NDFL.2000V,Convector Eléctrico,Electricidad,2.00 kWh/hora (2000 W),"1,0 (100%)",-,2000 W,34 m2,109990,Easy,https://www.easy.cl/panel-convector-wi-fi-2000w-blanco-vidrio-1392739/p,109990,99990,Falabella Marketplace (Anwo),2,"Easy: $109,990 | Falabella Marketplace (Anwo): $99,990",$ 0 (Enchufable 220V),$ 0 (Sin mantención periódica),Certificación SEC QR: 438623 | Peso: 4.0 kg | Dimensiones: 700 x 400 x 120 mm | Enchufable 220V directo. No requiere obras ni ductos.,https://www.solotodo.cl/products/158738
61064,Estufas,Anwo,IR1500-BUV (Red),Anwo IR1500-BUV (Red),Calefactor Eléctrico Infrarrojo,Electricidad,1.50 kWh/hora (1500 W),"1,0 (100%)",-,1500 W / 1290 Kcal/h / 5118 BTU/h,35 m2,109990,Falabella Marketplace (Anwo),https://www.falabella.com/falabella-cl/product/121932357/Estufa-Calefactor-Electrico-Infrarroja-Flitro-UV-Anwo-Rojo/121932358,109990,109990,Falabella Marketplace (Anwo),1,"Falabella Marketplace (Anwo): $109,990",$ 0 (Enchufable 220V),$ 0 (Sin mantención periódica),Certificación SEC QR: 259974 | Peso: 6.2 kg | Dimensiones: 290 x 380 x 360 mm | Enchufable 220V directo. No requiere obras ni ductos.,https://www.solotodo.cl/products/61064
392279,Estufas,Verken,Faraday Hex,Verken Faraday Hex,Calefactor Eléctrico Infrarrojo,Electricidad,1.80 kWh/hora (1800 W),"1,0 (100%)",-,1800 W,No especificado,109990,Mercado Libre (Verken),https://www.mercadolibre.cl/up/MLCU3939160367?pdp_filters=official_store%3Aall,109990,109990,Mercado Libre (Verken),1,"Mercado Libre (Verken): $109,990",$ 0 (Enchufable 220V),$ 0 (Sin mantención periódica),Dimensiones: 340 x 420 x 430 mm | Enchufable 220V directo. No requiere obras ni ductos.,https://www.solotodo.cl/products/392279
395105,Estufas,Thörben,Thor GL 5K Silver,Thörben Thor GL 5K Silver,Estufa Gas Radiante Infrarroja,Gas Licuado (GLP),120 - 320 g/hora (estándar),"0,800 (80%)",-,-,40 m2,109990,Precio referencia SoloTodo,,109990,109990,Precio referencia SoloTodo,0,,$ 0 (Portátil),$ 20.000 / 2 años (Regulador y flexible),"Certificación SEC QR: 532090,533727 | Peso: 10.0 kg | Dimensiones: 300 x 640 x 420 mm",https://www.solotodo.cl/products/395105
203179,Estufas,Sindelen,EP-520NG,Sindelen EP-520NG,Estufa Kerosene Mecha (Cámara Conv/Rad),Kerosene / Parafina,268 ml/hora,"0,800 (80%)",-,2500 W / 2152 Kcal/h,No especificado,109988,Falabella Marketplace (Te Amuebla Store),https://www.falabella.com/falabella-cl/product/153291044/estufa-a-parafina-sindelen-sunnymet-ep-520ng/153291045,103990,69990,Falabella,6,"Ripley: $99,990 | Sodimac: $78,990 | Falabella: $69,990 | Hites: $89,990 | Falabella Marketplace (Te Amuebla Store): $109,988 (+1 más)",$ 0 (Portátil),$ 25.000 / 2 años (Cambio mecha),Certificación SEC QR: 457609 | Peso: 5.3 kg | Dimensiones: 325 x 463 x 325 mm | Capacidad Estanque/Tolva: 5.4 L/kg | En Zona H (>1500 msnm) requiere modelo de alta altitud por baja presión de O2.,https://www.solotodo.cl/products/203179
213745,Estufas,BetterLife,BLCV2000W,BetterLife BLCV2000W,Convector Eléctrico,Electricidad,2.00 kWh/hora (2000 W),"1,0 (100%)",-,2000 W / 1720 Kcal/h / 6824 BTU/h,25 m2,105990,Travel Tienda,https://tienda.travel.cl/calefacci%C3%B3n/panel-calefactor-betterlife-muro-piso-de-cristal-wifi-smarthome-20-m-/SKU101985,105990,105990,Travel Tienda,1,"Travel Tienda: $105,990",$ 0 (Enchufable 220V),$ 0 (Sin mantención periódica),Certificación SEC QR: 266298 | Peso: 8.0 kg | Dimensiones: 840 x 460 x 90 mm | Enchufable 220V directo. No requiere obras ni ductos.,https://www.solotodo.cl/products/213745
241303,Estufas,Ursus Trotter,UT INFRAHEAT 24 WIFI,Ursus Trotter UT INFRAHEAT 24 WIFI,Estufa de Terraza,Gas Licuado (GLP),120 - 320 g/hora (estándar),"0,800 (80%)",-,2400 W,24 m2,105393,Mercado Libre,https://www.mercadolibre.cl/p/MLC50612653?pdp_filters=official_store:all,105393,105393,Mercado Libre,1,"Mercado Libre: $105,393",$ 0 (Portátil),$ 20.000 / 2 años (Regulador y flexible),Certificación SEC QR: 509257 | Peso: 6.0 kg | Dimensiones: 994 x 160 x 88 mm,https://www.solotodo.cl/products/241303
277315,Estufas,Kendal,KFC-600D - Negro,Kendal KFC-600D - Negro,Calefactor Eléctrico Infrarrojo,Electricidad,0.70 kWh/hora (700 W),"1,0 (100%)",-,700 W,16 m2,99990,Falabella,https://www.falabella.com/falabella-cl/product/80152189/Estufa-Fibra-Carbono-Kfc-600-Kendal/80152189,99990,59990,Falabella Marketplace (Mar del Sur),2,"Falabella Marketplace (Mar del Sur): $59,990 | Falabella: $99,990",$ 0 (Enchufable 220V),$ 0 (Sin mantención periódica),Certificación SEC QR: 426982 | Peso: 3.2 kg | Dimensiones: 25 x 855 x 25 mm | Enchufable 220V directo. No requiere obras ni ductos.,https://www.solotodo.cl/products/277315
37806,Estufas,Kendal,KPN-1500AL WIFI (Blanco),Kendal KPN-1500AL WIFI (Blanco),Convector Eléctrico,Electricidad,1.50 kWh/hora (1500 W),"1,0 (100%)",-,1500 W,18 m2,99990,Easy,https://www.easy.cl/panel-covector-1500w-kpn-1500al-blanco-1208294/p,99990,71990,Sodimac,2,"Easy: $99,990 | Sodimac: $71,990",$ 0 (Enchufable 220V),$ 0 (Sin mantención periódica),Certificación SEC QR: 223536 | Peso: 5.2 kg | Dimensiones: 840 x 430 x 110 mm | Enchufable 220V directo. No requiere obras ni ductos.,https://www.solotodo.cl/products/37806
392170,Estufas,Verken,Nordglass,Verken Nordglass,Convector Eléctrico,Electricidad,1.50 kWh/hora (1500 W),"1,0 (100%)",-,1500 W,No especificado,99990,Mercado Libre (VERKEN.CL),https://www.mercadolibre.cl/p/MLC69366620?pdp_filters=official_store:all,99990,89990,Falabella Marketplace (Verken),2,"Mercado Libre (VERKEN.CL): $99,990 | Falabella Marketplace (Verken): $89,990",$ 0 (Enchufable 220V),$ 0 (Sin mantención periódica),Dimensiones: 80 x 640 x 470 mm | Enchufable 220V directo. No requiere obras ni ductos.,https://www.solotodo.cl/products/392170
271321,Estufas,Nex,PHPCOI23,Nex PHPCOI23,Estufa de Patio,Gas Licuado (GLP),640 g/hora,"0,800 (80%)",-,8800 W / 7500 Kcal/h / 30000 BTU/h,70 m2,99990,Paris,https://www.paris.cl/estufa-de-exterior-patio-heater-powder-8800w-coated-823808999.html,89990,99990,Paris,1,"Paris: $99,990",$ 0 (Portátil),$ 20.000 / 2 años (Regulador y flexible),Certificación SEC QR: 506554 | Peso: 12.5 kg | Dimensiones: 820 x 2180 x 820 mm | Capacidad Estanque/Tolva: 11.0 L/kg,https://www.solotodo.cl/products/271321
271320,Estufas,Nex,EGAS15KGTB,Nex EGAS15KGTB,Estufa Gas Radiante Infrarroja,Gas Licuado (GLP),120 - 320 g/hora (estándar),"0,800 (80%)",-,1500 W / 3612 Kcal/h / 5118 BTU/h,84 m2,99990,Easy,https://www.easy.cl/estufa-a-gas-hibrida-egas15kgtb-15-kg-negro-1441753/p,99990,99990,Easy,1,"Easy: $99,990",$ 0 (Portátil),$ 20.000 / 2 años (Regulador y flexible),Certificación SEC QR: 529589 | Peso: 12.6 kg | Dimensiones: 420 x 720 x 360 mm | Capacidad Estanque/Tolva: 15.0 L/kg,https://www.solotodo.cl/products/271320
392869,Estufas,Verken,Nordglass - Blanco,Verken Nordglass - Blanco,Convector Eléctrico,Electricidad,1.50 kWh/hora (1500 W),"1,0 (100%)",-,1500 W,No especificado,99990,Precio referencia SoloTodo,,99990,99990,Precio referencia SoloTodo,0,,$ 0 (Enchufable 220V),$ 0 (Sin mantención periódica),Dimensiones: 80 x 640 x 470 mm | Enchufable 220V directo. No requiere obras ni ductos.,https://www.solotodo.cl/products/392869
276731,Estufas,Primaterm,ALUMAX-500W,Primaterm ALUMAX-500W,Radiador Eléctrico,Electricidad,0.50 kWh/hora (500 W),"1,0 (100%)",-,500 W,6 m2,98990,Easy,https://www.easy.cl/estufa-calefactor-electrico-alumax-wifi-500-w-1700-btu-1473794/p,98990,89990,Falabella Marketplace (PRIMATERM SPA),2,"Falabella Marketplace (PRIMATERM SPA): $89,990 | Easy: $98,990",$ 0 (Enchufable 220V),$ 0 (Sin mantención periódica),Certificación SEC QR: 508356 | Peso: 3.6 kg | Dimensiones: 400 x 450 x 96 mm | Enchufable 220V directo. No requiere obras ni ductos.,https://www.solotodo.cl/products/276731
273133,Estufas,Kendal,KCE-EMBER 1,Kendal KCE-EMBER 1,Estufa Eléctrica,Electricidad,2.00 kWh/hora (2000 W),"1,0 (100%)",-,2000 W,20 m2,97990,Falabella,https://www.falabella.com/falabella-cl/product/17391034/CALEFACTOR-PTC-TORRE-KCE-EMBER1KENDALKCE-EMBER-1/17391034,97990,78390,Sodimac,2,"Sodimac: $78,390 | Falabella: $97,990",$ 0 (Enchufable 220V),$ 0 (Sin mantención periódica),Certificación SEC QR: 547499 | Dimensiones: 815 x 208 x 218 mm | Enchufable 220V directo. No requiere obras ni ductos.,https://www.solotodo.cl/products/273133
273615,Estufas,Calma,Compak,Calma Compak,Estufa Gas Radiante Infrarroja,Gas Licuado (GLP),207 g/hora / 2.8 kW térmico,"0,800 (80%)",-,2800 W / 2408 Kcal/h / 9560 BTU/h / 2.8 kW,40 m2 / 100 m3,97990,Hites,https://www.hites.com/estufa-a-gas-calma-compak-5-kg-889048001.html,97990,97990,Hites,1,"Hites: $97,990",$ 0 (Portátil),$ 20.000 / 2 años (Regulador y flexible),Certificación SEC QR: 378382 | Peso: 7.5 kg | Dimensiones: 435 x 656 x 350 mm,https://www.solotodo.cl/products/273615
109659,Estufas,Loven,LOV-91L,Loven LOV-91L,Calefactor Eléctrico Infrarrojo,Electricidad,1.50 kWh/hora (1500 W),"1,0 (100%)",-,1500 W,30 m2,94995,Ripley,https://simple.ripley.cl/estufa-electrica-loven-lov-91l-1500w-wifi-infrarroja-2000382875898p,75996,94995,Ripley,1,"Ripley: $94,995",$ 0 (Enchufable 220V),$ 0 (Sin mantención periódica),Certificación SEC QR: 375485 | Dimensiones: 290 x 373 x 370 mm | Enchufable 220V directo. No requiere obras ni ductos.,https://www.solotodo.cl/products/109659
189658,Estufas,Ursus Trotter,UT HMP-2000TT,Ursus Trotter UT HMP-2000TT,Convector Eléctrico,Electricidad,2.00 kWh/hora (2000 W),"1,0 (100%)",-,2000 W,No especificado,94990,Hites,https://www.hites.com/convector-electrico-ursus-trotter-hmp-2000-tt-909412001.html,94990,62990,Mercado Libre,5,"Hites: $94,990 | Paris: $62,990 | Sodimac: $79,190 | Travel Tienda: $86,990 | Mercado Libre: $62,990",$ 0 (Enchufable 220V),$ 0 (Sin mantención periódica),Certificación SEC QR: 464253 | Peso: 5.0 kg | Dimensiones: 650 x 390 x 125 mm | Enchufable 220V directo. No requiere obras ni ductos.,https://www.solotodo.cl/products/189658
37828,Estufas,Airolite,Curve Tower 2000,Airolite Curve Tower 2000,Termoventilador Eléctrico,Electricidad,2.00 kWh/hora (2000 W),"1,0 (100%)",-,2000 W,25 m2,93990,Travel Tienda,https://tienda.travel.cl/airolite/pack-termoventilador-airolite-curve-tower/SKU131703,93990,46690,Sodimac,5,"Sodimac: $46,690 | Falabella: $59,990 | Easy: $48,990 | Travel Tienda: $79,990 | Travel Tienda: $93,990",$ 0 (Enchufable 220V),$ 0 (Sin mantención periódica),Certificación SEC QR: 219635 | Dimensiones: N/A mm | Enchufable 220V directo. No requiere obras ni ductos.,https://www.solotodo.cl/products/37828
213742,Estufas,BetterLife,BLCV1000W,BetterLife BLCV1000W,Convector Eléctrico,Electricidad,1.00 kWh/hora (1000 W),"1,0 (100%)",-,1000 W,No especificado,93990,Travel Tienda,https://tienda.travel.cl/calefacci%C3%B3n/panel-calefactor-betterlife-muro-piso-de-cristal-wifi-smarthome-15-m-/SKU101992,93990,93990,Travel Tienda,1,"Travel Tienda: $93,990",$ 0 (Enchufable 220V),$ 0 (Sin mantención periódica),Certificación SEC QR: 263617 | Peso: 16.8 kg | Dimensiones: 835 x 455 x 75 mm | Enchufable 220V directo. No requiere obras ni ductos.,https://www.solotodo.cl/products/213742
239215,Estufas,Ursus Trotter,UT MC-10M,Ursus Trotter UT MC-10M,Convector Eléctrico,Electricidad,1.00 kWh/hora (1000 W),"1,0 (100%)",-,1000 W,10 m2,91990,Travel Tienda,https://tienda.travel.cl/convectores/calefactor-el%C3%A9ctrico-ursus-trotter-mc-10-m/SKU130348,91990,79990,Paris,4,"Paris: $79,990 | Sodimac: $83,390 | Travel Tienda: $91,990 | Mercado Libre: $83,390",$ 0 (Enchufable 220V),$ 0 (Sin mantención periódica),Certificación SEC QR: 503929 | Peso: 3.6 kg | Dimensiones: 600 x 433 x 90 mm | Enchufable 220V directo. No requiere obras ni ductos.,https://www.solotodo.cl/products/239215
270908,Estufas,Thomas,TH-RFC55,Thomas TH-RFC55,Calefactor Eléctrico a Cuarzo,Electricidad,2.40 kWh/hora (2400 W),"1,0 (100%)",-,2400 W,No especificado,89990,ABC,https://www.abc.cl/radiador-thomas-th-rfc55/28391420.html,89990,49990,Falabella Marketplace (Thomas/Siegen),2,"ABC: $89,990 | Falabella Marketplace (Thomas/Siegen): $49,990",$ 0 (Enchufable 220V),$ 0 (Sin mantención periódica),Certificación SEC QR: 547137 | Dimensiones: N/A mm | Enchufable 220V directo. No requiere obras ni ductos.,https://www.solotodo.cl/products/270908
135107,Estufas,Kaltemp,Wally One O 1200 WIFI,Kaltemp Wally One O 1200 WIFI,Convector Eléctrico,Electricidad,1.80 kWh/hora (1800 W),"1,0 (100%)",-,1800 W,18 m2,89990,Travel Tienda,https://tienda.travel.cl/calefacci%C3%B3n/convector-electrico-kaltemp-wally-one-wifi-1200/SKU65317,76990,89990,Travel Tienda,1,"Travel Tienda: $89,990",$ 0 (Enchufable 220V),$ 0 (Sin mantención periódica),Certificación SEC QR: 469783 | Dimensiones: 400 x 600 x 70 mm | Enchufable 220V directo. No requiere obras ni ductos.,https://www.solotodo.cl/products/135107
270423,Estufas,Loven,RYF5,Loven RYF5,Estufa Gas Radiante Infrarroja,Gas Licuado (GLP),120 - 320 g/hora (estándar),"0,800 (80%)",-,2750 W,40 m2,89990,Ripley,https://simple.ripley.cl/estufa-a-gas-loven-rf5k-5kg-2000393029853p,79990,89990,Ripley,1,"Ripley: $89,990",$ 0 (Portátil),$ 20.000 / 2 años (Regulador y flexible),Certificación SEC QR: 472586 | Peso: 8.1 kg | Dimensiones: N/A mm,https://www.solotodo.cl/products/270423
271325,Estufas,Nex,EGAS15KG,Nex EGAS15KG,Estufa Gas Radiante Infrarroja,Gas Licuado (GLP),120 - 320 g/hora (estándar),"0,800 (80%)",-,4200 W / 3600 Kcal/h / 14000 BTU/h,60 m2,89990,Easy,https://www.easy.cl/estufa-a-gas-15-kg-1399844/p,79990,89990,Easy,1,"Easy: $89,990",$ 0 (Portátil),$ 20.000 / 2 años (Regulador y flexible),Certificación SEC QR: 487289 | Peso: 10.8 kg | Dimensiones: 420 x 720 x 490 mm | Capacidad Estanque/Tolva: 15.0 L/kg,https://www.solotodo.cl/products/271325
72715,Estufas,Würden,PN1500GLF,Würden PN1500GLF,Convector Eléctrico,Electricidad,1.50 kWh/hora (1500 W),"1,0 (100%)",-,1500 W / 1290 Kcal/h / 5118 BTU/h,No especificado,89990,Falabella,https://www.falabella.com/falabella-cl/product/881482312/Estufa-Electrica-Wurden-Pn1500Glf-1500W/881482312,79990,89990,Falabella,1,"Falabella: $89,990",$ 0 (Enchufable 220V),$ 0 (Sin mantención periódica),Certificación SEC QR: 282615 | Peso: 6.9 kg | Dimensiones: 760 x 380 x 100 mm | Enchufable 220V directo. No requiere obras ni ductos.,https://www.solotodo.cl/products/72715
131709,Estufas,Kaltemp,Wally One O 1800 WIFI,Kaltemp Wally One O 1800 WIFI,Convector Eléctrico,Electricidad,1.50 kWh/hora (1500 W),"1,0 (100%)",-,1500 W / 1290 Kcal/h / 5118 BTU/h,18 m2,89990,Travel Tienda,https://tienda.travel.cl/calefacci%C3%B3n/convector-electrico-kaltemp-wally-one-wifi-1800/SKU65333,79990,89990,Travel Tienda,1,"Travel Tienda: $89,990",$ 0 (Enchufable 220V),$ 0 (Sin mantención periódica),Certificación SEC QR: 469787 | Peso: 3.0 kg | Dimensiones: 870 x 400 x 90 mm | Enchufable 220V directo. No requiere obras ni ductos.,https://www.solotodo.cl/products/131709
78712,Estufas,Würden,QNQ-101 F,Würden QNQ-101 F,Convector Eléctrico,Electricidad,2.00 kWh/hora (2000 W),"1,0 (100%)",-,2000 W / 1720 Kcal/h / 6824 BTU/h,No especificado,89990,Sodimac,https://www.sodimac.cl/sodimac-cl/articulo/110004207/product/110004211,89990,89990,Sodimac,1,"Sodimac: $89,990",$ 0 (Enchufable 220V),$ 0 (Sin mantención periódica),Certificación SEC QR: 280023 | Peso: 6.0 kg | Dimensiones: 680 x 370 x 110 mm | Enchufable 220V directo. No requiere obras ni ductos.,https://www.solotodo.cl/products/78712
158729,Estufas,Anwo,NDFL.1000V,Anwo NDFL.1000V,Convector Eléctrico,Electricidad,1.00 kWh/hora (1000 W),"1,0 (100%)",-,1000 W,16 m2,89990,Easy,https://www.easy.cl/panel-electrico-vidrio-ndfl1000v-1000w-wifi-blancoverde-1392737/p,89990,89990,Falabella Marketplace (Anwo),2,"Easy: $89,990 | Falabella Marketplace (Anwo): $89,990",$ 0 (Enchufable 220V),$ 0 (Sin mantención periódica),Certificación SEC QR: 438591 | Peso: 4.0 kg | Dimensiones: 450 x 400 x 120 mm | Enchufable 220V directo. No requiere obras ni ductos.,https://www.solotodo.cl/products/158729
136231,Estufas,Kendal,KGH-1500,Kendal KGH-1500,Convector Eléctrico,Electricidad,1.50 kWh/hora (1500 W),"1,0 (100%)",-,1500 W / 5000 BTU/h,No especificado,89990,Falabella,"https://www.falabella.com/falabella-cl/product/16121625/Estufa-Electrica-1,5-kW-KGH-1500-Kendal/16121625",89990,89990,Falabella,1,"Falabella: $89,990",$ 0 (Enchufable 220V),$ 0 (Sin mantención periódica),Certificación SEC QR: 424758 | Peso: 6.0 kg | Dimensiones: 630 x 500 x 250 mm | Enchufable 220V directo. No requiere obras ni ductos.,https://www.solotodo.cl/products/136231
392277,Estufas,Sindelen,VP-6WGR,Sindelen VP-6WGR,Termoventilador Eléctrico,Electricidad,1.98 kWh/hora (1980 W),"1,0 (100%)",-,1980 W,No especificado,89990,Ripley,https://simple.ripley.cl/termoventilador-sindelen-vp-6wgr-2000410210745p,89990,89990,Ripley,1,"Ripley: $89,990",$ 0 (Enchufable 220V),$ 0 (Sin mantención periódica),Certificación SEC QR: 567888 | Peso: 5.1 kg | Dimensiones: 340 x 1035 x 340 mm | Enchufable 220V directo. No requiere obras ni ductos.,https://www.solotodo.cl/products/392277
271327,Estufas,Combi,EP40,Combi EP40,Estufa a Pellet,Pellet,"0,6 - 1,8 kg/hora (estándar)","0,850 (85%)",-,-,No especificado,89990,Easy,https://www.easy.cl/estufa-pellet-ep40-negro-1418997/p,89990,89990,Easy,1,"Easy: $89,990",$ 120.000 (Kit cañones inox / pasamuros),$ 45.000 / año (Deshollinado / crisol),Peso: 4.5 kg | Dimensiones: 360 x 280 x 260 mm | Flete volumen pesado a zonas extremas (+15-25% H/I). Requiere leña seca (<25% hum) o pellet certificado.,https://www.solotodo.cl/products/271327
392281,Estufas,Verken,Nordglass - Negro,Verken Nordglass - Negro,Convector Eléctrico,Electricidad,1.50 kWh/hora (1500 W),"1,0 (100%)",-,1500 W,No especificado,89990,Mercado Libre (VERKEN.CL),https://www.mercadolibre.cl/p/MLC68734053?pdp_filters=official_store:all,89990,89990,Mercado Libre (VERKEN.CL),1,"Mercado Libre (VERKEN.CL): $89,990",$ 0 (Enchufable 220V),$ 0 (Sin mantención periódica),Dimensiones: 80 x 640 x 470 mm | Enchufable 220V directo. No requiere obras ni ductos.,https://www.solotodo.cl/products/392281
46182,Estufas,Toyotomi,MH2088-SW,Toyotomi MH2088-SW,Termoventilador Eléctrico,Electricidad,2.00 kWh/hora (2000 W),"1,0 (100%)",-,2000 W / 1720 Kcal/h / 6824 BTU/h,25 m2,89990,Tienda Toyotomi,https://toyotomi.cl/product/termoventilador-2-kw-mh-2088/,89990,89990,Tienda Toyotomi,1,"Tienda Toyotomi: $89,990",$ 0 (Enchufable 220V),$ 0 (Sin mantención periódica),Certificación SEC QR: 263874 | Dimensiones: N/A mm | Enchufable 220V directo. No requiere obras ni ductos.,https://www.solotodo.cl/products/46182
388717,Estufas,Kendal,GH-10RM Negro,Kendal GH-10RM Negro,Convector Eléctrico,Electricidad,1.00 kWh/hora (1000 W),"1,0 (100%)",-,1000 W,15 m2,87990,Falabella,https://www.falabella.com/falabella-cl/product/80152190/Panel-Convector-Gh10Rm-N-Kendal/80152190,87990,87990,Falabella,1,"Falabella: $87,990",$ 0 (Enchufable 220V),$ 0 (Sin mantención periódica),Certificación SEC QR: 510764 | Peso: 6.3 kg | Dimensiones: 545 x 530 x 230 mm | Enchufable 220V directo. No requiere obras ni ductos.,https://www.solotodo.cl/products/388717
109660,Estufas,Loven,LOV-91K,Loven LOV-91K,Calefactor Eléctrico Infrarrojo,Electricidad,1.50 kWh/hora (1500 W),"1,0 (100%)",-,1500 W,30 m2,84995,Ripley,https://simple.ripley.cl/estufa-electrica-loven-lov-91k-1500w-infrarrojo-2000382875881p,67996,84995,Ripley,1,"Ripley: $84,995",$ 0 (Enchufable 220V),$ 0 (Sin mantención periódica),Certificación SEC QR: 375599 | Dimensiones: 290 x 373 x 370 mm | Enchufable 220V directo. No requiere obras ni ductos.,https://www.solotodo.cl/products/109660
221280,Estufas,Bosca,NDK-10DW,Bosca NDK-10DW,Convector Eléctrico,Electricidad,1.00 kWh/hora (1000 W),"1,0 (100%)",-,1000 W,25 m2,84990,ABC,https://www.abc.cl/calefactor-electrico-wifi-bosca-ndk-10dw-1000-w/27490085.html,84990,84990,ABC,1,"ABC: $84,990",$ 0 (Enchufable 220V),$ 0 (Sin mantención periódica),Certificación SEC QR: 401883 | Peso: 4.5 kg | Dimensiones: 460 x 400 x 90 mm | Enchufable 220V directo. No requiere obras ni ductos.,https://www.solotodo.cl/products/221280
273145,Estufas,Kendal,Mica Efficient 03,Kendal Mica Efficient 03,Estufa Eléctrica,Electricidad,1.80 kWh/hora (1800 W),"1,0 (100%)",-,1800 W,18 m2,82990,Falabella,https://www.falabella.com/falabella-cl/product/17391095/CALEFACTOR-KEM-EFFICIENT03KENDALKEM-EFFICIENT/17391095,82990,82990,Sodimac,3,"Falabella: $82,990 | Easy: $82,990 | Sodimac: $82,990",$ 0 (Enchufable 220V),$ 0 (Sin mantención periódica),Certificación SEC QR: 549046 | Peso: 5.5 kg | Dimensiones: 800 x 520 x 235 mm | Enchufable 220V directo. No requiere obras ni ductos.,https://www.solotodo.cl/products/273145
44249,Estufas,Thomas,TH-CH42,Thomas TH-CH42,Termoventilador Eléctrico,Electricidad,2.00 kWh/hora (2000 W),"1,0 (100%)",-,2000 W / 1720 Kcal/h / 6824 BTU/h,No especificado,79990,Falabella,https://www.falabella.com/falabella-cl/product/17389325/Estufa-Termoventilador-Ceramico-TH-CH42-Thomas/17389325,79990,52990,Paris,2,"Paris: $52,990 | Falabella: $79,990",$ 0 (Enchufable 220V),$ 0 (Sin mantención periódica),Certificación SEC QR: 258215 | Dimensiones: 230 x 350 x 160 mm | Enchufable 220V directo. No requiere obras ni ductos.,https://www.solotodo.cl/products/44249
44250,Estufas,Thomas,TH-CV51,Thomas TH-CV51,Convector Eléctrico,Electricidad,2.00 kWh/hora (2000 W),"1,0 (100%)",-,2000 W / 1720 Kcal/h / 6824 BTU/h,No especificado,79990,ABC,https://www.abc.cl/convector-electrico-thomas-th-cv51/22968378.html,79990,42990,Sodimac,4,"Sodimac: $42,990 | Easy: $54,990 | ABC: $79,990 | Mercado Libre (Thomas): $79,990",$ 0 (Enchufable 220V),$ 0 (Sin mantención periódica),Certificación SEC QR: 258213 | Dimensiones: 600 x 440 x 150 mm | Enchufable 220V directo. No requiere obras ni ductos.,https://www.solotodo.cl/products/44250
62395,Estufas,Airolite,RB2209TP,Airolite RB2209TP,Calefactor Óleo-eléctrico,Electricidad,2.20 kWh/hora (2200 W),"1,0 (100%)",-,2200 W / 1892 Kcal/h / 7507 BTU/h,No especificado,79990,Ripley,https://simple.ripley.cl/estufa-oleoelectrico-airolite-rb2209tp-2000378724292p,74990,79990,Ripley,1,"Ripley: $79,990",$ 0 (Enchufable 220V),$ 0 (Sin mantención periódica),Certificación SEC QR: 179280 | Peso: 13.8 kg | Dimensiones: 450 x 666 x 162 mm | Enchufable 220V directo. No requiere obras ni ductos.,https://www.solotodo.cl/products/62395
221282,Estufas,Anwo,NDFL.1200A,Anwo NDFL.1200A,Convector Eléctrico,Electricidad,1.20 kWh/hora (1200 W),"1,0 (100%)",-,1200 W,No especificado,79990,Falabella Marketplace (Anwo),https://www.falabella.com/falabella-cl/product/124548910/Calefactor-Estufa-Electrica-Portatil-Anwo-Convectivo-Liso-1200W-Wifi/124548913,79990,79990,Falabella Marketplace (Anwo),1,"Falabella Marketplace (Anwo): $79,990",$ 0 (Enchufable 220V),$ 0 (Sin mantención periódica),Certificación SEC QR: 486085 | Peso: 4.0 kg | Dimensiones: 660 x 400 x 70 mm | Enchufable 220V directo. No requiere obras ni ductos.,https://www.solotodo.cl/products/221282
271324,Estufas,Nex,EGAS5KG,Nex EGAS5KG,Estufa Gas Radiante Infrarroja,Gas Licuado (GLP),209 g/hora,"0,800 (80%)",-,2900 W / 2500 Kcal/h / 9900 BTU/h,30 m2,79990,Easy,https://www.easy.cl/estufa-a-gas-egas5kg-5-kg-negro-1441939/p,79990,79990,Easy,1,"Easy: $79,990",$ 0 (Portátil),$ 20.000 / 2 años (Regulador y flexible),Certificación SEC QR: 530563 | Peso: 6.7 kg | Dimensiones: 37 x 65 x 32 mm,https://www.solotodo.cl/products/271324
106551,Estufas,Airolite,Vintage HT RETRO 2000R,Airolite Vintage HT RETRO 2000R,Termoventilador Eléctrico,Electricidad,2.00 kWh/hora (2000 W),"1,0 (100%)",-,2000 W / 1720 Kcal/h / 6824 BTU/h,No especificado,78990,Travel Tienda,https://tienda.travel.cl/airolite/pack-termoventilador-airolite-vintage-ht-retro-2000r-negro-blanco/SKU131711,78990,39990,Falabella Marketplace (AIROLITE),5,"Sodimac: $39,990 | Easy: $39,990 | Travel Tienda: $78,990 | Travel Tienda: $78,990 | Falabella Marketplace (AIROLITE): $39,990",$ 0 (Enchufable 220V),$ 0 (Sin mantención periódica),Certificación SEC QR: 375523 | Peso: 1.9 kg | Dimensiones: 300 x 307 x 153 mm | Enchufable 220V directo. No requiere obras ni ductos.,https://www.solotodo.cl/products/106551
39401,Estufas,Ursus Trotter,UT N10FT 2000 (Blanco),Ursus Trotter UT N10FT 2000 (Blanco),Convector Eléctrico,Electricidad,2.00 kWh/hora (2000 W),"1,0 (100%)",-,2000 W,21 m2,74990,Hites,https://www.hites.com/convector-electrico-ursus-trotter-n10-ft-2.0-kw-794665001.html,74990,52990,Paris,5,"Paris: $52,990 | Hites: $74,990 | Falabella: $74,990 | Sodimac: $62,490 | Travel Tienda: $68,990",$ 0 (Enchufable 220V),$ 0 (Sin mantención periódica),Certificación SEC QR: 219159 | Peso: 15.0 kg | Dimensiones: 680 x 440 x 170 mm | Enchufable 220V directo. No requiere obras ni ductos.,https://www.solotodo.cl/products/39401
189659,Estufas,Ursus Trotter,UT HMP-2000,Ursus Trotter UT HMP-2000,Convector Eléctrico,Electricidad,2.00 kWh/hora (2000 W),"1,0 (100%)",-,2000 W,No especificado,74990,Hites,https://www.hites.com/convector-ursus-trotter-hmp-2000-911711001.html,74990,56990,Mercado Libre,5,"Paris: $59,990 | Hites: $74,990 | Sodimac: $56,990 | Travel Tienda: $68,990 | Mercado Libre: $56,990",$ 0 (Enchufable 220V),$ 0 (Sin mantención periódica),Certificación SEC QR: 467445 | Peso: 5.0 kg | Dimensiones: 650 x 390 x 125 mm | Enchufable 220V directo. No requiere obras ni ductos.,https://www.solotodo.cl/products/189659
61946,Estufas,Anwo,IR1500-WIFI / PH-96NW / HOM1500WF,Anwo IR1500-WIFI / PH-96NW / HOM1500WF,Calefactor Eléctrico Infrarrojo,Electricidad,1.50 kWh/hora (1500 W),"1,0 (100%)",-,1500 W / 1290 Kcal/h / 5118 BTU/h,50 m2,74990,Easy,https://www.easy.cl/estufa-infrarroja-1500w-ph-96nw-wifi-negro-anwo-1150209/p,74990,69990,Falabella Marketplace (Anwo),2,"Falabella Marketplace (Anwo): $69,990 | Easy: $74,990",$ 0 (Enchufable 220V),$ 0 (Sin mantención periódica),Certificación SEC QR: 180756 | Peso: 6.2 kg | Dimensiones: 290 x 380 x 360 mm | Enchufable 220V directo. No requiere obras ni ductos.,https://www.solotodo.cl/products/61946
386240,Estufas,Ursus Trotter,UT K9-T,Ursus Trotter UT K9-T,Calefactor Óleo-eléctrico,Electricidad,2.00 kWh/hora (2000 W),"1,0 (100%)",-,2000 W,20 m2,74990,Easy,https://www.easy.cl/calefactor-oleo-ut-k9-t-blanco-1513469/p,74990,72990,Mercado Libre,4,"Paris: $72,990 | Easy: $74,990 | ABC: $74,990 | Mercado Libre: $72,990",$ 0 (Enchufable 220V),$ 0 (Sin mantención periódica),Peso: 7.0 kg | Dimensiones: 370 x 630 x 140 mm | Enchufable 220V directo. No requiere obras ni ductos.,https://www.solotodo.cl/products/386240
200044,Estufas,Kendal,KCE-96S,Kendal KCE-96S,Estufa Eléctrica,Electricidad,1.80 kWh/hora (1800 W),"1,0 (100%)",-,1800 W,18 m2,74990,Falabella,https://www.falabella.com/falabella-cl/product/16737179/Estufa-Electrica-1800W-Kce-96S-Kendal/16737179,74990,74990,Falabella,1,"Falabella: $74,990",$ 0 (Enchufable 220V),$ 0 (Sin mantención periódica),Certificación SEC QR: 467001 | Peso: 4.8 kg | Dimensiones: 322 x 523 x 180 mm | Enchufable 220V directo. No requiere obras ni ductos.,https://www.solotodo.cl/products/200044
64007,Estufas,Airolite,CO-RP 2000 II (Negro),Airolite CO-RP 2000 II (Negro),Convector Eléctrico,Electricidad,2.00 kWh/hora (2000 W),"1,0 (100%)",-,2000 W / 1720 Kcal/h / 6824 BTU/h,No especificado,72990,Paris,https://www.paris.cl/convector-panel-espejo-airolite-2000-w-co-rp-2000-ii-negro-732838999.html,72990,63990,Sodimac,3,"Paris: $72,990 | Sodimac: $63,990 | Easy: $69,990",$ 0 (Enchufable 220V),$ 0 (Sin mantención periódica),Certificación SEC QR: 302161 | Peso: 9.2 kg | Dimensiones: 940 x 550 x 130 mm | Enchufable 220V directo. No requiere obras ni ductos.,https://www.solotodo.cl/products/64007
37777,Estufas,Airolite,HTC2013,Airolite HTC2013,Termoventilador Eléctrico,Electricidad,2.00 kWh/hora (2000 W),"1,0 (100%)",-,2000 W,50 m3,70990,Travel Tienda,https://tienda.travel.cl/airolite/pack-termoventilador-airolite-cer%C3%A1mico-htc-2013-oscilante/SKU131714,70990,35990,Easy,3,"Easy: $35,990 | Falabella: $44,990 | Travel Tienda: $70,990",$ 0 (Enchufable 220V),$ 0 (Sin mantención periódica),Certificación SEC QR: 221620 | Dimensiones: 245 x 540 x 175 mm | Enchufable 220V directo. No requiere obras ni ductos.,https://www.solotodo.cl/products/37777
245525,Estufas,Loven,IH1500-WIFI,Loven IH1500-WIFI,Chimenea Eléctrica Decorativa,Electricidad,1.50 kWh/hora (1500 W),"1,0 (100%)",-,1500 W,40 m2,69995,Ripley,https://simple.ripley.cl/estufa-electrica-loven-ih1500pro-1500w-wifi-infrarroja-2000399037784p,55996,69995,Ripley,1,"Ripley: $69,995",$ 0 (Enchufable 220V),$ 0 (Sin mantención periódica),Certificación SEC QR: 493833 | Peso: 6.0 kg | Dimensiones: 390 x 380 x 350 mm | Enchufable 220V directo. No requiere obras ni ductos.,https://www.solotodo.cl/products/245525
38063,Estufas,Toyotomi,MH1577,Toyotomi MH1577,Termoventilador Eléctrico,Electricidad,1.50 kWh/hora (1500 W),"1,0 (100%)",-,1500 W,20 m2,69990,Falabella,"https://www.falabella.com/falabella-cl/product/4433203/Termoventilador-1,5-kW-MH-1577-Toyotomi/4433203",69990,69990,Tienda Toyotomi,2,"Falabella: $69,990 | Tienda Toyotomi: $69,990",$ 0 (Enchufable 220V),$ 0 (Sin mantención periódica),Certificación SEC QR: 149789 | Dimensiones: 265 x 312 x 145 mm | Enchufable 220V directo. No requiere obras ni ductos.,https://www.solotodo.cl/products/38063
272652,Estufas,Thomas,TH-CH38,Thomas TH-CH38,Calefactor Eléctrico Cerámico / PTC,Electricidad,2.20 kWh/hora (2200 W),"1,0 (100%)",-,2200 W / 1892 Kcal/h,50 m2,69990,ABC,https://www.abc.cl/termoventilador-thomas-th-ch38/28391382.html,69990,49990,Mercado Libre (COMERCIALIZADORALOSROBLESLT),2,"ABC: $69,990 | Mercado Libre (COMERCIALIZADORALOSROBLESLT): $49,990",$ 0 (Enchufable 220V),$ 0 (Sin mantención periódica),Certificación SEC QR: 550349 | Dimensiones: N/A mm | Enchufable 220V directo. No requiere obras ni ductos.,https://www.solotodo.cl/products/272652
273582,Estufas,Kendal,Mica Efficient 02,Kendal Mica Efficient 02,Estufa Eléctrica,Electricidad,2.00 kWh/hora (2000 W),"1,0 (100%)",-,2000 W,20 m2,69990,Falabella,https://www.falabella.com/falabella-cl/product/17391032/CALENTADOR-KEM-EFFICIENT02KENDALKEM-EFFICIENT02/17391032,69990,69990,Easy,2,"Falabella: $69,990 | Easy: $69,990",$ 0 (Enchufable 220V),$ 0 (Sin mantención periódica),Certificación SEC QR: 0 | Peso: 3.8 kg | Dimensiones: 550 x 455 x 250 mm | Enchufable 220V directo. No requiere obras ni ductos.,https://www.solotodo.cl/products/273582
189349,Estufas,BetterLife,PTC F RCW (BLPT1500W / BLPTC1500W ),BetterLife PTC F RCW (BLPT1500W / BLPTC1500W ),Termoventilador Eléctrico,Electricidad,1.50 kWh/hora (1500 W),"1,0 (100%)",-,1500 W,15 m2,69990,Falabella Marketplace (OXIMIXO),https://www.falabella.com/falabella-cl/product/152405734/termoventilador-digital-wifi-15-m/152405735,64990,64990,Travel Tienda,2,"Travel Tienda: $64,990 | Falabella Marketplace (OXIMIXO): $69,990",$ 0 (Enchufable 220V),$ 0 (Sin mantención periódica),Certificación SEC QR: 180266 | Peso: 3.0 kg | Dimensiones: 170 x 400 x 150 mm | Enchufable 220V directo. No requiere obras ni ductos.,https://www.solotodo.cl/products/189349
38025,Estufas,Alcazar,Roble (Burdeo),Alcazar Roble (Burdeo),Chimenea Eléctrica Decorativa,Electricidad,1.68 kWh/hora (1680 W),"1,0 (100%)",-,1680 W,20 m2,69990,Falabella Marketplace (ALCAZAR),https://www.falabella.com/falabella-cl/product/129137456/Estufa-Electrica-Roble/129137457,69990,69990,Falabella Marketplace (ALCAZAR),1,"Falabella Marketplace (ALCAZAR): $69,990",$ 0 (Enchufable 220V),$ 0 (Sin mantención periódica),Certificación SEC QR: 295433 | Peso: 9.7 kg | Dimensiones: 410 x 550 x 270 mm | Enchufable 220V directo. No requiere obras ni ductos.,https://www.solotodo.cl/products/38025
61947,Estufas,Anwo,Panel Eléctrico 1500W Wi-Fi (HOM1500PWF),Anwo Panel Eléctrico 1500W Wi-Fi (HOM1500PWF),Convector Eléctrico,Electricidad,1.50 kWh/hora (1500 W),"1,0 (100%)",-,1500 W / 1290 Kcal/h / 5118 BTU/h,50 m2,69990,Falabella Marketplace (Anwo),https://www.falabella.com/falabella-cl/product/121643688/Calefactor-Estufa-Electrica-Portatil-Anwo-Convectivo-Liso-1500W-Wifi/121643689,69990,69990,Falabella Marketplace (Anwo),1,"Falabella Marketplace (Anwo): $69,990",$ 0 (Enchufable 220V),$ 0 (Sin mantención periódica),Certificación SEC QR: 297158 | Peso: 4.8 kg | Dimensiones: 760 x 380 x 90 mm | Enchufable 220V directo. No requiere obras ni ductos.,https://www.solotodo.cl/products/61947
251052,Estufas,Genérico,Insta Heater (INH04),Genérico Insta Heater (INH04),Estufa Eléctrica,Electricidad,0.60 kWh/hora (600 W),"1,0 (100%)",-,600 W,23 m2,69990,Travel Tienda,https://tienda.travel.cl/calefactores/calefactor-de-pared-swiss-trading-group-insta-heater-dos-unidades/SKU105596,69990,69990,Travel Tienda,1,"Travel Tienda: $69,990",$ 0 (Enchufable 220V),$ 0 (Sin mantención periódica),Certificación SEC QR: 508272 | Dimensiones: 140 x 140 x 110 mm | Enchufable 220V directo. No requiere obras ni ductos.,https://www.solotodo.cl/products/251052
221284,Estufas,Anwo,NDFL.600A,Anwo NDFL.600A,Convector Eléctrico,Electricidad,0.60 kWh/hora (600 W),"1,0 (100%)",-,600 W,12 m2,69990,Easy,https://www.easy.cl/panel-electrico-ndfl600a-600w-wifi-blanco-1403946/p,69990,69990,Easy,1,"Easy: $69,990",$ 0 (Enchufable 220V),$ 0 (Sin mantención periódica),Certificación SEC QR: 486268 | Peso: 3.5 kg | Dimensiones: 450 x 400 x 70 mm | Enchufable 220V directo. No requiere obras ni ductos.,https://www.solotodo.cl/products/221284
140603,Estufas,Calma,Green PG4000,Calma Green PG4000,Convector Eléctrico,Electricidad,1.00 kWh/hora (1000 W),"1,0 (100%)",-,1000 W,12 m2,69990,Hites,https://www.hites.com/panel-calefactor-calma-pg4000-938099001.html,69990,69990,Hites,1,"Hites: $69,990",$ 0 (Enchufable 220V),$ 0 (Sin mantención periódica),Certificación SEC QR: 410581 | Peso: 5.1 kg | Dimensiones: 590 x 490 x 110 mm | Enchufable 220V directo. No requiere obras ni ductos.,https://www.solotodo.cl/products/140603
38485,Estufas,Ursus Trotter,HMC-2000,Ursus Trotter HMC-2000,Convector Eléctrico,Electricidad,2.00 kWh/hora (2000 W),"1,0 (100%)",-,2000 W / 1720 Kcal/h / 6824 BTU/h,21 m2,69990,Hites,https://www.hites.com/convector-ursus-trotter-hmc-2000-794663001.html,69990,69990,Hites,1,"Hites: $69,990",$ 0 (Enchufable 220V),$ 0 (Sin mantención periódica),Certificación SEC QR: 254615 | Peso: 4.0 kg | Dimensiones: 680 x 440 x 170 mm | Enchufable 220V directo. No requiere obras ni ductos.,https://www.solotodo.cl/products/38485
135106,Estufas,Kaltemp,Wally One O 600 WIFI,Kaltemp Wally One O 600 WIFI,Convector Eléctrico,Electricidad,0.60 kWh/hora (600 W),"1,0 (100%)",-,600 W,6 m2,68990,Travel Tienda,https://tienda.travel.cl/calefacci%C3%B3n/convector-electrico-kaltemp-wally-one-wifi-600/SKU65334,68990,68990,Travel Tienda,1,"Travel Tienda: $68,990",$ 0 (Enchufable 220V),$ 0 (Sin mantención periódica),Certificación SEC QR: 389086 | Dimensiones: 450 x 400 x 70 mm | Enchufable 220V directo. No requiere obras ni ductos.,https://www.solotodo.cl/products/135106
38059,Estufas,Kendal,NSB120K6,Kendal NSB120K6,Calefactor Eléctrico Infrarrojo,Electricidad,1.00 kWh/hora (1000 W),"1,0 (100%)",-,1000 W / 860 Kcal/h / 3412 BTU/h,12 m2,67990,Falabella,https://www.falabella.com/falabella-cl/product/4955032/Estufa-Electrica-1000-Watts-Nsb-120K6-C-R-Kendal/4955032,67990,67990,Falabella,1,"Falabella: $67,990",$ 0 (Enchufable 220V),$ 0 (Sin mantención periódica),Certificación SEC QR: 209605 | Peso: 2.7 kg | Dimensiones: 295 x 725 x 165 mm | Enchufable 220V directo. No requiere obras ni ductos.,https://www.solotodo.cl/products/38059
383574,Estufas,Midea,NTH20-21BK,Midea NTH20-21BK,Termoventilador Eléctrico,Electricidad,2.00 kWh/hora (2000 W),"1,0 (100%)",-,2000 W,10 m2,65990,Hites,https://www.hites.com/termoventilador-midea-nth20-21bk-972101001.html,65990,65990,Hites,1,"Hites: $65,990",$ 0 (Enchufable 220V),$ 0 (Sin mantención periódica),Certificación SEC QR: 568098 | Peso: 2.8 kg | Dimensiones: 209 x 603 x 199 mm | Enchufable 220V directo. No requiere obras ni ductos.,https://www.solotodo.cl/products/383574
136234,Estufas,Sindelen,EEC-6000NW,Sindelen EEC-6000NW,Calefactor Eléctrico Infrarrojo,Electricidad,0.95 kWh/hora (950 W),"1,0 (100%)",-,950 W / 3400 BTU/h,17 m2,64990,Ripley,https://simple.ripley.cl/calefactor-carbono-sindelen-wifi-eec-6000nw-2000390600192p,58491,55990,Falabella,6,"Paris: $62,990 | Falabella: $55,990 | Easy: $59,990 | Hites: $62,990 | Ripley: $64,990 (+1 más)",$ 0 (Enchufable 220V),$ 0 (Sin mantención periódica),Certificación SEC QR: 366162 | Peso: 6.0 kg | Dimensiones: 360 x 975 x 330 mm | Enchufable 220V directo. No requiere obras ni ductos.,https://www.solotodo.cl/products/136234
386238,Estufas,Ursus Trotter,UT K7-T,Ursus Trotter UT K7-T,Calefactor Óleo-eléctrico,Electricidad,1.50 kWh/hora (1500 W),"1,0 (100%)",-,1500 W,15 m2,64990,ABC,https://www.abc.cl/calefactor-electrico-ursus-trotter-ut-k7-t-1.500-w-blanco/29165564.html,64990,59675,Mercado Libre,2,"ABC: $64,990 | Mercado Libre: $59,675",$ 0 (Enchufable 220V),$ 0 (Sin mantención periódica),Peso: 7.0 kg | Dimensiones: 370 x 630 x 140 mm | Enchufable 220V directo. No requiere obras ni ductos.,https://www.solotodo.cl/products/386238
112315,Estufas,Würden,HBH-2007F,Würden HBH-2007F,Termoventilador Eléctrico,Electricidad,2.00 kWh/hora (2000 W),"1,0 (100%)",-,2000 W,No especificado,64990,Sodimac,https://www.sodimac.cl/sodimac-cl/articulo/110009788/product/110009789,64990,64990,Sodimac,1,"Sodimac: $64,990",$ 0 (Enchufable 220V),$ 0 (Sin mantención periódica),Certificación SEC QR: 377116 | Peso: 1.0 kg | Dimensiones: 195 x 460 x 130 mm | Enchufable 220V directo. No requiere obras ni ductos.,https://www.solotodo.cl/products/112315
38333,Estufas,Ursus Trotter,UT N10 2000 (Blanca),Ursus Trotter UT N10 2000 (Blanca),Convector Eléctrico,Electricidad,2.00 kWh/hora (2000 W),"1,0 (100%)",-,2000 W,21 m2,64990,Falabella,https://www.falabella.com/falabella-cl/product/16178880/Estufa-Electrica-2.0-Kw-N10-2.0Kw-Ursus-Trotter/16178880,64990,64990,Sodimac,2,"Falabella: $64,990 | Sodimac: $64,990",$ 0 (Enchufable 220V),$ 0 (Sin mantención periódica),Certificación SEC QR: 219159 | Peso: 15.0 kg | Dimensiones: 680 x 440 x 170 mm | Enchufable 220V directo. No requiere obras ni ductos.,https://www.solotodo.cl/products/38333
270909,Estufas,Thomas,TH-CV52,Thomas TH-CV52,Convector Eléctrico,Electricidad,2.00 kWh/hora (2000 W),"1,0 (100%)",-,2000 W,No especificado,59990,Mercado Libre (COMERCIALIZADORALOSROBLESLT),https://www.mercadolibre.cl/p/MLC47640595?pdp_filters=official_store:all,59990,34990,Sodimac,2,"Mercado Libre (COMERCIALIZADORALOSROBLESLT): $59,990 | Sodimac: $34,990",$ 0 (Enchufable 220V),$ 0 (Sin mantención periódica),Certificación SEC QR: 468739 | Dimensiones: 575 x 418 x 20 mm | Enchufable 220V directo. No requiere obras ni ductos.,https://www.solotodo.cl/products/270909
106550,Estufas,Airolite,Vintage HT RETRO 2000N,Airolite Vintage HT RETRO 2000N,Termoventilador Eléctrico,Electricidad,2.00 kWh/hora (2000 W),"1,0 (100%)",-,2000 W / 1720 Kcal/h / 6824 BTU/h,No especificado,59990,ABC,https://www.abc.cl/termoventilador-airolite-ht-retro-2000n-2000w/23842734.html,59990,34990,Hites,6,"Easy: $38,990 | Sodimac: $37,990 | ABC: $59,990 | Hites: $34,990 | Falabella: $49,990 (+1 más)",$ 0 (Enchufable 220V),$ 0 (Sin mantención periódica),Certificación SEC QR: 375523 | Peso: 1.9 kg | Dimensiones: 300 x 307 x 153 mm | Enchufable 220V directo. No requiere obras ni ductos.,https://www.solotodo.cl/products/106550
270326,Estufas,Toyotomi,Swing MH-1500,Toyotomi Swing MH-1500,Termoventilador Eléctrico,Electricidad,1.50 kWh/hora (1500 W),"1,0 (100%)",-,1500 W,No especificado,59990,Tienda Toyotomi,https://toyotomi.cl/product/termoventilador-swing-1-500-w-mh-1500/,59990,59990,Tienda Toyotomi,1,"Tienda Toyotomi: $59,990",$ 0 (Enchufable 220V),$ 0 (Sin mantención periódica),Certificación SEC QR: 523369 | Dimensiones: N/A mm | Enchufable 220V directo. No requiere obras ni ductos.,https://www.solotodo.cl/products/270326
386988,Estufas,Ursus Trotter,UT HFK-2000T,Ursus Trotter UT HFK-2000T,Convector Eléctrico,Electricidad,2.00 kWh/hora (2000 W),"1,0 (100%)",-,2000 W,20 m2,59990,ABC,https://www.abc.cl/calefactor-electrico-ursus-trotter-ut-hfk-2000t-2.000-w-blanco/29165599.html,59990,53641,Mercado Libre,3,"Paris: $54,990 | ABC: $59,990 | Mercado Libre: $53,641",$ 0 (Enchufable 220V),$ 0 (Sin mantención periódica),Certificación SEC QR: 580453 | Peso: 4.0 kg | Dimensiones: 620 x 380 x 140 mm | Enchufable 220V directo. No requiere obras ni ductos.,https://www.solotodo.cl/products/386988
140578,Estufas,Airolite,CO-DE 2000,Airolite CO-DE 2000,Convector Eléctrico,Electricidad,2.00 kWh/hora (2000 W),"1,0 (100%)",-,2000 W,20 m2,59990,Hites,https://www.hites.com/convector-electrico-airolite-co-de-2000-886222001.html,59990,57990,Paris,2,"Paris: $57,990 | Hites: $59,990",$ 0 (Enchufable 220V),$ 0 (Sin mantención periódica),Certificación SEC QR: 423861 | Dimensiones: 640 x 435 x 229 mm | Enchufable 220V directo. No requiere obras ni ductos.,https://www.solotodo.cl/products/140578
136227,Estufas,Kendal,KO-1500,Kendal KO-1500,Calefactor Óleo-eléctrico,Electricidad,1.50 kWh/hora (1500 W),"1,0 (100%)",-,1500 W,No especificado,59990,Falabella,"https://www.falabella.com/falabella-cl/product/16121627/Estufa-Electrica-1,5-kW-KO-1500-Kendal/16121627",59990,59990,Falabella,1,"Falabella: $59,990",$ 0 (Enchufable 220V),$ 0 (Sin mantención periódica),Certificación SEC QR: 427017 | Dimensiones: N/A mm | Enchufable 220V directo. No requiere obras ni ductos.,https://www.solotodo.cl/products/136227
78813,Estufas,Kendal,KCL-06,Kendal KCL-06,Convector Eléctrico,Electricidad,2.00 kWh/hora (2000 W),"1,0 (100%)",-,2000 W / 1720 Kcal/h / 6824 BTU/h,18 m2,59990,Falabella,https://www.falabella.com/falabella-cl/product/8464093/Estufa-Electrica-6800-Watts-Kcl-06-Kendal/8464093,59990,59990,Falabella,1,"Falabella: $59,990",$ 0 (Enchufable 220V),$ 0 (Sin mantención periódica),Peso: 3.1 kg | Dimensiones: 650 x 360 x 130 mm | Enchufable 220V directo. No requiere obras ni ductos.,https://www.solotodo.cl/products/78813
38026,Estufas,Kendal,NSB120K5 (Champagne),Kendal NSB120K5 (Champagne),Calefactor Eléctrico Infrarrojo,Electricidad,1.00 kWh/hora (1000 W),"1,0 (100%)",-,1000 W,18 m2,59990,Precio referencia SoloTodo,,59990,59990,Precio referencia SoloTodo,0,,$ 0 (Enchufable 220V),$ 0 (Sin mantención periódica),Certificación SEC QR: 208283 | Peso: 2.5 kg | Dimensiones: 295 x 725 x 165 mm | Enchufable 220V directo. No requiere obras ni ductos.,https://www.solotodo.cl/products/38026
247234,Estufas,Kioto,CE2470,Kioto CE2470,Calefactor Eléctrico Infrarrojo,Electricidad,1.50 kWh/hora (1500 W),"1,0 (100%)",-,1500 W,25 m2,59500,ABC,https://www.abc.cl/estufa-infrarojo-kioto-ce2470/27409610.html,59500,59500,ABC,1,"ABC: $59,500",$ 0 (Enchufable 220V),$ 0 (Sin mantención periódica),Certificación SEC QR: 514162 | Peso: 6.3 kg | Dimensiones: 385 x 355 x 290 mm | Enchufable 220V directo. No requiere obras ni ductos.,https://www.solotodo.cl/products/247234
140601,Estufas,Calma,PTC 4000 Flame,Calma PTC 4000 Flame,Termoventilador Eléctrico,Electricidad,2.00 kWh/hora (2000 W),"1,0 (100%)",-,2000 W,18 m2,58990,Hites,https://www.hites.com/chimenea-electrica-calma-ptc4000-889042001.html,58990,58990,Hites,1,"Hites: $58,990",$ 0 (Enchufable 220V),$ 0 (Sin mantención periódica),Certificación SEC QR: 409100 | Peso: 3.6 kg | Dimensiones: 202 x 897 x 202 mm | Enchufable 220V directo. No requiere obras ni ductos.,https://www.solotodo.cl/products/140601
140605,Estufas,Calma,CD 2500,Calma CD 2500,Convector Eléctrico,Electricidad,2.00 kWh/hora (2000 W),"1,0 (100%)",-,2000 W,20 m2,57990,Hites,https://www.hites.com/convector-calma-cd2500-889044001.html,57990,57990,Hites,1,"Hites: $57,990",$ 0 (Enchufable 220V),$ 0 (Sin mantención periódica),Certificación SEC QR: 407224 | Peso: 4.8 kg | Dimensiones: 740 x 480 x 130 mm | Enchufable 220V directo. No requiere obras ni ductos.,https://www.solotodo.cl/products/140605
109663,Estufas,Loven,LOV-600D,Loven LOV-600D,Calefactor Eléctrico Infrarrojo,Electricidad,0.60 kWh/hora (600 W),"1,0 (100%)",-,600 W,15 m2,54990,Ripley,https://simple.ripley.cl/estufa-electrica-loven-lov-600d-fibra-de-carbono-600w-2000382875874p,49491,54990,Ripley,1,"Ripley: $54,990",$ 0 (Enchufable 220V),$ 0 (Sin mantención periódica),Certificación SEC QR: 375621 | Dimensiones: 300 x 830 x 300 mm | Enchufable 220V directo. No requiere obras ni ductos.,https://www.solotodo.cl/products/109663
38122,Estufas,Biocalor,Biofabric,Biocalor Biofabric,Convector Eléctrico,Electricidad,0.37 kWh/hora (370 W),"1,0 (100%)",-,370 W,No especificado,54990,Lider,https://www.lider.cl/ip/calefaccion/panel-electrico-biofabric-biocalor/00780464663000,54990,52990,Paris,2,"Paris: $52,990 | Lider: $54,990",$ 0 (Enchufable 220V),$ 0 (Sin mantención periódica),Certificación SEC QR: 221710 | Peso: 2.2 kg | Dimensiones: 600 x 600 x 40 mm | Enchufable 220V directo. No requiere obras ni ductos.,https://www.solotodo.cl/products/38122
141448,Estufas,Calma,EC1000,Calma EC1000,Calefactor Eléctrico Infrarrojo,Electricidad,1.00 kWh/hora (1000 W),"1,0 (100%)",-,1000 W,No especificado,54990,Hites,https://www.hites.com/estufa-fibra-de-carbono-calma-ec1000-889043001.html,54990,54990,Hites,1,"Hites: $54,990",$ 0 (Enchufable 220V),$ 0 (Sin mantención periódica),Certificación SEC QR: 407449 | Peso: 3.6 kg | Dimensiones: 295 x 165 x 165 mm | Enchufable 220V directo. No requiere obras ni ductos.,https://www.solotodo.cl/products/141448
136232,Estufas,Airolite,HTC 2022 RC,Airolite HTC 2022 RC,Termoventilador Eléctrico,Electricidad,2.00 kWh/hora (2000 W),"1,0 (100%)",-,2000 W,20 m2,54990,Paris,https://www.paris.cl/termoventilador-ceramico-digital-2000w-htc-2022rc-617804999.html,54990,54990,Paris,1,"Paris: $54,990",$ 0 (Enchufable 220V),$ 0 (Sin mantención periódica),Certificación SEC QR: 423337 | Peso: 2.3 kg | Dimensiones: 190 x 610 x 190 mm | Enchufable 220V directo. No requiere obras ni ductos.,https://www.solotodo.cl/products/136232
78810,Estufas,Kendal,KPTC-2068,Kendal KPTC-2068,Calefactor Eléctrico Cerámico / PTC,Electricidad,2.00 kWh/hora (2000 W),"1,0 (100%)",-,2000 W / 1720 Kcal/h / 6824 BTU/h,18 m2,52990,Easy,https://www.easy.cl/calefactor-ptc-2000w-kpt-2068-negro-1382655/p,52990,46990,Travel Tienda,3,"Falabella: $49,990 | Travel Tienda: $46,990 | Easy: $52,990",$ 0 (Enchufable 220V),$ 0 (Sin mantención periódica),Certificación SEC QR: 337585 | Peso: 17.6 kg | Dimensiones: 190 x 487 x 176 mm | Enchufable 220V directo. No requiere obras ni ductos.,https://www.solotodo.cl/products/78810
44242,Estufas,Kendal,KC-0404,Kendal KC-0404,Calefactor Eléctrico Infrarrojo,Electricidad,0.90 kWh/hora (900 W),"1,0 (100%)",-,900 W / 774 Kcal/h / 3071 BTU/h,12 m2,52990,Falabella,https://www.falabella.com/falabella-cl/product/6311034/Estufa-Electrica-0.9-kW-KC-0404-Kendal/6311034,52990,52990,Falabella,1,"Falabella: $52,990",$ 0 (Enchufable 220V),$ 0 (Sin mantención periódica),Certificación SEC QR: 256992 | Peso: 4.0 kg | Dimensiones: 315 x 640 x 260 mm | Enchufable 220V directo. No requiere obras ni ductos.,https://www.solotodo.cl/products/44242
273581,Estufas,Kendal,Mica Efficient 04,Kendal Mica Efficient 04,Estufa Eléctrica,Electricidad,0.90 kWh/hora (900 W),"1,0 (100%)",-,900 W,10 m2,52990,Falabella,https://www.falabella.com/falabella-cl/product/17391033/CALEFACTOR-MICA-KEM-EFFICIENT04KENDALKEM-EFFICIENT04/17391033,52990,52990,Falabella,1,"Falabella: $52,990",$ 0 (Enchufable 220V),$ 0 (Sin mantención periódica),Certificación SEC QR: 552594 | Peso: 3.0 kg | Dimensiones: 776 x 310 x 285 mm | Enchufable 220V directo. No requiere obras ni ductos.,https://www.solotodo.cl/products/273581
273144,Estufas,Thomas,TH-CH35,Thomas TH-CH35,Calefactor Eléctrico Cerámico / PTC,Electricidad,Según potencia eléctrica conectada,"1,0 (100%)",-,1290 Kcal/h,50 m2,49990,ABC,https://www.abc.cl/termoventilador-thomas-th-ch35/28391374.html,49990,21990,Paris,2,"ABC: $49,990 | Paris: $21,990",$ 0 (Enchufable 220V),$ 0 (Sin mantención periódica),Certificación SEC QR: 550902 | Dimensiones: N/A mm | Enchufable 220V directo. No requiere obras ni ductos.,https://www.solotodo.cl/products/273144
382277,Estufas,Sindelen,EEC-5000NG,Sindelen EEC-5000NG,Calefactor Óleo-eléctrico,Electricidad,0.90 kWh/hora (900 W),"1,0 (100%)",-,900 W / 774 Kcal/h,50 m2,49990,Falabella,https://www.falabella.com/falabella-cl/product/80713526/convector-pedestal-carbono-900w-eec-5000-negro-sindelen/80713526,49990,36990,Falabella Marketplace (Sindelen),3,"Falabella: $49,990 | Ripley: $39,990 | Falabella Marketplace (Sindelen): $36,990",$ 0 (Enchufable 220V),$ 0 (Sin mantención periódica),Certificación SEC QR: 586774 | Peso: 2.5 kg | Dimensiones: 300 x 710 x 300 mm | Enchufable 220V directo. No requiere obras ni ductos.,https://www.solotodo.cl/products/382277
79105,Estufas,Toyotomi,TM-1800R,Toyotomi TM-1800R,Termoventilador Eléctrico,Electricidad,1.80 kWh/hora (1800 W),"1,0 (100%)",-,1800 W / 1548 Kcal/h / 6142 BTU/h,No especificado,49990,Tienda Toyotomi,https://toyotomi.cl/product/termoventilador-electrico-tm-1800-rojo/,49990,49990,Tienda Toyotomi,1,"Tienda Toyotomi: $49,990",$ 0 (Enchufable 220V),$ 0 (Sin mantención periódica),Certificación SEC QR: 336584 | Dimensiones: N/A mm | Enchufable 220V directo. No requiere obras ni ductos.,https://www.solotodo.cl/products/79105
38155,Estufas,Sindelen,EEO-1600NG,Sindelen EEO-1600NG,Calefactor Óleo-eléctrico,Electricidad,1.50 kWh/hora (1500 W),"1,0 (100%)",-,1500 W / 1300 Kcal/h,No especificado,49990,Ripley,https://simple.ripley.cl/calefactor-oleoelectrico-sindelen-eeo-1600ng-heat-seven-2000357474767p,49990,49990,Ripley,1,"Ripley: $49,990",$ 0 (Enchufable 220V),$ 0 (Sin mantención periódica),Certificación SEC QR: 246433 | Dimensiones: N/A mm | Enchufable 220V directo. No requiere obras ni ductos.,https://www.solotodo.cl/products/38155
238238,Estufas,Midea,NY2009-20MR,Midea NY2009-20MR,Calefactor Óleo-eléctrico,Electricidad,2.00 kWh/hora (2000 W),"1,0 (100%)",-,2000 W,14 m2,49990,Easy,https://www.easy.cl/calefactor-oleo-electrico-ny2009-20mr-blanco-1800w-1418227/p,49990,49990,Easy,1,"Easy: $49,990",$ 0 (Enchufable 220V),$ 0 (Sin mantención periódica),Certificación SEC QR: 493987 | Dimensiones: 483 x 665 x 143 mm | Enchufable 220V directo. No requiere obras ni ductos.,https://www.solotodo.cl/products/238238
245890,Estufas,Loven,PN1500G,Loven PN1500G,Convector Eléctrico,Electricidad,1.50 kWh/hora (1500 W),"1,0 (100%)",-,1500 W,No especificado,49990,Ripley,https://simple.ripley.cl/panel-convector-electrico-loven-1500w-2000398205160p,49990,49990,Ripley,1,"Ripley: $49,990",$ 0 (Enchufable 220V),$ 0 (Sin mantención periódica),Certificación SEC QR: 506854 | Dimensiones: N/A mm | Enchufable 220V directo. No requiere obras ni ductos.,https://www.solotodo.cl/products/245890
79104,Estufas,Toyotomi,TM-1800W,Toyotomi TM-1800W,Termoventilador Eléctrico,Electricidad,1.80 kWh/hora (1800 W),"1,0 (100%)",-,1800 W / 1548 Kcal/h / 6142 BTU/h,No especificado,49990,Tienda Toyotomi,https://toyotomi.cl/product/termoventilador-electrico-tm-1800-blanco/,49990,49990,Tienda Toyotomi,1,"Tienda Toyotomi: $49,990",$ 0 (Enchufable 220V),$ 0 (Sin mantención periódica),Certificación SEC QR: 336584 | Dimensiones: N/A mm | Enchufable 220V directo. No requiere obras ni ductos.,https://www.solotodo.cl/products/79104
38002,Estufas,Airolite,HA-10T,Airolite HA-10T,Calefactor Eléctrico Infrarrojo,Electricidad,1.00 kWh/hora (1000 W),"1,0 (100%)",-,1000 W,No especificado,47990,Travel Tienda,https://tienda.travel.cl/airolite/pack-calefactor-hal%C3%B3geno-airolite-ha-10t/SKU131724,47990,21490,Sodimac,5,"Easy: $22,990 | Sodimac: $21,490 | Falabella: $29,990 | ABC: $39,990 | Travel Tienda: $47,990",$ 0 (Enchufable 220V),$ 0 (Sin mantención periódica),Certificación SEC QR: 297577 | Peso: 2.5 kg | Dimensiones: 400 x 370 x 190 mm | Enchufable 220V directo. No requiere obras ni ductos.,https://www.solotodo.cl/products/38002
251051,Estufas,Genérico,Insta Heater (INH01),Genérico Insta Heater (INH01),Estufa Eléctrica,Electricidad,0.60 kWh/hora (600 W),"1,0 (100%)",-,600 W,23 m2,46990,Travel Tienda,https://tienda.travel.cl/calefactores/calefactor-de-pared-swiss-trading-group-insta-heater-unitario/SKU105593,46990,46990,Travel Tienda,1,"Travel Tienda: $46,990",$ 0 (Enchufable 220V),$ 0 (Sin mantención periódica),Certificación SEC QR: 508272 | Dimensiones: 140 x 140 x 110 mm | Enchufable 220V directo. No requiere obras ni ductos.,https://www.solotodo.cl/products/251051
238239,Estufas,Midea,NY1507-20M,Midea NY1507-20M,Calefactor Óleo-eléctrico,Electricidad,1.50 kWh/hora (1500 W),"1,0 (100%)",-,1500 W,9 m2,44990,Mercado Libre (MIDEA CARRIER),https://www.mercadolibre.cl/p/MLC36510588?pdp_filters=official_store:all,44990,38990,Easy,3,"Easy: $38,990 | Mercado Libre (MIDEA CARRIER): $44,990 | Paris Marketplace (Midea): $44,990",$ 0 (Enchufable 220V),$ 0 (Sin mantención periódica),Certificación SEC QR: 494035 | Dimensiones: 483 x 665 x 143 mm | Enchufable 220V directo. No requiere obras ni ductos.,https://www.solotodo.cl/products/238239
386987,Estufas,Ursus Trotter,UT HFK-2000,Ursus Trotter UT HFK-2000,Convector Eléctrico,Electricidad,2.00 kWh/hora (2000 W),"1,0 (100%)",-,2000 W,20 m2,44990,ABC,https://www.abc.cl/calefactor-electrico-ursus-trotter-ut-hfk-2000-2.000-w-blanco/29165580.html,44990,42990,Paris,2,"Paris: $42,990 | ABC: $44,990",$ 0 (Enchufable 220V),$ 0 (Sin mantención periódica),Certificación SEC QR: 580453 | Peso: 4.0 kg | Dimensiones: 620 x 380 x 140 mm | Enchufable 220V directo. No requiere obras ni ductos.,https://www.solotodo.cl/products/386987
61944,Estufas,Airolite,Curve Black,Airolite Curve Black,Termoventilador Eléctrico,Electricidad,1.80 kWh/hora (1800 W),"1,0 (100%)",-,1800 W / 1550 Kcal/h / 6140 BTU/h,15 m2,41990,Falabella,https://www.falabella.com/falabella-cl/product/17087864/Estufa-Electrica-1800-W-CURVE-BLACK-Airolite/17087864,41990,24990,Sodimac,4,"Easy: $29,990 | Sodimac: $24,990 | Falabella: $41,990 | Falabella Marketplace (AIROLITE): $41,990",$ 0 (Enchufable 220V),$ 0 (Sin mantención periódica),Certificación SEC QR: 219694 | Peso: 1.8 kg | Dimensiones: 164 x 165 x 160 mm | Enchufable 220V directo. No requiere obras ni ductos.,https://www.solotodo.cl/products/61944
45310,Estufas,Thomas,TH-FH31,Thomas TH-FH31,Termoventilador Eléctrico,Electricidad,2.00 kWh/hora (2000 W),"1,0 (100%)",-,2000 W / 1720 Kcal/h / 6824 BTU/h,No especificado,39990,Mercado Libre (Thomas),https://www.mercadolibre.cl/up/MLCU22696473?pdp_filters=official_store%3Aall,39990,19990,Easy,4,"Ripley: $19,990 | Easy: $19,990 | Falabella Marketplace (Thomas/Siegen): $22,990 | Mercado Libre (Thomas): $39,990",$ 0 (Enchufable 220V),$ 0 (Sin mantención periódica),Certificación SEC QR: 258213 | Dimensiones: N/A mm | Enchufable 220V directo. No requiere obras ni ductos.,https://www.solotodo.cl/products/45310
87341,Estufas,Sindelen,EEC-3000NG,Sindelen EEC-3000NG,Calefactor Eléctrico Infrarrojo,Electricidad,0.80 kWh/hora (800 W),"1,0 (100%)",-,800 W / 688 Kcal/h / 2730 BTU/h,No especificado,39990,Falabella Marketplace (Te Amuebla Store),https://www.falabella.com/falabella-cl/product/152238549/calefactor-carbono-eec-3000ng/152238550,39990,20990,Mercado Libre (SINDELEN),4,"Falabella: $20,990 | ABC: $24,990 | Mercado Libre (SINDELEN): $20,990 | Falabella Marketplace (Te Amuebla Store): $39,990",$ 0 (Enchufable 220V),$ 0 (Sin mantención periódica),Certificación SEC QR: 280025 | Dimensiones: 275 x 390 x 165 mm | Enchufable 220V directo. No requiere obras ni ductos.,https://www.solotodo.cl/products/87341
267381,Estufas,Mademsa,TV1000,Mademsa TV1000,Termoventilador Eléctrico,Electricidad,2.00 kWh/hora (2000 W),"1,0 (100%)",-,2000 W,13 m2,39990,Falabella,https://www.falabella.com/falabella-cl/product/17385837/Estufa-Termoventiladora-2000W-TV1000-Mademsa/17385837,39990,22990,Hites,8,"Ripley: $37,990 | Falabella: $39,990 | Easy: $39,990 | ABC: $39,990 | Hites: $22,990 (+3 más)",$ 0 (Enchufable 220V),$ 0 (Sin mantención periódica),Certificación SEC QR: 530396 | Peso: 1.5 kg | Dimensiones: 244 x 297 x 177 mm | Enchufable 220V directo. No requiere obras ni ductos.,https://www.solotodo.cl/products/267381
106549,Estufas,Airolite,Vintage HT RETRO 2000B,Airolite Vintage HT RETRO 2000B,Termoventilador Eléctrico,Electricidad,2.00 kWh/hora (2000 W),"1,0 (100%)",-,2000 W / 1720 Kcal/h / 6824 BTU/h,No especificado,39990,Paris,https://www.paris.cl/termoventilador-airolite-vintage-ht-retro-2000b-729697999.html,39990,38990,Easy,3,"Paris: $39,990 | Easy: $38,990 | Falabella Marketplace (AIROLITE): $39,990",$ 0 (Enchufable 220V),$ 0 (Sin mantención periódica),Certificación SEC QR: 375523 | Peso: 1.9 kg | Dimensiones: 300 x 307 x 153 mm | Enchufable 220V directo. No requiere obras ni ductos.,https://www.solotodo.cl/products/106549
38245,Estufas,Kendal,DF1000H1-9,Kendal DF1000H1-9,Calefactor Óleo-eléctrico,Electricidad,1.00 kWh/hora (1000 W),"1,0 (100%)",-,1000 W,8 m2,39990,Falabella,https://www.falabella.com/falabella-cl/product/5021146/Estufa-Oleoelectrica-3400-Btu-Df1000H1-9-Kendal/5021146,39990,39990,Falabella,1,"Falabella: $39,990",$ 0 (Enchufable 220V),$ 0 (Sin mantención periódica),Certificación SEC QR: 114501 | Peso: 5.0 kg | Dimensiones: 445 x 415 x 130 mm | Enchufable 220V directo. No requiere obras ni ductos.,https://www.solotodo.cl/products/38245
44783,Estufas,Recco,DF-600H1-7,Recco DF-600H1-7,Calefactor Óleo-eléctrico,Electricidad,0.60 kWh/hora (600 W),"1,0 (100%)",-,600 W / 516 Kcal/h / 2047 BTU/h,10 m2,37990,Sodimac,https://www.sodimac.cl/sodimac-cl/articulo/110004399/product/110004400,37990,37990,Sodimac,1,"Sodimac: $37,990",$ 0 (Enchufable 220V),$ 0 (Sin mantención periódica),Certificación SEC QR: 168847 | Dimensiones: 130 x 415 x 365 mm | Enchufable 220V directo. No requiere obras ni ductos.,https://www.solotodo.cl/products/44783
395135,Estufas,Genérico,ESTCHIMENEA,Genérico ESTCHIMENEA,Calefactor Eléctrico Cerámico / PTC,Electricidad,1.80 kWh/hora (1797 W),"1,0 (100%)",-,1797 W,20 m2,36990,Falabella Marketplace (LERNEN),https://www.falabella.com/falabella-cl/product/153962510/calefactor-electrico-homen-retro-chimenea-1800w-con-efecto-llama/153962512,36990,36990,Falabella Marketplace (LERNEN),1,"Falabella Marketplace (LERNEN): $36,990",$ 0 (Enchufable 220V),$ 0 (Sin mantención periódica),Certificación SEC QR: 577367 | Peso: 3.0 kg | Dimensiones: 300 x 460 x 350 mm | Enchufable 220V directo. No requiere obras ni ductos.,https://www.solotodo.cl/products/395135
115640,Estufas,Magefesa,MGF-1740,Magefesa MGF-1740,Calefactor Eléctrico a Cuarzo,Electricidad,1.20 kWh/hora (1200 W),"1,0 (100%)",-,1200 W,No especificado,34990,Mercado Libre (Magefesa),https://www.mercadolibre.cl/up/MLCU3268450918?pdp_filters=official_store%3Aall,34990,21990,Mercado Libre (Magefesa),2,"Mercado Libre (Magefesa): $34,990 | Mercado Libre (Magefesa): $21,990",$ 0 (Enchufable 220V),$ 0 (Sin mantención periódica),Certificación SEC QR: 371906 | Dimensiones: 180 x 60 x 130 mm | Enchufable 220V directo. No requiere obras ni ductos.,https://www.solotodo.cl/products/115640
38302,Estufas,Sindelen,EEP-2200BL,Sindelen EEP-2200BL,Convector Eléctrico,Electricidad,2.00 kWh/hora (2000 W),"1,0 (100%)",-,2000 W / 1720 Kcal/h,70 m3,34990,Easy,https://www.easy.cl/panel-convector-2000w-eep-2200bl-blanco-sindelen-1213647/p,34990,29990,Falabella,2,"Easy: $34,990 | Falabella: $29,990",$ 0 (Enchufable 220V),$ 0 (Sin mantención periódica),Certificación SEC QR: 246599 | Dimensiones: N/A mm | Enchufable 220V directo. No requiere obras ni ductos.,https://www.solotodo.cl/products/38302
199685,Estufas,Kendal,KPTC-16,Kendal KPTC-16,Calefactor Eléctrico Cerámico / PTC,Electricidad,2.00 kWh/hora (2000 W),"1,0 (100%)",-,2000 W,18 m2,34990,Falabella,https://www.falabella.com/falabella-cl/product/16737165/Calefactor-Electrico-Ptc-Kptc-16-Kendal/16737165,34990,30990,Paris,3,"Paris: $30,990 | Falabella: $34,990 | Travel Tienda: $34,990",$ 0 (Enchufable 220V),$ 0 (Sin mantención periódica),Certificación SEC QR: 467607 | Dimensiones: 170 x 425 x 170 mm | Enchufable 220V directo. No requiere obras ni ductos.,https://www.solotodo.cl/products/199685
210779,Estufas,Kendal,KEB-2004C,Kendal KEB-2004C,Termoventilador Eléctrico,Electricidad,1.80 kWh/hora (1800 W),"1,0 (100%)",-,1800 W,15 m2,34990,Falabella,https://www.falabella.com/falabella-cl/product/16737162/Estufa-Termoventiladora-1800W-Keb-2004C-Kendal/16737162,34990,34990,Falabella,1,"Falabella: $34,990",$ 0 (Enchufable 220V),$ 0 (Sin mantención periódica),Certificación SEC QR: 468310 | Peso: 1.6 kg | Dimensiones: 230 x 245 x 125 mm | Enchufable 220V directo. No requiere obras ni ductos.,https://www.solotodo.cl/products/210779
213751,Estufas,Krafter,TE2,Krafter TE2,Estufa Eléctrica,Electricidad,2.00 kWh/hora (2000 W),"1,0 (100%)",-,2000 W,40 m2,34990,Falabella Marketplace (Construplaza),https://www.falabella.com/falabella-cl/product/153504703/turbocalefactor-electrico-2-kw-krafter/153504704,34990,34990,Falabella Marketplace (Construplaza),1,"Falabella Marketplace (Construplaza): $34,990",$ 0 (Enchufable 220V),$ 0 (Sin mantención periódica),Peso: 1.7 kg | Dimensiones: 210 x 217 x 160 mm | Enchufable 220V directo. No requiere obras ni ductos.,https://www.solotodo.cl/products/213751
199682,Estufas,Kendal,SUN-10 (Azul),Kendal SUN-10 (Azul),Termoventilador Eléctrico,Electricidad,2.00 kWh/hora (2000 W),"1,0 (100%)",-,2000 W,No especificado,34490,Falabella Marketplace (Mimbral),https://www.falabella.com/falabella-cl/product/143600250/Termoventilador-vert-sun-10-azul-Kendal-Mimbral/143600251,34490,21990,Falabella,3,"Falabella: $21,990 | Easy: $22,990 | Falabella Marketplace (Mimbral): $34,490",$ 0 (Enchufable 220V),$ 0 (Sin mantención periódica),Certificación SEC QR: 467600 | Peso: 1.2 kg | Dimensiones: 183 x 259 x 136 mm | Enchufable 220V directo. No requiere obras ni ductos.,https://www.solotodo.cl/products/199682
395184,Estufas,HEIMAT,PTC ELEGANT,HEIMAT PTC ELEGANT,Calefactor Eléctrico Cerámico / PTC,Electricidad,1.90 kWh/hora (1900 W),"1,0 (100%)",-,1900 W,18 m2,32990,Falabella Marketplace (Mar del Sur),https://www.falabella.com/falabella-cl/product/142237777/estufa-electrica-calefactor-digital-ptc-elegant/142237778,32990,32990,Falabella Marketplace (Mar del Sur),1,"Falabella Marketplace (Mar del Sur): $32,990",$ 0 (Enchufable 220V),$ 0 (Sin mantención periódica),Certificación SEC QR: 550782 | Peso: 1.8 kg | Dimensiones: 240 x 330 x 230 mm | Enchufable 220V directo. No requiere obras ni ductos.,https://www.solotodo.cl/products/395184
37778,Estufas,Kendal,SUN-05 (Celeste),Kendal SUN-05 (Celeste),Termoventilador Eléctrico,Electricidad,2.00 kWh/hora (2000 W),"1,0 (100%)",-,2000 W / 1720 Kcal/h / 6824 BTU/h,No especificado,30990,Falabella Marketplace (Construplaza),https://www.falabella.com/falabella-cl/product/149381843/TERMOVENTILADOR-VERTICAL-KENDAL-CELESTE-SUN05/149381844,30990,21990,Sodimac,5,"Easy: $22,990 | Falabella: $22,990 | Sodimac: $21,990 | ABC: $29,990 | Falabella Marketplace (Construplaza): $30,990",$ 0 (Enchufable 220V),$ 0 (Sin mantención periódica),Certificación SEC QR: 209238 | Dimensiones: 120 x 420 x 100 mm | Enchufable 220V directo. No requiere obras ni ductos.,https://www.solotodo.cl/products/37778
37779,Estufas,Kendal,SUN-05 (Púrpura),Kendal SUN-05 (Púrpura),Termoventilador Eléctrico,Electricidad,2.00 kWh/hora (2000 W),"1,0 (100%)",-,2000 W / 1720 Kcal/h / 6824 BTU/h,No especificado,30990,Falabella Marketplace (Construplaza),https://www.falabella.com/falabella-cl/product/149381845/TERMOVENTILADOR-VERTICAL-KENDAL-PURPURA-SUN05/149381846,30990,21990,Sodimac,3,"Falabella: $22,990 | Sodimac: $21,990 | Falabella Marketplace (Construplaza): $30,990",$ 0 (Enchufable 220V),$ 0 (Sin mantención periódica),Certificación SEC QR: 209238 | Dimensiones: 120 x 420 x 100 mm | Enchufable 220V directo. No requiere obras ni ductos.,https://www.solotodo.cl/products/37779
141403,Estufas,Airolite,HQ80,Airolite HQ80,Calefactor Eléctrico a Cuarzo,Electricidad,0.80 kWh/hora (800 W),"1,0 (100%)",-,800 W,No especificado,29990,ABC,https://www.abc.cl/calefactor-infrarrojo-de-cuarzo-airolite-hq-80-800w/25619234.html,29990,17990,Hites,4,"Hites: $17,990 | Travel Tienda: $23,990 | Falabella: $24,990 | ABC: $29,990",$ 0 (Enchufable 220V),$ 0 (Sin mantención periódica),Certificación SEC QR: 423657 | Dimensiones: 145 x 310 x 375 mm | Enchufable 220V directo. No requiere obras ni ductos.,https://www.solotodo.cl/products/141403
37798,Estufas,Airolite,HT2014R,Airolite HT2014R,Termoventilador Eléctrico,Electricidad,1.80 kWh/hora (1800 W),"1,0 (100%)",-,1800 W,15 m2,29990,ABC,https://www.abc.cl/termoventilador-airolite-ht-2014r-1800w/22725912.html,29990,19490,Sodimac,3,"Sodimac: $19,490 | Falabella: $24,990 | ABC: $29,990",$ 0 (Enchufable 220V),$ 0 (Sin mantención periódica),Certificación SEC QR: 107241 | Dimensiones: 255 x 265 x 130 mm | Enchufable 220V directo. No requiere obras ni ductos.,https://www.solotodo.cl/products/37798
79797,Estufas,Sindelen,EEH-1300,Sindelen EEH-1300,Calefactor Eléctrico a Cuarzo,Electricidad,1.60 kWh/hora (1600 W),"1,0 (100%)",-,1600 W / 1376 Kcal/h / 5259 BTU/h,No especificado,29990,Ripley,https://simple.ripley.cl/calefactor-sindelen-cuarzo-1600w-eeh-1300-negro-2000374183994p,29990,24990,Falabella,2,"Ripley: $29,990 | Falabella: $24,990",$ 0 (Enchufable 220V),$ 0 (Sin mantención periódica),Certificación SEC QR: 281541 | Dimensiones: N/A mm | Enchufable 220V directo. No requiere obras ni ductos.,https://www.solotodo.cl/products/79797
112311,Estufas,Magefesa,MGF-1290,Magefesa MGF-1290,Termoventilador Eléctrico,Electricidad,2.00 kWh/hora (2000 W),"1,0 (100%)",-,2000 W,No especificado,29990,ABC,https://www.abc.cl/calefactor-magefesa-mgf1290-2000w-gris/29229503.html,29990,25990,Mercado Libre (Magefesa),2,"ABC: $29,990 | Mercado Libre (Magefesa): $25,990",$ 0 (Enchufable 220V),$ 0 (Sin mantención periódica),Certificación SEC QR: 256774 | Peso: 1.7 kg | Dimensiones: 210 x 340 x 260 mm | Enchufable 220V directo. No requiere obras ni ductos.,https://www.solotodo.cl/products/112311
386247,Estufas,Kioto,GR25-AKARI,Kioto GR25-AKARI,Chimenea Eléctrica Decorativa,Electricidad,1.80 kWh/hora (1800 W),"1,0 (100%)",-,1800 W,18 m2,29990,ABC,https://www.abc.cl/chimenea-electrica-kioto-gr25-akari-negro/28967004.html,29990,29990,ABC,1,"ABC: $29,990",$ 0 (Enchufable 220V),$ 0 (Sin mantención periódica),Peso: 3.0 kg | Dimensiones: 390 x 440 x 230 mm | Enchufable 220V directo. No requiere obras ni ductos.,https://www.solotodo.cl/products/386247
43352,Estufas,Recco,NSB-99Y,Recco NSB-99Y,Calefactor Eléctrico Infrarrojo,Electricidad,1.20 kWh/hora (1200 W),"1,0 (100%)",-,1200 W / 4097 BTU/h,18 m2,29990,Sodimac,https://www.sodimac.cl/sodimac-cl/articulo/110002616/product/110002623,29990,29990,Sodimac,1,"Sodimac: $29,990",$ 0 (Enchufable 220V),$ 0 (Sin mantención periódica),Certificación SEC QR: 211365 | Dimensiones: 360 x 580 x 235 mm | Enchufable 220V directo. No requiere obras ni ductos.,https://www.solotodo.cl/products/43352
387539,Estufas,Nex,CH-20TD,Nex CH-20TD,Convector Eléctrico,Electricidad,1.75 kWh/hora (1750 W),"1,0 (100%)",-,1750 W,No especificado,29990,Paris,https://www.paris.cl/estufa-de-conveccion-ch-20td-1750w-277390999.html,29990,29990,Paris,1,"Paris: $29,990",$ 0 (Enchufable 220V),$ 0 (Sin mantención periódica),Certificación SEC QR: 575664 | Peso: 4.8 kg | Dimensiones: 257 x 832 x 520 mm | Enchufable 220V directo. No requiere obras ni ductos.,https://www.solotodo.cl/products/387539
392304,Estufas,Verken,Polaris,Verken Polaris,Estufa Eléctrica,Electricidad,1.20 kWh/hora (1200 W),"1,0 (100%)",-,1200 W,No especificado,29990,Mercado Libre (VERKEN.CL),https://www.mercadolibre.cl/p/MLC68731351?pdp_filters=official_store:all,29990,29990,Mercado Libre (VERKEN.CL),1,"Mercado Libre (VERKEN.CL): $29,990",$ 0 (Enchufable 220V),$ 0 (Sin mantención periódica),Dimensiones: 360 x 800 x 300 mm | Enchufable 220V directo. No requiere obras ni ductos.,https://www.solotodo.cl/products/392304
241307,Estufas,Kläuben,Chimenea 1800W,Kläuben Chimenea 1800W,Calefactor Eléctrico Infrarrojo,Electricidad,1.80 kWh/hora (1800 W),"1,0 (100%)",-,1800 W,20 m2,29990,Easy,https://www.easy.cl/calefactor-efecto-chimenea-negro-1800w-1400359/p,29990,29990,Easy,1,"Easy: $29,990",$ 0 (Enchufable 220V),$ 0 (Sin mantención periódica),Certificación SEC QR: 506555 | Dimensiones: 290 x 390 x 155 mm | Enchufable 220V directo. No requiere obras ni ductos.,https://www.solotodo.cl/products/241307
395108,Estufas,Genérico,ESTGIRATORIA,Genérico ESTGIRATORIA,Calefactor Eléctrico Cerámico / PTC,Electricidad,1.50 kWh/hora (1500 W),"1,0 (100%)",-,1500 W,18 m2,29990,Falabella Marketplace (LERNEN),https://www.falabella.com/falabella-cl/product/154497016/calefactor-oscilante-homen-1500w-con-control-remoto/154497017,29990,29990,Falabella Marketplace (LERNEN),1,"Falabella Marketplace (LERNEN): $29,990",$ 0 (Enchufable 220V),$ 0 (Sin mantención periódica),Peso: 3.0 kg | Dimensiones: 180 x 360 x 180 mm | Enchufable 220V directo. No requiere obras ni ductos.,https://www.solotodo.cl/products/395108
267379,Estufas,Mademsa,TV500,Mademsa TV500,Termoventilador Eléctrico,Electricidad,2.00 kWh/hora (2000 W),"1,0 (100%)",-,2000 W,13 m2,29990,ABC,https://www.abc.cl/termoventilador-mademsa-tv500/28374135.html,29990,29990,ABC,1,"ABC: $29,990",$ 0 (Enchufable 220V),$ 0 (Sin mantención periódica),Certificación SEC QR: 530406 | Peso: 1.1 kg | Dimensiones: 200 x 242 x 130 mm | Enchufable 220V directo. No requiere obras ni ductos.,https://www.solotodo.cl/products/267379
54708,Estufas,Kendal,FH116,Kendal FH116,Termoventilador Eléctrico,Electricidad,2.00 kWh/hora (2000 W),"1,0 (100%)",-,2000 W,18 m2,27990,Travel Tienda,https://tienda.travel.cl/calefacci%C3%B3n/termoventilador-kendal-fh116/SKU101960,27990,19990,Easy,2,"Travel Tienda: $27,990 | Easy: $19,990",$ 0 (Enchufable 220V),$ 0 (Sin mantención periódica),Certificación SEC QR: 257044 | Peso: 0.9 kg | Dimensiones: 232 x 250 x 108 mm | Enchufable 220V directo. No requiere obras ni ductos.,https://www.solotodo.cl/products/54708
78710,Estufas,Thörben,THOR Carbon Heat 800,Thörben THOR Carbon Heat 800,Estufa Eléctrica,Electricidad,0.80 kWh/hora (800 W),"1,0 (100%)",-,800 W / 688 Kcal/h / 2730 BTU/h,No especificado,27990,Paris,https://www.paris.cl/estufa-halogena-carbon-heat-800-741246999.html,27990,27990,Paris,1,"Paris: $27,990",$ 0 (Enchufable 220V),$ 0 (Sin mantención periódica),Certificación SEC QR: 220874 | Dimensiones: N/A mm | Enchufable 220V directo. No requiere obras ni ductos.,https://www.solotodo.cl/products/78710
112316,Estufas,Recco,TG200-IP3H,Recco TG200-IP3H,Termoventilador Eléctrico,Electricidad,1.50 kWh/hora (1500 W),"1,0 (100%)",-,1500 W,No especificado,27990,Sodimac,https://www.sodimac.cl/sodimac-cl/articulo/110009232/product/110009238,27990,27990,Sodimac,1,"Sodimac: $27,990",$ 0 (Enchufable 220V),$ 0 (Sin mantención periódica),Certificación SEC QR: 355171 | Peso: 1.6 kg | Dimensiones: 240 x 160 x 260 mm | Enchufable 220V directo. No requiere obras ni ductos.,https://www.solotodo.cl/products/112316
45155,Estufas,Magefesa,MGF-1292,Magefesa MGF-1292,Termoventilador Eléctrico,Electricidad,1.50 kWh/hora (1500 W),"1,0 (100%)",-,1500 W / 1290 Kcal/h / 5118 BTU/h,No especificado,27990,Mercado Libre (TODOMUNDO_ELECTROHOGAR),https://www.mercadolibre.cl/p/MLC37147843?pdp_filters=official_store:all,27990,27990,Mercado Libre (TODOMUNDO_ELECTROHOGAR),1,"Mercado Libre (TODOMUNDO_ELECTROHOGAR): $27,990",$ 0 (Enchufable 220V),$ 0 (Sin mantención periódica),Dimensiones: N/A mm | Enchufable 220V directo. No requiere obras ni ductos.,https://www.solotodo.cl/products/45155
37944,Estufas,Kendal,FH107AS,Kendal FH107AS,Termoventilador Eléctrico,Electricidad,2.00 kWh/hora (2000 W),"1,0 (100%)",-,2000 W,18 m2,25900,Falabella,https://www.falabella.com/falabella-cl/product/5682792/Estufa-Termoventiladora-2000-Watts-Fh-107-As-Kendal/5682792,25900,25900,Falabella,1,"Falabella: $25,900",$ 0 (Enchufable 220V),$ 0 (Sin mantención periódica),Certificación SEC QR: 209301 | Peso: 1.0 kg | Dimensiones: 210 x 260 x 174 mm | Enchufable 220V directo. No requiere obras ni ductos.,https://www.solotodo.cl/products/37944
276732,Estufas,Loven,Vinter,Loven Vinter,Estufa Eléctrica,Electricidad,1.70 kWh/hora (1700 W),"1,0 (100%)",-,1700 W,50 m2,24990,Ripley,https://simple.ripley.cl/panel-convector-electrico-loven-vinter-1700w-2000404294973p,19990,24990,Ripley,1,"Ripley: $24,990",$ 0 (Enchufable 220V),$ 0 (Sin mantención periódica),Peso: 3.0 kg | Dimensiones: 532 x 375 x 170 mm | Enchufable 220V directo. No requiere obras ni ductos.,https://www.solotodo.cl/products/276732
45249,Estufas,Electron,PTC BA-9000,Electron PTC BA-9000,Termoventilador Eléctrico,Electricidad,2.00 kWh/hora (2000 W),"1,0 (100%)",-,2000 W / 1720 Kcal/h / 6824 BTU/h,No especificado,24990,Easy,https://www.easy.cl/calefactor-ceramico-ba-9000-10002000w-negro-1350878/p,24990,24990,Easy,1,"Easy: $24,990",$ 0 (Enchufable 220V),$ 0 (Sin mantención periódica),Peso: 2.5 kg | Dimensiones: 210 x 440 x 210 mm | Enchufable 220V directo. No requiere obras ni ductos.,https://www.solotodo.cl/products/45249
38501,Estufas,Kendal,FH 120S,Kendal FH 120S,Termoventilador Eléctrico,Electricidad,2.00 kWh/hora (2000 W),"1,0 (100%)",-,2000 W,No especificado,24990,Falabella,https://www.falabella.com/falabella-cl/product/16121617/Estufa-Electrica-Kendal-FH-120S/16121617,24990,24990,Falabella,1,"Falabella: $24,990",$ 0 (Enchufable 220V),$ 0 (Sin mantención periódica),Certificación SEC QR: 209275 | Peso: 1.5 kg | Dimensiones: 220 x 295 x 181 mm | Enchufable 220V directo. No requiere obras ni ductos.,https://www.solotodo.cl/products/38501
45153,Estufas,Magefesa,MGF-1291,Magefesa MGF-1291,Termoventilador Eléctrico,Electricidad,2.00 kWh/hora (2000 W),"1,0 (100%)",-,2000 W / 1720 Kcal/h / 6824 BTU/h,No especificado,24990,Mercado Libre (TODOMUNDO_ELECTROHOGAR),https://www.mercadolibre.cl/p/MLC21033964?pdp_filters=official_store:all,24990,24990,Mercado Libre (TODOMUNDO_ELECTROHOGAR),1,"Mercado Libre (TODOMUNDO_ELECTROHOGAR): $24,990",$ 0 (Enchufable 220V),$ 0 (Sin mantención periódica),Certificación SEC QR: 256774 | Dimensiones: N/A mm | Enchufable 220V directo. No requiere obras ni ductos.,https://www.solotodo.cl/products/45153
199683,Estufas,Kendal,SUN-10 (Rojo),Kendal SUN-10 (Rojo),Termoventilador Eléctrico,Electricidad,2.00 kWh/hora (2000 W),"1,0 (100%)",-,2000 W,No especificado,22990,Easy,https://www.easy.cl/termoventilador-2000w-sun-10-red-rojo-1382653/p,22990,21990,Falabella,2,"Falabella: $21,990 | Easy: $22,990",$ 0 (Enchufable 220V),$ 0 (Sin mantención periódica),Certificación SEC QR: 467600 | Peso: 1.2 kg | Dimensiones: 183 x 259 x 136 mm | Enchufable 220V directo. No requiere obras ni ductos.,https://www.solotodo.cl/products/199683
397749,Estufas,Electron,BA-8800 - Azul,Electron BA-8800 - Azul,Calefactor Eléctrico Infrarrojo,Electricidad,1.20 kWh/hora (1200 W),"1,0 (100%)",-,1200 W,70 m3,22990,Easy,https://www.easy.cl/calefactor-halogeno-ba-8800-1200-w-1350876/p,22990,22990,Easy,1,"Easy: $22,990",$ 0 (Enchufable 220V),$ 0 (Sin mantención periódica),Certificación SEC QR: 218444 | Dimensiones: N/A mm | Enchufable 220V directo. No requiere obras ni ductos.,https://www.solotodo.cl/products/397749
38683,Estufas,Sindelen,EEP-2100BL,Sindelen EEP-2100BL,Convector Eléctrico,Electricidad,1.50 kWh/hora (1500 W),"1,0 (100%)",-,1500 W / 1290 Kcal/h,55 m3,22990,Hites,https://www.hites.com/convector-electrico-sindelen-eep-2100bl-742931001.html,22990,22990,Hites,1,"Hites: $22,990",$ 0 (Enchufable 220V),$ 0 (Sin mantención periódica),Certificación SEC QR: 210086 | Peso: 2.4 kg | Dimensiones: 560 x 335 x 135 mm | Enchufable 220V directo. No requiere obras ni ductos.,https://www.solotodo.cl/products/38683
273920,Estufas,Midea,NTY20-22BK,Midea NTY20-22BK,Termoventilador Eléctrico,Electricidad,2.00 kWh/hora (2000 W),"1,0 (100%)",-,2000 W,10 m2,22290,Sodimac,https://www.sodimac.cl/sodimac-cl/articulo/142224132/product/142224133,22290,22290,Sodimac,1,"Sodimac: $22,290",$ 0 (Enchufable 220V),$ 0 (Sin mantención periódica),Certificación SEC QR: 538963 | Peso: 1.3 kg | Dimensiones: N/A mm | Enchufable 220V directo. No requiere obras ni ductos.,https://www.solotodo.cl/products/273920
192950,Estufas,Sindelen,TC-2200VT,Sindelen TC-2200VT,Termoventilador Eléctrico,Electricidad,1.92 kWh/hora (1920 W),"1,0 (100%)",-,1920 W,15 m2,21990,Mercado Libre (SINDELEN),https://www.mercadolibre.cl/p/MLC22658710?pdp_filters=official_store:all,21990,18990,Easy,4,"Easy: $18,990 | Paris: $19,990 | Mercado Libre (SINDELEN): $21,990 | Hites: $19,990",$ 0 (Enchufable 220V),$ 0 (Sin mantención periódica),Certificación SEC QR: 456991 | Dimensiones: 200 x 350 x 130 mm | Enchufable 220V directo. No requiere obras ni ductos.,https://www.solotodo.cl/products/192950
115639,Estufas,Magefesa,MGF-1741,Magefesa MGF-1741,Calefactor Eléctrico a Cuarzo,Electricidad,1.20 kWh/hora (1200 W),"1,0 (100%)",-,1200 W,No especificado,21990,Mercado Libre (Magefesa),https://www.mercadolibre.cl/up/MLCU88851779?pdp_filters=official_store%3Aall,21990,21990,Mercado Libre (Magefesa),1,"Mercado Libre (Magefesa): $21,990",$ 0 (Enchufable 220V),$ 0 (Sin mantención periódica),Certificación SEC QR: 380879 | Dimensiones: 180 x 60 x 130 mm | Enchufable 220V directo. No requiere obras ni ductos.,https://www.solotodo.cl/products/115639
105640,Estufas,Thörben,FH 2000,Thörben FH 2000,Termoventilador Eléctrico,Electricidad,2.00 kWh/hora (2000 W),"1,0 (100%)",-,2000 W / 1720 Kcal/h / 6824 BTU/h,10 m2,19990,Falabella Marketplace (Thorben Store),https://www.falabella.com/falabella-cl/product/114533484/Termoventilador-Thor-Fh-2000/114533485,19990,12990,Lider,2,"Falabella Marketplace (Thorben Store): $19,990 | Lider: $12,990",$ 0 (Enchufable 220V),$ 0 (Sin mantención periódica),"Certificación SEC QR: 219977, 467072 | Peso: 1.2 kg | Dimensiones: 148 x 238 x 200 mm | Enchufable 220V directo. No requiere obras ni ductos.",https://www.solotodo.cl/products/105640
38468,Estufas,Sindelen,EEH-1210GR,Sindelen EEH-1210GR,Calefactor Eléctrico a Cuarzo,Electricidad,1.20 kWh/hora (1200 W),"1,0 (100%)",-,1200 W / 1030 Kcal/h,40 m3,19990,ABC,https://www.abc.cl/calefactor-infrarrojo-de-cuarzo-sindelen-eeh-1210-400w/19527107.html,19990,15990,Mercado Libre (SINDELEN),4,"Falabella: $15,990 | Hites: $16,990 | ABC: $19,990 | Mercado Libre (SINDELEN): $15,990",$ 0 (Enchufable 220V),$ 0 (Sin mantención periódica),Certificación SEC QR: 213708 | Dimensiones: 515 x 260 x 150 mm | Enchufable 220V directo. No requiere obras ni ductos.,https://www.solotodo.cl/products/38468
78714,Estufas,Kendal,KFH-18,Kendal KFH-18,Termoventilador Eléctrico,Electricidad,2.00 kWh/hora (2000 W),"1,0 (100%)",-,2000 W / 1720 Kcal/h / 6824 BTU/h,14 m2,19990,Falabella,https://www.falabella.com/falabella-cl/product/8534431/Estufa-Termoventiladora-6800-W-KFH-18-Kendal/8534431,19990,18990,Travel Tienda,3,"Falabella: $19,990 | Travel Tienda: $18,990 | Easy: $19,990",$ 0 (Enchufable 220V),$ 0 (Sin mantención periódica),Certificación SEC QR: 335511 | Dimensiones: 220 x 294 x 181 mm | Enchufable 220V directo. No requiere obras ni ductos.,https://www.solotodo.cl/products/78714
386246,Estufas,Kioto,GR25-CV2000,Kioto GR25-CV2000,Convector Eléctrico,Electricidad,2.00 kWh/hora (2000 W),"1,0 (100%)",-,2000 W,20 m2,19990,ABC,https://www.abc.cl/convector-electrico-kioto-gr25-cv2000-blanco/28967039.html,19990,19990,ABC,1,"ABC: $19,990",$ 0 (Enchufable 220V),$ 0 (Sin mantención periódica),Peso: 2.0 kg | Dimensiones: 530 x 380 x 200 mm | Enchufable 220V directo. No requiere obras ni ductos.,https://www.solotodo.cl/products/386246
242583,Estufas,Kendal,FH-103,Kendal FH-103,Termoventilador Eléctrico,Electricidad,2.00 kWh/hora (2000 W),"1,0 (100%)",-,2000 W,12 m2,19990,ABC,https://www.abc.cl/termoventilador-kendal-fh-103-1000w/25620402.html,19990,19990,ABC,1,"ABC: $19,990",$ 0 (Enchufable 220V),$ 0 (Sin mantención periódica),Certificación SEC QR: 257036 | Dimensiones: 220 x 262 x 137 mm | Enchufable 220V directo. No requiere obras ni ductos.,https://www.solotodo.cl/products/242583
392282,Estufas,Magefesa,MGF-1294,Magefesa MGF-1294,Termoventilador Eléctrico,Electricidad,Según potencia eléctrica conectada,"1,0 (100%)",-,-,No especificado,19990,Mercado Libre (TODOMUNDO_ELECTROHOGAR),https://www.mercadolibre.cl/p/MLC37125048?pdp_filters=official_store:all,19990,19990,Mercado Libre (TODOMUNDO_ELECTROHOGAR),1,"Mercado Libre (TODOMUNDO_ELECTROHOGAR): $19,990",$ 0 (Enchufable 220V),$ 0 (Sin mantención periódica),Certificación SEC QR: 508735 | Dimensiones: N/A mm | Enchufable 220V directo. No requiere obras ni ductos.,https://www.solotodo.cl/products/392282
38340,Estufas,Havel,FH2000 (Gris),Havel FH2000 (Gris),Termoventilador Eléctrico,Electricidad,2.00 kWh/hora (2000 W),"1,0 (100%)",-,2000 W,No especificado,19990,Hites,https://www.hites.com/termoventilador-thorben-fh2000-ip-764134001.html,19990,19990,Hites,1,"Hites: $19,990",$ 0 (Enchufable 220V),$ 0 (Sin mantención periódica),Dimensiones: 200 x 230 x 140 mm | Enchufable 220V directo. No requiere obras ni ductos.,https://www.solotodo.cl/products/38340
43132,Estufas,Sindelen,Magic Air TC-2100V,Sindelen Magic Air TC-2100V,Termoventilador Eléctrico,Electricidad,1.92 kWh/hora (1920 W),"1,0 (100%)",-,1920 W / 1610 Kcal/h,No especificado,18990,Falabella Marketplace (Sindelen),https://www.falabella.com/falabella-cl/product/152179158/turbo-calefactor-sindelen-tc-2100v/152179159,18990,18990,Falabella Marketplace (Sindelen),1,"Falabella Marketplace (Sindelen): $18,990",$ 0 (Enchufable 220V),$ 0 (Sin mantención periódica),Certificación SEC QR: 244918 | Dimensiones: N/A mm | Enchufable 220V directo. No requiere obras ni ductos.,https://www.solotodo.cl/products/43132
43130,Estufas,Sindelen,Magic Air TC-2060H,Sindelen Magic Air TC-2060H,Termoventilador Eléctrico,Electricidad,1.92 kWh/hora (1920 W),"1,0 (100%)",-,1920 W / 1652 Kcal/h,No especificado,17990,Mercado Libre (SINDELEN),https://www.mercadolibre.cl/p/MLC19811160?pdp_filters=official_store:all,17990,15990,Paris,2,"Paris: $15,990 | Mercado Libre (SINDELEN): $17,990",$ 0 (Enchufable 220V),$ 0 (Sin mantención periódica),Certificación SEC QR: 244923 | Dimensiones: 240 x 90 x 250 mm | Enchufable 220V directo. No requiere obras ni ductos.,https://www.solotodo.cl/products/43130
109804,Estufas,Kendal,KC-1200,Kendal KC-1200,Calefactor Eléctrico a Cuarzo,Electricidad,1.20 kWh/hora (1200 W),"1,0 (100%)",-,1200 W,No especificado,17990,Hites,https://www.hites.com/estufa-halogena-kendal-halogendakc-1200-846672001.html,17990,17990,Travel Tienda,2,"Hites: $17,990 | Travel Tienda: $17,990",$ 0 (Enchufable 220V),$ 0 (Sin mantención periódica),Certificación SEC QR: 378431 | Peso: 1.1 kg | Dimensiones: 465 x 235 x 125 mm | Enchufable 220V directo. No requiere obras ni ductos.,https://www.solotodo.cl/products/109804
38504,Estufas,Kendal,FH103TS,Kendal FH103TS,Termoventilador Eléctrico,Electricidad,2.00 kWh/hora (2000 W),"1,0 (100%)",-,2000 W,18 m2,16990,Travel Tienda,https://tienda.travel.cl/calefacci%C3%B3n/termoventilador-kendal-fh103ts/SKU101962,16990,15990,Easy,4,"Falabella: $15,990 | Hites: $15,990 | Travel Tienda: $16,990 | Easy: $15,990",$ 0 (Enchufable 220V),$ 0 (Sin mantención periódica),Certificación SEC QR: 257036 | Peso: 1.3 kg | Dimensiones: 218 x 261 x 137 mm | Enchufable 220V directo. No requiere obras ni ductos.,https://www.solotodo.cl/products/38504
276723,Estufas,Calma,Rigel,Calma Rigel,Calefactor Eléctrico a Cuarzo,Electricidad,0.80 kWh/hora (800 W),"1,0 (100%)",-,800 W,10 m2,16990,Hites,https://www.hites.com/estufa-electrica-calma-rigel-973361001.html,16990,16990,Hites,1,"Hites: $16,990",$ 0 (Enchufable 220V),$ 0 (Sin mantención periódica),Dimensiones: 307 x 428 x 162 mm | Enchufable 220V directo. No requiere obras ni ductos.,https://www.solotodo.cl/products/276723
112312,Estufas,Magefesa,MGF-1237,Magefesa MGF-1237,Termoventilador Eléctrico,Electricidad,2.00 kWh/hora (2000 W),"1,0 (100%)",-,2000 W / 1720 Kcal/h / 6824 BTU/h,No especificado,16734,Mercado Libre (RHOINTER_CHILE),https://www.mercadolibre.cl/p/MLC22987914?pdp_filters=official_store:all,16734,16734,Mercado Libre (RHOINTER_CHILE),1,"Mercado Libre (RHOINTER_CHILE): $16,734",$ 0 (Enchufable 220V),$ 0 (Sin mantención periódica),Certificación SEC QR: 256774 | Dimensiones: N/A mm | Enchufable 220V directo. No requiere obras ni ductos.,https://www.solotodo.cl/products/112312
62385,Estufas,Nex,EC2000W,Nex EC2000W,Convector Eléctrico,Electricidad,2.00 kWh/hora (2000 W),"1,0 (100%)",-,2000 W / 1720 Kcal/h / 6824 BTU/h,No especificado,14990,Easy,https://www.easy.cl/convector-electrico-ec2000-1800w-blanco-1441932/p,12990,14990,Easy,1,"Easy: $14,990",$ 0 (Enchufable 220V),$ 0 (Sin mantención periódica),Certificación SEC QR: 298648 | Dimensiones: 530 x 350 x 110 mm | Enchufable 220V directo. No requiere obras ni ductos.,https://www.solotodo.cl/products/62385
272814,Estufas,Nex,CRB1300,Nex CRB1300,Calefactor Eléctrico a Cuarzo,Electricidad,1.10 kWh/hora (1100 W),"1,0 (100%)",-,1100 W,No especificado,14990,Precio referencia SoloTodo,,14990,14990,Precio referencia SoloTodo,0,,$ 0 (Enchufable 220V),$ 0 (Sin mantención periódica),Certificación SEC QR: 553288 | Peso: 1.8 kg | Dimensiones: 300 x 700 x 300 mm | Enchufable 220V directo. No requiere obras ni ductos.,https://www.solotodo.cl/products/272814
214013,Estufas,Calma,IPX1 T 4000 - Gray,Calma IPX1 T 4000 - Gray,Termoventilador Eléctrico,Electricidad,2.00 kWh/hora (2000 W),"1,0 (100%)",-,2000 W,No especificado,14990,Hites,https://www.hites.com/termoventilador-calma-ipx1-t4000-938097001.html,14990,14990,Hites,1,"Hites: $14,990",$ 0 (Enchufable 220V),$ 0 (Sin mantención periódica),Certificación SEC QR: 473652 | Peso: 1.3 kg | Dimensiones: 207 x 255 x 166 mm | Enchufable 220V directo. No requiere obras ni ductos.,https://www.solotodo.cl/products/214013
61943,Estufas,Airolite,HT2018,Airolite HT2018,Termoventilador Eléctrico,Electricidad,2.00 kWh/hora (2000 W),"1,0 (100%)",-,2000 W / 1720 Kcal/h / 6824 BTU/h,15 m2,14990,Hites,https://www.hites.com/termoventilador--airolite-vertical-ht-2018-789351001.html,14990,14990,Hites,1,"Hites: $14,990",$ 0 (Enchufable 220V),$ 0 (Sin mantención periódica),Certificación SEC QR: 258101 | Peso: 1.2 kg | Dimensiones: 225 x 265 x 140 mm | Enchufable 220V directo. No requiere obras ni ductos.,https://www.solotodo.cl/products/61943
238393,Estufas,Midea,NDK20-21A,Midea NDK20-21A,Convector Eléctrico,Electricidad,1.70 kWh/hora (1700 W),"1,0 (100%)",-,1700 W,No especificado,12990,Precio referencia SoloTodo,,12990,12990,Precio referencia SoloTodo,0,,$ 0 (Enchufable 220V),$ 0 (Sin mantención periódica),Certificación SEC QR: 492318 | Peso: 2.7 kg | Dimensiones: 572 x 408 x 147 mm | Enchufable 220V directo. No requiere obras ni ductos.,https://www.solotodo.cl/products/238393
386335,Estufas,Kioto,GR25-ECGYRO,Kioto GR25-ECGYRO,Estufa Eléctrica,Electricidad,1.20 kWh/hora (1200 W),"1,0 (100%)",-,1200 W,12 m2,9990,ABC,https://www.abc.cl/estufa-electrica-kioto-gr25-ecgyro-gris/28967012.html,9990,9990,ABC,1,"ABC: $9,990",$ 0 (Enchufable 220V),$ 0 (Sin mantención periódica),Peso: 1.0 kg | Dimensiones: 360 x 480 x 260 mm | Enchufable 220V directo. No requiere obras ni ductos.,https://www.solotodo.cl/products/386335
245048,Estufas,b-Fresh,R6598,b-Fresh R6598,Termoventilador Eléctrico,Electricidad,2.00 kWh/hora (2000 W),"1,0 (100%)",-,2000 W,No especificado,9990,Precio referencia SoloTodo,,9990,9990,Precio referencia SoloTodo,0,,$ 0 (Enchufable 220V),$ 0 (Sin mantención periódica),Certificación SEC QR: 508938 | Dimensiones: 120 x 200 x 250 mm | Enchufable 220V directo. No requiere obras ni ductos.,https://www.solotodo.cl/products/245048
399244,Estufas,Loven,FH211B,Loven FH211B,Termoventilador Eléctrico,Electricidad,2.00 kWh/hora (2000 W),"1,0 (100%)",-,2000 W,14 m2,8990,Ripley,https://simple.ripley.cl/termoventilador-loven-fh211b-2000409132492p,8091,8990,Ripley,1,"Ripley: $8,990",$ 0 (Enchufable 220V),$ 0 (Sin mantención periódica),Certificación SEC QR: 596584 | Peso: 0.9 kg | Dimensiones: 195 x 220 x 135 mm | Enchufable 220V directo. No requiere obras ni ductos.,https://www.solotodo.cl/products/399244
273136,Estufas,Kioto,CC2502,Kioto CC2502,Calefactor Eléctrico a Cuarzo,Electricidad,0.80 kWh/hora (800 W),"1,0 (100%)",-,800 W,No especificado,8500,ABC,https://www.abc.cl/calefactor-kioto-cc2502/28110014.html,8500,8500,ABC,1,"ABC: $8,500",$ 0 (Enchufable 220V),$ 0 (Sin mantención periódica),Certificación SEC QR: 537336 | Peso: 0.8 kg | Dimensiones: 270 x 303 x 145 mm | Enchufable 220V directo. No requiere obras ni ductos.,https://www.solotodo.cl/products/273136
392710,Estufas,Kioto,GR25-TVIP21,Kioto GR25-TVIP21,Termoventilador Eléctrico,Electricidad,2.00 kWh/hora (2000 W),"1,0 (100%)",-,2000 W,20 m2,7990,ABC,https://www.abc.cl/calefactor-kioto-gr25-tvip21-blanco/28970463.html,7990,7990,ABC,1,"ABC: $7,990",$ 0 (Enchufable 220V),$ 0 (Sin mantención periódica),Certificación SEC QR: 583800 | Peso: 1.0 kg | Dimensiones: 200 x 260 x 140 mm | Enchufable 220V directo. No requiere obras ni ductos.,https://www.solotodo.cl/products/392710
38364,Estufas,Nex,SMD160G,Nex SMD160G,Termoventilador Eléctrico,Electricidad,2.00 kWh/hora (2000 W),"1,0 (100%)",-,2000 W,12 m2,7990,Paris,https://www.paris.cl/termoventilador-smd160g-257496999.html,7990,7990,Paris,1,"Paris: $7,990",$ 0 (Enchufable 220V),$ 0 (Sin mantención periódica),Certificación SEC QR: 222629 | Peso: 9.0 kg | Dimensiones: 125 x 250 x 255 mm | Enchufable 220V directo. No requiere obras ni ductos.,https://www.solotodo.cl/products/38364
43820,Estufas,Nex,SMD160B,Nex SMD160B,Termoventilador Eléctrico,Electricidad,1.90 kWh/hora (1900 W),"1,0 (100%)",-,1900 W / 6487 BTU/h,12 m2,6990,Paris,https://www.paris.cl/termoventilador-smd160b-257495999.html,6990,5990,Easy,2,"Paris: $6,990 | Easy: $5,990",$ 0 (Enchufable 220V),$ 0 (Sin mantención periódica),Certificación SEC QR: 222629 | Dimensiones: N/A mm | Enchufable 220V directo. No requiere obras ni ductos.,https://www.solotodo.cl/products/43820
44777,Estufas,Nex,SMD4400,Nex SMD4400,Termoventilador Eléctrico,Electricidad,2.00 kWh/hora (2000 W),"1,0 (100%)",-,2000 W / 1720 Kcal/h / 6824 BTU/h,No especificado,6990,Easy,https://www.easy.cl/termoventilador-2000w-smd4400w-nex-1267609/p,6990,6990,Easy,1,"Easy: $6,990",$ 0 (Enchufable 220V),$ 0 (Sin mantención periódica),Certificación SEC QR: 223276 | Peso: 1.1 kg | Dimensiones: 200 x 230 x 145 mm | Enchufable 220V directo. No requiere obras ni ductos.,https://www.solotodo.cl/products/44777
386244,Estufas,Kioto,GR25-EC800,Kioto GR25-EC800,Calefactor Eléctrico a Cuarzo,Electricidad,0.90 kWh/hora (900 W),"1,0 (100%)",-,900 W,8 m2,6990,ABC,https://www.abc.cl/estufa-electrica-kioto-gr25-ec800-blanco/28967020.html,6990,6990,ABC,1,"ABC: $6,990",$ 0 (Enchufable 220V),$ 0 (Sin mantención periódica),Peso: 1.0 kg | Dimensiones: 250 x 340 x 140 mm | Enchufable 220V directo. No requiere obras ni ductos.,https://www.solotodo.cl/products/386244
136229,Estufas,Nex,QZ800,Nex QZ800,Estufa Eléctrica Halógena,Electricidad,0.80 kWh/hora (800 W),"1,0 (100%)",-,800 W,No especificado,5990,Easy,https://www.easy.cl/estufa-de-cuarzo-700w-qz800-nex-1320110/p,5990,5990,Easy,1,"Easy: $5,990",$ 0 (Enchufable 220V),$ 0 (Sin mantención periódica),Certificación SEC QR: 424437 | Peso: 0.8 kg | Dimensiones: 145 x 360 x 290 mm | Enchufable 220V directo. No requiere obras ni ductos.,https://www.solotodo.cl/products/136229
